Card Set,Number,Player,Team,Seq.
Concourse,1,Stephen Curry,Golden State Warriors,
Concourse,2,Dwyane Wade,Miami Heat,
Concourse,3,Victor Oladipo,Orlando Magic,
Concourse,4,Larry Sanders,Milwaukee Bucks,
Concourse,5,Marcin Gortat,Washington Wizards,
Concourse,6,LaMarcus Aldridge,Portland Trail Blazers,
Concourse,7,Serge Ibaka,Oklahoma City Thunder,
Concourse,8,Roy Hibbert,Indiana Pacers,
Concourse,9,Klay Thompson,Golden State Warriors,
Concourse,10,Chris Bosh,Miami Heat,
Concourse,11,Nikola Vucevic,Orlando Magic,
Concourse,12,Ersan Ilyasova,Milwaukee Bucks,
Concourse,13,Tim Duncan,San Antonio Spurs,
Concourse,14,Damian Lillard,Portland Trail Blazers,
Concourse,15,Anthony Davis,New Orleans Pelicans,
Concourse,16,Deron Williams,Brooklyn Nets,
Concourse,17,Andre Iguodala,Golden State Warriors,
Concourse,18,Luol Deng,Miami Heat,
Concourse,19,Goran Dragic,Phoenix Suns,
Concourse,20,Kobe Bryant,Los Angeles Lakers,
Concourse,21,Tony Parker,San Antonio Spurs,
Concourse,22,Al Jefferson,Charlotte Hornets,
Concourse,23,Jrue Holiday,New Orleans Pelicans,
Concourse,24,Kevin Garnett,Brooklyn Nets,
Concourse,25,Derrick Rose,Chicago Bulls,
Concourse,26,James Harden,Houston Rockets,
Concourse,27,Miles Plumlee,Phoenix Suns,
Concourse,28,Nick Young,Los Angeles Lakers,
Concourse,29,Patty Mills,San Antonio Spurs,
Concourse,30,Michael Kidd-Gilchrist,Charlotte Hornets,
Concourse,31,Tyreke Evans,New Orleans Pelicans,
Concourse,32,Ricky Rubio,Minnesota Timberwolves,
Concourse,33,Joakim Noah,Chicago Bulls,
Concourse,34,Dwight Howard,Houston Rockets,
Concourse,35,Isaiah Thomas,Phoenix Suns,
Concourse,36,Jeremy Lin,Los Angeles Lakers,
Concourse,37,Rudy Gay,Sacramento Kings,
Concourse,38,Chris Paul,Los Angeles Clippers,
Concourse,39,Brandon Jennings,Detroit Pistons,
Concourse,40,Al Horford,Atlanta Hawks,
Concourse,41,Pau Gasol,Chicago Bulls,
Concourse,42,Terrence Jones,Houston Rockets,
Concourse,43,Markieff Morris,Phoenix Suns,
Concourse,44,DeMar DeRozan,Toronto Raptors,
Concourse,45,Ben McLemore,Sacramento Kings,
Concourse,46,Blake Griffin,Los Angeles Clippers,
Concourse,47,Andre Drummond,Detroit Pistons,
Concourse,48,Michael Carter-Williams,Philadelphia 76ers,
Concourse,49,Jimmy Butler,Chicago Bulls,
Concourse,50,Trevor Ariza,Houston Rockets,
Concourse,51,Gordon Hayward,Utah Jazz,
Concourse,52,Kyle Lowry,Toronto Raptors,
Concourse,53,Darren Collison,Sacramento Kings,
Concourse,54,Ty Lawson,Denver Nuggets,
Concourse,55,Josh Smith,Houston Rockets,
Concourse,56,Nerlens Noel,Philadelphia 76ers,
Concourse,57,LeBron James,Cleveland Cavaliers,
Concourse,58,Dirk Nowitzki,Dallas Mavericks,
Concourse,59,Trey Burke,Utah Jazz,
Concourse,60,Terrence Ross,Toronto Raptors,
Concourse,61,Vince Carter,Memphis Grizzlies,
Concourse,62,Kenneth Faried,Denver Nuggets,
Concourse,63,Carmelo Anthony,New York Knicks,
Concourse,64,Rajon Rondo,Dallas Mavericks,
Concourse,65,Kyrie Irving,Cleveland Cavaliers,
Concourse,66,Chandler Parsons,Dallas Mavericks,
Concourse,67,Derrick Favors,Utah Jazz,
Concourse,68,Bradley Beal,Washington Wizards,
Concourse,69,Zach Randolph,Memphis Grizzlies,
Concourse,70,Kevin Durant,Oklahoma City Thunder,
Concourse,71,Jose Calderon,New York Knicks,
Concourse,72,Jeff Teague,Atlanta Hawks,
Concourse,73,Kevin Love,Cleveland Cavaliers,
Concourse,74,Monta Ellis,Dallas Mavericks,
Concourse,75,Giannis Antetokounmpo,Milwaukee Bucks,
Concourse,76,John Wall,Washington Wizards,
Concourse,77,Mike Conley,Memphis Grizzlies,
Concourse,78,Russell Westbrook,Oklahoma City Thunder,
Concourse,79,Paul George,Indiana Pacers,
Concourse,80,Wesley Matthews,Portland Trail Blazers,
Concourse,81,Bruno Caboclo,Toronto Raptors,
Concourse,82,P.J. Hairston,Charlotte Hornets,
Concourse,83,Marcus Smart,Boston Celtics,
Concourse,84,Zach LaVine,Minnesota Timberwolves,
Concourse,85,Nik Stauskas,Sacramento Kings,
Concourse,86,Elfrid Payton,Orlando Magic,
Concourse,87,Dante Exum,Utah Jazz,
Concourse,88,James Young,Boston Celtics,
Concourse,89,Julius Randle,Los Angeles Lakers,
Concourse,90,Joel Embiid,Philadelphia 76ers,
Concourse,91,Aaron Gordon,Orlando Magic,
Concourse,92,Adreian Payne,Atlanta Hawks,
Concourse,93,Gary Harris,Denver Nuggets,
Concourse,94,Doug McDermott,Chicago Bulls,
Concourse,95,Shabazz Napier,Miami Heat,
Concourse,96,Cleanthony Early,New York Knicks,
Concourse,97,T.J. Warren,Phoenix Suns,
Concourse,98,Mitch McGary,Oklahoma City Thunder,
Concourse,99,Jabari Parker,Milwaukee Bucks,
Concourse,100,Andrew Wiggins,Minnesota Timberwolves,
Premier Level,101,Kobe Bryant,Los Angeles Lakers,
Premier Level,102,Russell Westbrook,Oklahoma City Thunder,
Premier Level,103,Mirza Teletovic,Brooklyn Nets,
Premier Level,104,Reggie Jackson,Oklahoma City Thunder,
Premier Level,105,Danilo Gallinari,Denver Nuggets,
Premier Level,106,Hollis Thompson,Philadelphia 76ers,
Premier Level,107,Derrick Rose,Chicago Bulls,
Premier Level,108,Kevin Durant,Oklahoma City Thunder,
Premier Level,109,Paul Pierce,Washington Wizards,
Premier Level,110,Tim Hardaway Jr.,New York Knicks,
Premier Level,111,Tony Snell,Chicago Bulls,
Premier Level,112,Tayshaun Prince,Boston Celtics,
Premier Level,113,Stephen Curry,Golden State Warriors,
Premier Level,114,Carmelo Anthony,New York Knicks,
Premier Level,115,DeMarcus Cousins,Sacramento Kings,
Premier Level,116,Eric Gordon,New Orleans Pelicans,
Premier Level,117,Paul Millsap,Atlanta Hawks,
Premier Level,118,Shareef Abdur-Rahim,Vancouver Grizzlies,
Premier Level,119,LeBron James,Cleveland Cavaliers,
Premier Level,120,Andrew Wiggins,Minnesota Timberwolves,
Premier Level,121,Avery Bradley,Boston Celtics,
Premier Level,122,J.J. Redick,Los Angeles Clippers,
Premier Level,123,Kyle Korver,Atlanta Hawks,
Premier Level,124,Danny Granger,Miami Heat,
Premier Level,125,Kyrie Irving,Cleveland Cavaliers,
Premier Level,126,Marcus Smart,Boston Celtics,
Premier Level,127,Robin Lopez,Portland Trail Blazers,
Premier Level,128,Kelly Olynyk,Boston Celtics,
Premier Level,129,Otto Porter,Washington Wizards,
Premier Level,130,David West,Indiana Pacers,
Premier Level,131,James Harden,Houston Rockets,
Premier Level,132,Dante Exum,Utah Jazz,
Premier Level,133,Amar'e Stoudemire,New York Knicks,
Premier Level,134,Tony Wroten,Philadelphia 76ers,
Premier Level,135,Jonas Valanciunas,Toronto Raptors,
Premier Level,136,Chris Copeland,Indiana Pacers,
Premier Level,137,Tony Parker,San Antonio Spurs,
Premier Level,138,James Young,Boston Celtics,
Premier Level,139,Andrea Bargnani,New York Knicks,
Premier Level,140,Jodie Meeks,Detroit Pistons,
Premier Level,141,Jae Crowder,Boston Celtics,
Premier Level,142,Mason Plumlee,Brooklyn Nets,
Premier Level,143,Damian Lillard,Portland Trail Blazers,
Premier Level,144,Jabari Parker,Milwaukee Bucks,
Premier Level,145,Marco Belinelli,San Antonio Spurs,
Premier Level,146,Tobias Harris,Orlando Magic,
Premier Level,147,Shawn Marion,Cleveland Cavaliers,
Premier Level,148,Jarrett Jack,Brooklyn Nets,
Premier Level,149,Chris Paul,Los Angeles Clippers,
Premier Level,150,Julius Randle,Los Angeles Lakers,
Premier Level,151,Gerald Green,Phoenix Suns,
Premier Level,152,Norris Cole,Miami Heat,
Premier Level,153,C.J. McCollum,Portland Trail Blazers,
Premier Level,154,Tyson Chandler,Dallas Mavericks,
Premier Level,155,Blake Griffin,Los Angeles Clippers,
Premier Level,156,Zach LaVine,Minnesota Timberwolves,
Premier Level,157,Tiago Splitter,San Antonio Spurs,
Premier Level,158,JaVale McGee,Denver Nuggets,
Premier Level,159,Draymond Green,Golden State Warriors,
Premier Level,160,Gerald Henderson,Charlotte Hornets,
Premier Level,161,Wes Unseld,Washington Bullets,
Premier Level,162,Chris Webber,Sacramento Kings,
Premier Level,163,Nate Thurmond,Cleveland Cavaliers,
Premier Level,164,Larry Johnson,Charlotte Hornets,
Premier Level,165,Allen Iverson,Denver Nuggets,
Premier Level,166,Julius Erving,Philadelphia 76ers,
Premier Level,167,Baron Davis,Golden State Warriors,
Premier Level,168,Magic Johnson,Los Angeles Lakers,
Premier Level,169,Karl Malone,Utah Jazz,
Premier Level,170,Hakeem Olajuwon,Houston Rockets,
Premier Level,171,Sam Perkins,Dallas Mavericks,
Premier Level,172,Bill Bradley,New York Knicks,
Premier Level,173,Tim Hardaway,Miami Heat,
Premier Level,174,Shaquille O'Neal,Orlando Magic,
Premier Level,175,Pete Maravich,Atlanta Hawks,
Premier Level,176,Alonzo Mourning,Charlotte Hornets,
Premier Level,177,Scottie Pippen,Chicago Bulls,
Premier Level,178,Isiah Thomas,Detroit Pistons,
Premier Level,179,Bob Lanier,Milwaukee Bucks,
Premier Level,180,Jalen Rose,Indiana Pacers,
Premier Level,181,Jerome Williams,Toronto Raptors,
Premier Level,182,Doug Collins,Philadelphia 76ers,
Premier Level,183,George Gervin,San Antonio Spurs,
Premier Level,184,Wilt Chamberlain,Los Angeles Lakers,
Premier Level,185,Bojan Bogdanovic,Brooklyn Nets,
Premier Level,186,Jusuf Nurkic,Denver Nuggets,
Premier Level,187,Clint Capela,Houston Rockets,
Premier Level,188,Markel Brown,Brooklyn Nets,
Premier Level,189,Johnny O'Bryant,Milwaukee Bucks,
Premier Level,190,Damien Inglis,Milwaukee Bucks,
Premier Level,191,Lucas Nogueira,Toronto Raptors,
Premier Level,192,Rodney Hood,Utah Jazz,
Premier Level,193,Noah Vonleh,Charlotte Hornets,
Premier Level,194,Cameron Bairstow,Chicago Bulls,
Premier Level,195,Russ Smith,Memphis Grizzlies,
Premier Level,196,Jarnell Stokes,Memphis Grizzlies,
Premier Level,197,Spencer Dinwiddie,Detroit Pistons,
Premier Level,198,Tyler Ennis,Phoenix Suns,
Premier Level,199,Kyle Anderson,San Antonio Spurs,
Premier Level,200,Glenn Robinson III,Minnesota Timberwolves,
Courtside,201,Larry Bird,USA Basketball,
Courtside,202,David Robinson,USA Basketball,
Courtside,203,Clyde Drexler,USA Basketball,
Courtside,204,John Stockton,USA Basketball,
Courtside,205,Chris Mullin,USA Basketball,
Courtside,206,Scottie Pippen,USA Basketball,
Courtside,207,Magic Johnson,USA Basketball,
Courtside,208,Christian Laettner,USA Basketball,
Courtside,209,Kobe Bryant,USA Basketball,
Courtside,210,Derrick Rose,USA Basketball,
Courtside,211,Stephen Curry,USA Basketball,
Courtside,212,LeBron James,USA Basketball,
Courtside,213,Kyrie Irving,USA Basketball,
Courtside,214,James Harden,USA Basketball,
Courtside,215,Kevin Durant,USA Basketball,
Courtside,216,Klay Thompson,USA Basketball,
Courtside,217,Anthony Davis,USA Basketball,
Courtside,218,Rudy Gay,USA Basketball,
Courtside,219,Kenneth Faried,USA Basketball,
Courtside,220,Mason Plumlee,USA Basketball,
Courtside,221,Tyson Chandler,USA Basketball,
Courtside,222,Chris Paul,USA Basketball,
Courtside,223,Kevin Love,USA Basketball,
Courtside,224,Carmelo Anthony,USA Basketball,
Courtside,225,Russell Westbrook,USA Basketball,
Courtside,226,Karl Malone,USA Basketball,
Courtside,227,Anfernee Hardaway,USA Basketball,
Courtside,228,Grant Hill,USA Basketball,
Courtside,229,Gary Payton,USA Basketball,
Courtside,230,Jason Kidd,USA Basketball,
Courtside,231,Shaquille O'Neal,USA Basketball,
Courtside,232,Dwight Howard,USA Basketball,
Courtside,233,Chris Bosh,USA Basketball,
Courtside,234,Deron Williams,USA Basketball,
Courtside,235,Ray Allen,USA Basketball,
Courtside,236,Andre Drummond,USA Basketball,
Courtside,237,Allen Iverson,USA Basketball,
Courtside,238,Vince Carter,USA Basketball,
Courtside,239,Tim Hardaway,USA Basketball,
Courtside,240,Hakeem Olajuwon,USA Basketball,
Courtside,241,Shawn Kemp,Seattle Supersonics,
Courtside,242,Dikembe Mutombo,Denver Nuggets,
Courtside,243,Manute Bol,Philadelphia 76ers,
Courtside,244,Nate Archibald,Kansas City Kings,
Courtside,245,Dennis Rodman,Detroit Pistons,
Courtside,246,Kareem Abdul-Jabbar,Los Angeles Lakers,
Courtside,247,Mark Jackson,Indiana Pacers,
Courtside,248,Bill Russell,Boston Celtics,
Courtside,249,Oscar Robertson,Milwaukee Bucks,
Courtside,250,Bob Cousy,Boston Celtics,
Courtside,251,Moses Malone,Philadelphia 76ers,
Courtside,252,Latrell Sprewell,Minnesota Timberwolves,
Courtside,253,Dave DeBusschere,New York Knicks,
Courtside,254,Jerry West,Los Angeles Lakers,
Courtside,255,Vlade Divac,Sacramento Kings,
Courtside,256,Dion Waiters,Oklahoma City Thunder,
Courtside,257,Greg Monroe,Detroit Pistons,
Courtside,258,Bradley Beal,Washington Wizards,
Courtside,259,Chris Andersen,Miami Heat,
Courtside,260,Steven Adams,Oklahoma City Thunder,
Courtside,261,J.R. Smith,Cleveland Cavaliers,
Courtside,262,Kevin Martin,Minnesota Timberwolves,
Courtside,263,John Henson,Milwaukee Bucks,
Courtside,264,Marc Gasol,Memphis Grizzlies,
Courtside,265,Manu Ginobili,San Antonio Spurs,
Courtside,266,Steve Nash,Los Angeles Lakers,
Courtside,267,Kemba Walker,Charlotte Hornets,
Courtside,268,Jamal Crawford,Los Angeles Clippers,
Courtside,269,Brook Lopez,Brooklyn Nets,
Courtside,270,Tony Parker,San Antonio Spurs,
Courtside,271,Damian Lillard,Portland Trail Blazers,
Courtside,272,John Wall,Washington Wizards,
Courtside,273,DeMarcus Cousins,Sacramento Kings,
Courtside,274,Lance Stephenson,Charlotte Hornets,
Courtside,275,Dennis Schroder,Atlanta Hawks,
Courtside,276,Taj Gibson,Chicago Bulls,
Courtside,277,Joe Johnson,Brooklyn Nets,
Courtside,278,Nicolas Batum,Portland Trail Blazers,
Courtside,279,Eric Bledsoe,Phoenix Suns,
Courtside,280,Omer Asik,New Orleans Pelicans,
Courtside,281,Cory Jefferson,Brooklyn Nets,
Courtside,282,Zach LaVine,Minnesota Timberwolves,
Courtside,283,Adreian Payne,Atlanta Hawks,
Courtside,284,T.J. Warren,Phoenix Suns,
Courtside,285,Gary Harris,Denver Nuggets,
Courtside,286,Rodney Hood,Utah Jazz,
Courtside,287,Nik Stauskas,Sacramento Kings,
Courtside,288,Bruno Caboclo,Toronto Raptors,
Courtside,289,Elfrid Payton,Orlando Magic,
Courtside,290,Jordan Adams,Memphis Grizzlies,
Courtside,291,James Ennis,Miami Heat,
Courtside,292,Aaron Gordon,Orlando Magic,
Courtside,293,Jabari Parker,Milwaukee Bucks,
Courtside,294,Andrew Wiggins,Minnesota Timberwolves,
Courtside,295,Doug McDermott,Chicago Bulls,
Courtside,296,Julius Randle,Los Angeles Lakers,
Courtside,297,Dante Exum,Utah Jazz,
Courtside,298,Marcus Smart,Boston Celtics,
Courtside,299,C.J. Wilcox,Los Angeles Clippers,
Courtside,300,Damjan Rudez,Indiana Pacers,