2016 Topps Baseball Series 1,,
"BASE (Cards are in no particular order, and numbers will be added once the winner of Card No. 1 is announced)",,
Jerad Eickhoff,Philadelphia Phillies,Rookie
Richie Shaffer,Tampa Bay Rays,Rookie
Sonny Gray,Oakland Athletics,
Kyle Seager,Seattle Mariners,
Jimmy Paredes,Baltimore Orioles,
Michael Brantley,Cleveland Indians,
Eric Hosmer,Kansas City Royals,
Nelson Cruz,Seattle Mariners,
Andre Ethier,Los Angeles Dodgers,
Nolan Arenado,Colorado Rockies,
Craig Kimbrel,San Diego Padres,
Chris Davis,Baltimore Orioles,
Ryan Howard,Philadelphia Phillies,
Rougned Odor,Texas Rangers,
Billy Butler,Oakland Athletics,
Francisco Rodriguez,Milwaukee Brewers,
Delino DeShields Jr.,Texas Rangers,
Andrew McCutchen,Pittsburgh Pirates,
Mike Moustakas,Kansas City Royals,
John Hicks,Seattle Mariners,Rookie
Jeff Francoeur,Philadelphia Phillies,
Hollywood Production,Los Angeles Dodgers,
Brad Ziegler,Arizona Diamondbacks,
Chris Davis,Baltimore Orioles,League Leaders
Mike Trout,Los Angeles Angels,League Leaders
Nelson Cruz,Seattle Mariners,League Leaders
Bryce Harper,Washington Nationals,
Alec Asher,Philadelphia Phillies,Rookie
Brian McCann,New York Yankees,
Jose Altuve,Houston Astros,League Leaders
Miguel Cabrera,Detroit Tigers,League Leaders
Xander Bogaerts,Boston Red Sox,League Leaders
Yan Gomes,Cleveland Indians,
Travis d'Arnaud,New York Mets,
Zack Greinke,Los Angeles Dodgers,
Edinson Volquez,Kansas City Royals,
Omar Infante,Kansas City Royals,
Luke Hochevar,Kansas City Royals,
Miguel Montero,Chicago Cubs,
C.J. Cron,Los Angeles Angels,
Salvador Perez,Kansas City Royals,
Jed Lowrie,Houston Astros,
Mark Trumbo,Seattle Mariners,
Jedd Gyorko,San Diego Padres,
Josh Harrison,Pittsburgh Pirates,
A.J. Ramos,Miami Marlins,
Noah Syndergaard,New York Mets,
David Freese,Los Angeles Angels,
Ryan Zimmerman,Washington Nationals,
Jhonny Peralta,St. Louis Cardinals,
Gio Gonzalez,Washington Nationals,
J.J. Hoover,Cincinnati Reds,
Ike Davis,Oakland Athletics,
Dustin Garneau,Colorado Rockies,Rookie
Julio Teheran,Atlanta Braves,
George Springer,Houston Astros,

Jung Ho Kang,Pittsburgh Pirates,
Jesus Montero,Seattle Mariners,
Salvador Perez,Kansas City Royals,
Adam Lind,Milwaukee Brewers,
Zack Greinke,Los Angeles Dodgers,League Leaders
Clayton Kershaw,Los Angeles Dodgers,League Leaders
Jake Arrieta,Chicago Cubs,League Leaders
John Lamb,Cincinnati Reds,Rookie
Shelby Miller,Atlanta Braves,
Johnny Cueto,Kansas City Royals,
Trayce Thompson,Chicago White Sox,Rookie
Zach Britton,Baltimore Orioles,
Corey Kluber,Cleveland Indians,
Pittsburgh Pirates,Pittsburgh Pirates,
Kyle Schwarber,Chicago Cubs,Rookie
Matt Harvey,New York Mets,
Odubel Herrera,Philadelphia Phillies,
Anibal Sanchez,Detroit Tigers,
Kendrys Morales,Kansas City Royals,
John Danks,Chicago White Sox,
Chris Young,New York Yankees,
Ketel Marte,Seattle Mariners,Rookie
Troy Tulowitzki,Toronto Blue Jays,
Rusney Castillo,Boston Red Sox,
Glen Perkins,Minnesota Twins,
Clay Buchholz,Boston Red Sox,
Miguel Sano,Minnesota Twins,Rookie
Seattle Mariners,Seattle Mariners,
Carson Smith,Seattle Mariners,
Alexei Ramirez,Chicago White Sox,
Michael Bourn,Atlanta Braves,
Starling Marte,Pittsburgh Pirates,
Mookie Betts,Boston Red Sox,
Corey Seager,Los Angeles Dodgers,Rookie
Wilmer Flores,New York Mets,
Jorge De La Rosa,Colorado Rockies,
Ubaldo Jimenez,Baltimore Orioles,
Edwin Encarnacion,Toronto Blue Jays,
Koji Uehara,Boston Red Sox,
Yasmani Grandal,Los Angeles Dodgers,
Darren O'Day,Baltimore Orioles,
Charlie Blackmon,Colorado Rockies,
Motor City Mashers,Detroit Tigers,
Kole Calhoun,Los Angeles Angels,
Jose Bautista,Toronto Blue Jays,
Ender Inciarte,Arizona Diamondbacks,
Garrett Richards,Los Angeles Angels,
Taijuan Walker,Seattle Mariners,
Justin Turner,Los Angeles Dodgers,
Doug Fister,Washington Nationals,
Trea Turner,Washington Nationals,Rookie
Jeremy Hellickson,Arizona Diamondbacks,
Marcus Semien,Oakland Athletics,
Jordan Walden,St. Louis Cardinals,
Kevin Siegrist,St. Louis Cardinals,
Ben Paulsen,Colorado Rockies,
Henry Owens,Boston Red Sox,Rookie
J.D. Martinez,Detroit Tigers,
Coco Crisp,Oakland Athletics,
Matt Kemp,San Diego Padres,

Aaron Sanchez,Toronto Blue Jays,
Brett Lawrie,Oakland Athletics,
Aaron Harang,Philadelphia Phillies,
Brett Gardner,New York Yankees,
Liam Hendriks,Toronto Blue Jays,
Jose Fernandez,Miami Marlins,
Sean Doolittle,Oakland Athletics,
Alcides Escobar,Kansas City Royals,
Roberto Osuna,Toronto Blue Jays,
Melky Cabrera,Chicago White Sox,
J.P. Howell,Los Angeles Dodgers,
Melvin Upton Jr.,San Diego Padres,
Jake Arrieta,Chicago Cubs,League Leaders
Clayton Kershaw,Los Angeles Dodgers,League Leaders
Zack Greinke,Los Angeles Dodgers,League Leaders
Papi and the Prince,Boston Red Sox,
Zach Lee,Los Angeles Dodgers,Rookie
Eddie Rosario,Minnesota Twins,
Kendall Graveman,Oakland Athletics,
A.J. Pollock,Arizona Diamondbacks,
Adam LaRoche,Chicago White Sox,
Joe Ross,Washington Nationals,
Aaron Nola,Philadelphia Phillies,Rookie
Buster Posey,San Francisco Giants,
Yadier Molina,St. Louis Cardinals,
Colby Rasmus,Houston Astros,
Michael Cuddyer,New York Mets,
Joe Panik,San Francisco Giants,
Francisco Liriano,Pittsburgh Pirates,
Yasiel Puig,Los Angeles Dodgers,
Carlos Carrasco,Cleveland Indians,
Colin Rea,San Diego Padres,Rookie
CC Sabathia,New York Yankees,
Oliver Perez,Houston Astros,
Mike Trout,Los Angeles Angels,
Jose Iglesias,Detroit Tigers,
Jon Niese,New York Mets,
Stephen Piscotty,St. Louis Cardinals,Rookie
Dee Gordon,Miami Marlins,
Yangervis Solarte,San Diego Padres,
Chad Bettis,Colorado Rockies,
Jon Lester,Chicago Cubs,
Kyle Lohse,Milwaukee Brewers,
Jason Hammel,Chicago Cubs,
Hunter Pence,San Francisco Giants,
New York Yankees,New York Yankees,
Cameron Maybin,Atlanta Braves,
Darnell Sweeney,Philadelphia Phillies,Rookie
Henry Urrutia,Baltimore Orioles,
Erick Aybar,Los Angeles Angels,
Chris Sale,Chicago White Sox,
Phil Hughes,Minnesota Twins,
Jose Bautista,Toronto Blue Jays,League Leaders
Josh Donaldson,Toronto Blue Jays,League Leaders
Chris Davis,Baltimore Orioles,League Leaders
Joaquin Benoit,San Diego Padres,
Andrew Heaney,Los Angeles Angels,
Adam Eaton,Chicago White Sox,
Paul Goldschmidt,Arizona Diamondbacks,League Leaders
Anthony Rizzo,Chicago Cubs,League Leaders

Nolan Arenado,Colorado Rockies,League Leaders
Jacoby Ellsbury,New York Yankees,
Nathan Eovaldi,New York Yankees,
Charlie Morton,Pittsburgh Pirates,
New Order,Houston Astros,
Matt Cain,San Francisco Giants,
Carter Capps,Miami Marlins,
Jose Abreu,Chicago White Sox,
Jered Weaver,Los Angeles Angels,
Manny Machado,Baltimore Orioles,
Brandon Phillips,Cincinnati Reds,
Gregor Blanco,San Francisco Giants,
Rob Refsnyder,New York Yankees,Rookie
Jose Peraza,Los Angeles Dodgers,Rookie
Kevin Gausman,Baltimore Orioles,
Minnesota Twins,Minnesota Twins,
Kevin Pillar,Toronto Blue Jays,
Andrelton Simmons,Atlanta Braves,
Travis Jankowski,San Diego Padres,Rookie
Dallas Keuchel,Houston Astros,League Leaders
Sonny Gray,Oakland Athletics,League Leaders
David Price,Toronto Blue Jays,League Leaders
Yasmany Tomas,Arizona Diamondbacks,
Dallas Keuchel,Houston Astros,League Leaders
Collin McHugh,Houston Astros,League Leaders
David Price,Toronto Blue Jays,League Leaders
Greg Bird,New York Yankees,Rookie
Jake McGee,Tampa Bay Rays,
Jeurys Familia,New York Mets,
Brian Johnson,Boston Red Sox,Rookie
John Jaso,Tampa Bay Rays,
Trevor Bauer,Cleveland Indians,
Chase Headley,New York Yankees,
Jason Kipnis,Cleveland Indians,
Hunter Strickland,San Francisco Giants,
Neil Walker,Pittsburgh Pirates,
Oakland Athletics,Oakland Athletics,
Jay Bruce,Cincinnati Reds,
Adam Jones,Baltimore Orioles,
Colorado Rockies,Colorado Rockies,
Aaron Hill,Arizona Diamondbacks,
Mark Teixeira,New York Yankees,
Taylor Jungmann,Milwaukee Brewers,
Alex Gordon,Kansas City Royals,
Maikel Franco,Philadelphia Phillies,
Josh Donaldson,Toronto Blue Jays,
Kurt Suzuki,Minnesota Twins,
Max Scherzer,Washington Nationals,
Mike Zunino,Seattle Mariners,
Nick Ahmed,Arizona Diamondbacks,
Starlin Castro,Chicago Cubs,
Matt Shoemaker,Los Angeles Angels,
Chris Colabello,Toronto Blue Jays,
Adrian Gonzalez,Los Angeles Dodgers,
Logan Forsythe,Tampa Bay Rays,
Lance Lynn,St. Louis Cardinals,
Andrew Miller,New York Yankees,
Hector Olivera,Atlanta Braves,Rookie
Zack Greinke,Los Angeles Dodgers,
Gerrit Cole,Pittsburgh Pirates,

Jake Arrieta,Chicago Cubs,
Ryan LaMarre,Cincinnati Reds,Rookie
Homer Bailey,Cincinnati Reds,
Christian Yelich,Miami Marlins,
Billy Burns,Oakland Athletics,
Scooter Gennett,Milwaukee Brewers,
Brian Ellington,Miami Marlins,Rookie
David Murphy,Los Angeles Angels,
Matt Garza,Milwaukee Brewers,
Jesse Hahn,Oakland Athletics,
Ryan Vogelsong,San Francisco Giants,
Chris Coghlan,Chicago Cubs,
Michael Conforto,New York Mets,Rookie
J.J. Hardy,Baltimore Orioles,
David Robertson,Chicago White Sox,
Blaine Boyer,Minnesota Twins,
Juan Lagares,New York Mets,
Carlos Ruiz,Philadelphia Phillies,
Baltimore Orioles,Baltimore Orioles,
Huston Street,Los Angeles Angels,
Nick Markakis,Atlanta Braves,
Freddie Freeman,Atlanta Braves,
Matt Wisler,Atlanta Braves,
Luke Gregerson,Houston Astros,
Matt Carpenter,St. Louis Cardinals,
Tommy Kahnle,Colorado Rockies,
Dustin Pedroia,Boston Red Sox,
Yunel Escobar,Washington Nationals,
Atlanta Braves,Atlanta Braves,
Carlos Gomez,Houston Astros,
Silvino Bracho,Arizona Diamondbacks,Rookie
Jorge Soler,Chicago Cubs,
Nick Castellanos,Detroit Tigers,
Matt Holliday,St. Louis Cardinals,
Justin Verlander,Detroit Tigers,
C.J. Wilson,Los Angeles Angels,
Jake Marisnick,Houston Astros,
Devon Travis,Toronto Blue Jays,
Paul Goldschmidt,Arizona Diamondbacks,
Ryan Hanigan,Boston Red Sox,
Miguel Cabrera,Detroit Tigers,
Russell Martin,Toronto Blue Jays,
Ervin Santana,Minnesota Twins,
Joc Pederson,Los Angeles Dodgers,
Jake Arrieta,Chicago Cubs,
Luis Severino,New York Yankees,Rookie
Jonathan Papelbon,Washington Nationals,
Chris Heston,San Francisco Giants,
Robinson Cano,Seattle Mariners,
Giancarlo Stanton,Miami Marlins,
Pat Neshek,Houston Astros,
Kevin Kiermaier,Tampa Bay Rays,
Denard Span,Washington Nationals,
New York Mets,New York Mets,
Ryan Goins,Toronto Blue Jays,
Ian Kinsler,Detroit Tigers,
Francisco Cervelli,Pittsburgh Pirates,
Elvis Andrus,Texas Rangers,
Evan Gattis,Houston Astros,
Alex Guerrero,Los Angeles Dodgers,

Brock Holt,Boston Red Sox,
Alex Dickerson,San Diego Padres,Rookie
Scott Feldman,Houston Astros,
Felix Hernandez,Seattle Mariners,
Jon Gray,Colorado Rockies,Rookie
Pablo Sandoval,Boston Red Sox,
Joe Mauer,Minnesota Twins,
Alcides Escobar,Kansas City Royals,
Jake Lamb,Arizona Diamondbacks,
Nick Hundley,Colorado Rockies,
Zack Godley,Arizona Diamondbacks,Rookie
Asdrubal Cabrera,Tampa Bay Rays,
Todd Frazier,Cincinnati Reds,
Hyun-Jin Ryu,Los Angeles Dodgers,
Chicago White Sox,Chicago White Sox,
Jonathan Schoop,Baltimore Orioles,
Yordano Ventura,Kansas City Royals,
Detroit Tigers,Detroit Tigers,
Ryan Braun,Milwaukee Brewers,
Angel Pagan,San Francisco Giants,
Wade Miley,Boston Red Sox,
Houston Astros,Houston Astros,
Steve Pearce,Baltimore Orioles,
Charlie Furbush,Seattle Mariners,
Colby Lewis,Texas Rangers,
Jarrod Saltalamacchia,Arizona Diamondbacks,
Wade Davis,Kansas City Royals,
Brian Dozier,Minnesota Twins,
Shin-Soo Choo,Texas Rangers,
David Wright,New York Mets,
Dariel Alvarez,Baltimore Orioles,Rookie
Curtis Granderson,New York Mets,
Martin Maldonado,Milwaukee Brewers,
Kyle Hendricks,Chicago Cubs,
San Diego Padres,San Diego Padres,
Jake Odorizzi,Tampa Bay Rays,
Jose Altuve,Houston Astros,
Washington Nationals,Washington Nationals,
Adam Wainwright,St. Louis Cardinals,
Jake Peavy,San Francisco Giants,
Hanley Ramirez,Boston Red Sox,
Kelby Tomlinson,San Francisco Giants,Rookie
Jacob deGrom,New York Mets,
Steven Souza Jr.,Tampa Bay Rays,
Kaleb Cowart,Los Angeles Angels,Rookie
Kevin Plawecki,New York Mets,
Anthony Rizzo,Chicago Cubs,
Anthony DeSclafani,Cincinnati Reds,
"Comeback ""Kids""",New York Yankees,
Kris Bryant,Chicago Cubs,
Edward Mujica,Oakland Athletics,
Will Harris,Houston Astros,
Toronto Blue Jays,Toronto Blue Jays,
Keyvius Sampson,Cincinnati Reds,Rookie
Brandon McCarthy,Los Angeles Dodgers,
Mitch Moreland,Texas Rangers,
Mark Melancon,Pittsburgh Pirates,
Nolan Arenado,Colorado Rockies,League Leaders
Bryce Harper,Washington Nationals,League Leaders
Carlos Gonzalez,Colorado Rockies,League Leaders

,Paul Goldschmidt,Arizona Diamondbacks,
,Dee Gordon,Miami Marlins,
,Bryce Harper,Washington Nationals,
,Carlos Santana,Cleveland Indians,
,Clayton Kershaw,Los Angeles Dodgers,
,Victor Martinez,Detroit Tigers,
,Josh Hamilton,Texas Rangers,
,Jayson Werth,Washington Nationals,
,Drew Hutchison,Toronto Blue Jays,
,Jonathan Lucroy,Milwaukee Brewers,
,Yonder Alonso,San Diego Padres,
,Corey Kluber,Cleveland Indians,League Leaders
,Dallas Keuchel,Houston Astros,League Leaders
,Marco Estrada,Toronto Blue Jays,League Leaders
,Jason Grilli,Atlanta Braves,
,Seth Smith,Seattle Mariners,
,Ben Revere,Toronto Blue Jays,
,Chase Utley,Los Angeles Dodgers,
INSERT,,,
BERGER'S BEST,,,
BB-1,Willie Mays,New York Giants,
BB-2,Satchel Paige,St. Louis Browns,
BB-3,Henry Aaron,Milwaukee Braves,
BB-4,Sandy Koufax,Brooklyn Dodgers,
BB-5,Jackie Robinson,Brooklyn Dodgers,
BB-6,Ted Williams,Boston Red Sox,
BB-7,Roger Maris,Cleveland Indians,
BB-8,Roberto Clemente,Pittsburgh Pirates,
BB-9,Willie McCovey,San Francisco Giants,
BB-10,Bill Mazeroski,Pittsburgh Pirates,
BB-11,Roger Maris,New York Yankees,
BB-12,Brooks Robinson,Baltimore Orioles,
BB-13,Whitey Ford,New York Yankees,
BB-14,Hank Aaron,Milwaukee Braves,
BB-15,Jim Palmer,Baltimore Orioles,
BB-16,Steve Carlton,St. Louis Cardinals,
BB-17,Rod Carew,Minnesota Twins,
BB-18,Reggie Jackson,Oakland Athletics,
BB-19,Johnny Bench,Cincinnati Reds,
BB-20,Nolan Ryan,New York Mets,
BB-21,Tom Seaver,New York Mets,
BB-22,Joe Morgan,Cincinnati Reds,
BB-23,Dave Winfield,San Diego Padres,
BB-24,George Brett,Kansas City Royals,
BB-25,Dennis Eckersley,Cleveland Indians,
BB-26,Robin Yount,Milwaukee Brewers,
BB-27,Eddie Murray,Baltimore Orioles,
BB-28,Ozzie Smith,San Diego Padres,
BB-29,Rickey Henderson,Oakland Athletics,
BB-30,Harold Baines,Chicago White Sox,
BB-31,Cal Ripken Jr.,Baltimore Orioles,
BB-32,Tony Gwynn,San Diego Padres,
BB-33,Don Mattingly,New York Yankees,
BB-34,Dwight Gooden,New York Mets,
BB-35,Roger Clemens,Boston Red Sox,
BB-36,Bo Jackson,Kansas City Royals,
BB-37,Wade Boggs,Boston Red Sox,
BB-38,Ken Griffey Jr.,Seattle Mariners,

BB-39,George Brett,Kansas City Royals
BB-40,Frank Thomas,Chicago White Sox
BB-41,Cal Ripken Jr.,Baltimore Orioles
BB-42,Randy Johnson,Seattle Mariners
BB-43,Mike Piazza,Los Angeles Dodgers
BB-44,Barry Larkin,Cincinnati Reds
BB-45,John Smoltz,Atlanta Braves
BB-46,Livan Hernandez,Florida Marlins
BB-47,Alex Rodriguez,Seattle Mariners
BB-48,Josh Hamilton,Tampa Bay Devil RaysTM
BB-49,Miguel Cabrera,Florida Marlins
BB-50,Albert Pujols,St. Louis Cardinals
BB-51,Joe Mauer,Minnesota Twins
BB-52,Robinson Cano,New York Yankees
BB-53,Yadier Molina,St. Louis Cardinals
BB-54,Justin Verlander,Detroit Tigers
BB-55,Hanley Ramirez,Florida Marlins
BB-56,Daisuke Matsuzaka,Boston Red Sox
BB-57,Clayton Kershaw,Los Angeles Dodgers
BB-58,David Price,Tampa Bay Rays
BB-59,Stephen Strasburg,Washington Nationals
BB-60,Mike Trout,Los Angeles Angels
BB-61,Bryce Harper,Washington Nationals
BB-62,Mike Trout,Los Angeles Angels
BB-63,Masahiro Tanaka,New York Yankees
BB-64,Kris Bryant,Chicago Cubs
BB-65,Buster Posey,San Francisco Giants
PERSPECTIVES,,
P-1,Andrew McCutchen,Pittsburgh Pirates
P-2,Adrian Gonzalez,Los Angeles Dodgers
P-3,Robinson Cano,Seattle Mariners
P-4,Bryce Harper,Washington Nationals
P-5,Rusney Castillo,Boston Red Sox
P-6,Byron Buxton,Minnesota Twins
P-7,Yasiel Puig,Los Angeles Dodgers
P-8,Troy Tulowitzki,Toronto Blue Jays
P-9,Jhonny Peralta,St. Louis Cardinals
P-10,Jung Ho Kang,Pittsburgh Pirates
P-11,Kris Bryant,Chicago Cubs
P-12,David Ortiz,Boston Red Sox
P-13,Ichiro,Miami Marlins
P-14,Justin Upton,San Diego Padres
P-15,Yadier Molina,St. Louis Cardinals
P-16,Gregory Polanco,Pittsburgh Pirates
P-17,Evan Longoria,Tampa Bay Rays
P-18,Mark Teixeira,New York Yankees
P-19,Ryan Braun,Milwaukee Brewers
P-20,Ryan Howard,Philadelphia Phillies
P-21,Cal Ripken Jr.,Baltimore Orioles
P-22,Randy Johnson,Arizona Diamondbacks
P-23,Craig Biggio,Houston Astros
TOPPS LASER CARDS,,
TL-1,Mike Trout,Los Angeles Angels
TL-2,Paul Goldschmidt,Arizona Diamondbacks
TL-3,Kyle Schwarber,Chicago Cubs
TL-4,David Ortiz,Boston Red Sox
TL-5,Hanley Ramirez,Boston Red Sox
TL-6,Kris Bryant,Chicago Cubs

TL-7,Jose Abreu,Chicago White Sox
TL-8,Ichiro,Miami Marlins
TL-9,Clayton Kershaw,Los Angeles Dodgers
TL-10,Ryan Braun,Milwaukee Brewers
TL-11,Matt Harvey,New York Mets
TL-12,Buster Posey,San Francisco Giants
TL-13,Robinson Cano,Seattle Mariners
TL-14,Prince Fielder,Texas Rangers
TL-15,Jason Heyward,St. Louis Cardinals
TL-16,Bryce Harper,Washington Nationals
TL-17,Miguel Cabrera,Detroit Tigers
TL-18,Eric Hosmer,Kansas City Royals
TL-19,Yasiel Puig,Los Angeles Dodgers
TL-20,Giancarlo Stanton,Miami Marlins
TL-21,Masahiro Tanaka,New York Yankees
TL-22,Andrew McCutchen,Pittsburgh Pirates
TL-23,Madison Bumgarner,San Francisco Giants
TL-24,Yadier Molina,St. Louis Cardinals
TL-25,Jose Bautista,Toronto Blue Jays
BACK TO BACK,,
B2B-1,Ryan Braun,Milwaukee Brewers
,Prince Fielder,Milwaukee Brewers
B2B-2,Kris Bryant,Chicago Cubs
,Anthony Rizzo,Chicago Cubs
B2B-3,Buster Posey,San Francisco Giants
,Brandon Belt,San Francisco Giants
B2B-4,Ken Griffey Jr.,Seattle Mariners
,Edgar Martinez,Seattle Mariners
B2B-5,Brandon Phillips,Cincinnati Reds
,Joey Votto,Cincinnati Reds
B2B-6,Joc Pederson,Los Angeles Dodgers
,Adrian Gonzalez,Los Angeles Dodgers
B2B-7,Jeff Bagwell,Houston Astros
,Craig Biggio,Houston Astros
B2B-8,Paul Molitor,Milwaukee Brewers
,Robin Yount,Milwaukee Brewers
B2B-9,Red Schoendienst,St. Louis Cardinals
,Stan Musial,St. Louis Cardinals
B2B-10,Victor Martinez,Detriot Tigers
,Miguel Cabrera,Detriot Tigers
B2B-11,Albert Pujols,Los Angeles Angels
,Mike Trout,Los Angeles Angels
B2B-12,Babe Ruth,New York Yankees
,Lou Gehrig,New York Yankees
B2B-13,Bobby Doerr,Boston Red Sox
,Ted Williams,Boston Red Sox
B2B-14,Eddie Murray,Baltimore Orioles
,Cal Ripken Jr.,Baltimore Orioles
B2B-15,Troy Tulowitzki,Toronto Blue Jays
,Josh Donaldson,Toronto Blue Jays
PRESSED INTO SERVICE,,
PIS-1,Mitch Moreland,Texas Rangers
PIS-2,Wade Boggs,New York Yankees
PIS-3,Jose Canseco,Texas Rangers
PIS-4,Michael Cuddyer,Minnesota Twins
PIS-5,Paul O'Neill,Cincinnati Reds
PIS-6,Stan Musial,St. Louis Cardinals
PIS-7,Josh Harrison,Pittsburgh Pirates

PIS-8,Garrett Jones,New York Yankees
PIS-9,Ichiro,Miami Marlins
PIS-10,Nick Swisher,New York Yankees
100 YEARS AT WRIGLEY,,
WRIG-1,Kris Bryant,Chicago Cubs
WRIG-2,Ryne Sandberg,Chicago Cubs
WRIG-3,Greg Maddux,Chicago Cubs
WRIG-4,Mark Grace,Chicago Cubs
WRIG-5,Jake Arrieta,Chicago Cubs
WRIG-6,Mark Prior,Chicago Cubs
WRIG-7,Bruce Sutter,Chicago Cubs
WRIG-8,Fergie Jenkins,Chicago Cubs
WRIG-9,Goose Gossage,Chicago Cubs
WRIG-10,Stan Musial,St. Louis Cardinals
WRIG-11,Andre Dawson,Chicago Cubs
WRIG-12,Anthony Rizzo,Chicago Cubs
WRIG-13,Addison Russell,Chicago Cubs
WRIG-14,Wrigley FieldTM Marquee Installed,
WRIG-15,Cubs Park Becomes Wrigley FieldTM,
WRIG-16,Take Me Out to the Ballgame  Tradition Begins,
WRIG-17,Jimmie Foxx,Philadelphia Athletics
WRIG-18,William Wrigley Jr. becomes majority shareholder of the Cubs,
WRIG-19,Babe Ruth,New York Yankees
WRIG-20,Aramis Ramirez,Chicago Cubs
WRIG-21,Cole Hamels,Philadelphia Phillies
WRIG-22,Rafael Palmeiro,Chicago Cubs
WRIG-23,Ted Williams,Boston Red Sox
WRIG-24,ClarkTM,Chicago Cubs
WRIG-25,Kyle Schwarber,Chicago Cubs
WALK OFF WINS,,
WOW-1,Luis Gonzalez,Arizona Diamondbacks
WOW-2,David Ortiz,Boston Red Sox
WOW-3,Evan Longoria,Tampa Bay Rays
WOW-4,Bill Mazeroski,Pittsburgh Pirates
WOW-5,David Freese,St. Louis Cardinals
WOW-6,Manny Machado,Baltimore Orioles
WOW-7,Wilmer Flores,New York Mets
WOW-8,Allen Craig,St. Louis Cardinals
WOW-9,Nomar Garciaparra,Los Angeles Dodgers
WOW-10,Jose Abreu,Chicago White Sox
WOW-11,Todd Frazier,Cincinnati Reds
WOW-12,Starling Marte,Pittsburgh Pirates
WOW-13,Ozzie Smith,St. Louis Cardinals
WOW-14,Carlton Fisk,Boston Red Sox
WOW-15,Henry Urrutia,Baltimore Orioles
RELIC,,
SCOUTING REPORT RELICS,,
SRR-AG,Adrian Gonzalez,Los Angeles Dodgers
SRR-AM,Andrew McCutchen,Pittsburgh Pirates
SRR-APU,Albert Pujols,Los Angeles Angels
SRR-AR,Anthony Rizzo,Chicago Cubs
SRR-BH,Bryce Harper,Washington Nationals
SRR-BP,Buster Posey,San Francisco Giants
SRR-CD,Chris Davis,Baltimore Orioles

SRR-CKE,Clayton Kershaw,Los Angeles Dodgers
SRR-CKL,Corey Kluber,Cleveland Indians
SRR-CSA,CC Sabathia,New York Yankees
SRR-DO,David Ortiz,Boston Red Sox
SRR-DPR,David Price,Toronto Blue Jays
SRR-FF,Freddie Freeman,Atlanta Braves
SRR-FH,Felix Hernandez,Seattle Mariners
SRR-GS,Giancarlo Stanton,Miami Marlins
SRR-HR,Hanley Ramirez,Boston Red Sox
SRR-I,Ichiro,Miami Marlins
SRR-JC,Johnny Cueto,Kansas City Royals
SRR-JDE,Jacob deGrom,New York Mets
SRR-JDO,Josh Donaldson,Toronto Blue Jays
SRR-JM,Joe Mauer,Minnesota Twins
SRR-JP,Joc Pederson,Los Angeles Dodgers
SRR-JVE,Justin Verlander,Detroit Tigers
SRR-KP,Kevin Plawecki,New York Mets
SRR-LM,Leonys Martin,Texas Rangers
SRR-MA,Matt Adams,St. Louis Cardinals
SRR-MB,Madison Bumgarner,San Francisco Giants
SRR-MBR,Michael Brantley,Cleveland Indians
SRR-MC,Miguel Cabrera,Detroit Tigers
SRR-MHA,Matt Harvey,New York Mets
SRR-MHO,Matt Holliday,St. Louis Cardinals
SRR-MS,Max Scherzer,Washington Nationals
SRR-MT,Mark Teixeira,New York Yankees
SRR-MW,Michael Wacha,St. Louis Cardinals
SRR-NC,Nelson Cruz,Seattle Mariners
SRR-NS,Noah Syndergaard,New York Mets
SRR-PF,Prince Fielder,Texas Rangers
SRR-RP,Rick Porcello,Boston Red Sox
SRR-SMA,Starling Marte,Pittsburgh Pirates
SRR-YC,Yoenis Cespedes,New York Mets
SRR-YD,Yu Darvish,Texas Rangers
SRR-YM,Yadier Molina,St. Louis Cardinals
SRR-YP,Yasiel Puig,Los Angeles Dodgers
SRR-YT,Yasmany Tomas,Arizona Diamondbacks
SRR-ZG,Zack Greinke,Los Angeles Dodgers
BERGER'S BEST RELICS,,
BBR-AP,Albert Pujols,St. Louis Cardinals
BBR-BH,Bryce Harper,Washington Nationals
BBR-BP,Buster Posey,San Francisco Giants
BBR-CK,Clayton Kershaw,Los Angeles Dodgers
BBR-DE,Dennis Eckersley,Cleveland Indians
BBR-DP,David Price,Tampa Bay Rays
BBR-EM,Eddie Murray,Baltimore Orioles
BBR-HR,Hanley Ramirez,Florida Marlins
BBR-JM,Joe Mauer,Minnesota Twins
BBR-JV,Justin Verlander,Detroit Tigers
BBR-KB,Kris Bryant,Chicago Cubs
BBR-KG,Ken Griffey Jr.,Seattle Mariners
BBR-MC,Miguel Cabrera,Florida Marlins
BBR-MP,Mike Piazza,Los Angeles Dodgers
BBR-RCA,Robinson Cano,New York Yankees
BBR-RCL,Roger Clemens,Boston Red Sox
BBR-SC,Steve Carlton,St. Louis Cardinals
BBR-SS,Stephen Strasburg,Washington Nationals
BBR-TG,Tony Gwynn,San Diego Padres
BBR-YM,Yadier Molina,St. Louis Cardinals

TOPPS LASER RELIC CARDS,,,
TLR-AM,,Andrew McCutchen,Pittsburgh Pirates
TLR-BP,,Buster Posey,San Francisco Giants
TLR-CK,,Clayton Kershaw,Los Angeles Dodgers
TLR-DO,,David Ortiz,Boston Red Sox
TLR-JA,,Jose Abreu,Chicago White Sox
TLR-KB,,Kris Bryant,Chicago Cubs
TLR-KS,,Kyle Schwarber,Chicago Cubs
TLR-MB,,Madison Bumgarner,San Francisco Giants
TLR-MC,,Miguel Cabrera,Detroit Tigers
TLR-MH,,Matt Harvey,New York Mets
TLR-MT,,Mike Trout,Los Angeles Angels
TLR-MTA,,Masahiro Tanaka,New York Yankees
TLR-PF,,Prince Fielder,Texas Rangers
TLR-YM,,Yadier Molina,St. Louis Cardinals
BACK TO BACK DUAL RELICS,,,
B2BR-FB,,Prince Fielder,Milwaukee Brewers
,,Ryan Braun,Milwaukee Brewers
B2BR-MG,,Edgar Martinez,Seattle Mariners
,,Ken Griffey Jr.,Seattle Mariners
B2BR-PB,,Buster Posey,San Francisco Giants
,,Brandon Belt,San Francisco Giants
B2BR-RB,,Anthony Rizzo,Chicago Cubs
,,Kris Bryant,Chicago Cubs
B2BR-VP,,Joey Votto,Cincinnati Reds
,,Brandon Phillips,Cincinnati Reds
PRESSED INTO SERVICE RELICS,,,
PISR-I,,Ichiro,Miami Marlins
PISR-JC,,Jose Canseco,Texas Rangers
PISR-MC,,Michael Cuddyer,Minnesota Twins
PISR-PO,,Paul O'Neill,Cincinnati Reds
PISR-WB,,Wade Boggs,New York Yankees
100 YEARS AT WRIGLEY RELICS,,,
WRIGR-AD,,Andre Dawson,Chicago Cubs
WRIGR-AR,,Anthony Rizzo,Chicago Cubs
WRIGR-ARA,,Aramis Ramirez,Chicago Cubs
WRIGR-ARU,,Addison Russell,Chicago Cubs
WRIGR-BS,,Bruce Sutter,Chicago Cubs
WRIGR-CH,,Cole Hamels,Philadelphia Phillies
WRIGR-FJ,,Fergie Jenkins,Chicago Cubs
WRIGR-GG,,Goose Gossage,Chicago Cubs
WRIGR-GM,,Greg Maddux,Chicago Cubs
WRIGR-KB,,Kris Bryant,Chicago Cubs
WRIGR-MG,,Mark Grace,Chicago Cubs
WRIGR-RP,,Rafael Palmeiro,Chicago Cubs
WRIGR-RS,,Ryne Sandberg,Chicago Cubs
WRIGR-SC,,Starlin Castro,Chicago Cubs
WRIGR-TMO,,Take Me Out to the Ballgame Tradition Begins,
WALK OFF WINS RELICS,,,
WOWR-AC,Allen Craig,St. Louis Cardinals,
WOWR-DF,David Freese,St. Louis Cardinals,
WOWR-DO,David Ortiz,Boston Red Sox,
WOWR-EL,Evan Longoria,Tampa Bay Rays,
WOWR-JA,Jose Abreu,Chicago White Sox,
WOWR-LG,Luis Gonzalez,Arizona Diamondbacks,

WOWR-MMA,Manny Machado,Baltimore Orioles,,
WOWR-NG,Nomar Garciaparra,Los Angeles Dodgers,,
WOWR-TF,Todd Frazier,Cincinnati Reds,,
WOWR-WF,Wilmer Flores,New York Mets,,
WORLD CHAMPION RELICS,,,,
WCR-AE,Alcides Escobar,Kansas,City,Royals
WCR-AG,Alex Gordon,Kansas,City,Royals
WCR-EH,Eric Hosmer,Kansas,City,Royals
WCR-JC,Johnny Cueto,Kansas,City,Royals
WCR-KM,Kendrys Morales,Kansas,City,Royals
WCR-LC,Lorenzo Cain,Kansas,City,Royals
WCR-MM,Mike Moustakas,Kansas,City,Royals
WCR-SP,Salvador Perez,Kansas,City,Royals
WCR-YV,Yordano Ventura,Kansas,City,Royals
POSTSEASON PERFORMANCE RELICS,,,,
PPR-ARI,Anthony Rizzo,Chicago Cubs,,
PPR-ARU,Addison Russell,Chicago Cubs,,
PPR-AS,Aaron Sanchez,Toronto Blue Jays,,
PPR-BC,Bartolo Colon,New York Mets,,
PPR-DF,Dexter Fowler,Chicago Cubs,,
PPR-DM,Daniel Murphy,New York Mets,,
PPR-DP,David Price,Toronto Blue Jays,,
PPR-DW,David Wright,New York Mets,,
PPR-EE,Edwin Encarnacion,Toronto Blue Jays,,
PPR-JBA,Jose Bautista,Toronto Blue Jays,,
PPR-JBE,Javier Baez,Chicago Cubs,,
PPR-JDE,Jacob deGrom,New York Mets,,
PPR-JDO,Josh Donaldson,Toronto Blue Jays,,
PPR-JF,Jeurys Familia,New York Mets,,
PPR-JLA,Juan Lagares,New York Mets,,
PPR-JLE,Jon Lester,Chicago Cubs,,
PPR-KB,Kris Bryant,Chicago Cubs,,
PPR-KS,Kyle Schwarber,Chicago Cubs,,
PPR-LD,Lucas Duda,New York Mets,,
PPR-MH,Matt Harvey,New York Mets,,
PPR-NS,Noah Syndergaard,New York Mets,,
PPR-RD,R.A. Dickey,Toronto Blue Jays,,
PPR-RM,Russell Martin,Toronto Blue Jays,,
PPR-RO,Roberto Osuna,Toronto Blue Jays,,
PPR-SC,Starlin Castro,Chicago Cubs,,
PPR-SM,Steven Matz,New York Mets,,
PPR-TD,Travis d'Arnaud,New York Mets,,
PPR-TT,Troy Tulowitzki,Toronto Blue Jays,,
PPR-WF,Wilmer Flores,New York Mets,,
PPR-YC,Yoenis Cespedes,New York Mets,,
MLB DEBUT RELICS,,,,
MDR-AG,Adrian Gonzalez,Texas Rangers,,
MDR-AM,Andrew McCutchen,Pittsburgh Pirates,,
MDR-AP,Albert Pujols,St. Louis Cardinals,,
MDR-EL,Evan Longoria,Tampa Bay Rays,,
MDR-JD,Josh Donaldson,Oakland Athletics,,
MDR-JE,Jacoby Ellsbury,Boston Red Sox,,
MDR-JH,Jason Heyward,Atlanta Braves,,
MDR-JM,Joe Mauer,Minnesota Twins,,
MDR-KB,Kris Bryant,Chicago Cubs,,

MDR-MC,Miguel Cabrera,Florida Marlins
MDR-MH,Matt Harvey,New York Mets
MDR-NC,Nelson Cruz,Milwaukee Brewers
MDR-PG,Paul Goldschmidt,Arizona Diamondbacks
MDR-RB,Ryan Braun,Milwaukee Brewers
MDR-RC,Robinson Cano,New York Yankees
MDR-RH,Ryan Howard,Philadelphia Phillies
MDR-SC,Starlin Castro,Chicago Cubs
MDR-VM,Victor Martinez,Cleveland Indians
MDR-YC,Yoenis Cespedes,Oakland Athletics
MDR-YD,Yu Darvish,Texas Rangers
IN THE NAME RELICS,,
ITN-AB,A.J. Burnett,Pittsburgh Pirates
ITN-AC,Aroldis Chapman,Cincinnati Reds
ITN-AE,Alcides Escobar,Kansas City Royals
ITN-AG,Adrian Gonzalez,Los Angeles Dodgers
ITN-AJ,Adam Jones,Baltimore Orioles
ITN-AM,Andrew McCutchen,Pittsburgh Pirates
ITN-APO,A.J. Pollock,Arizona Diamondbacks
ITN-APU,Albert Pujols,Los Angeles Angels
ITN-AR,Anthony Rizzo,Chicago Cubs
ITN-BB,Brad Boxberger,Tampa Bay Rays
ITN-BC,Brandon Crawford,San Francisco Giants
ITN-BD,Brian Dozier,Minnesota Twins
ITN-BG,Brett Gardner,New York Yankees
ITN-BHA,Bryce Harper,Washington Nationals
ITN-BHO,Brock Holt,Boston Red Sox
ITN-BP,Buster Posey,San Francisco Giants
ITN-CA,Chris Archer,Tampa Bay Rays
ITN-CK,Clayton Kershaw,Los Angeles Dodgers
ITN-CM,Carlos Martinez,St. Louis Cardinals
ITN-CS,Chris Sale,Chicago White Sox
ITN-DB,Dellin Betances,New York Yankees
ITN-DK,Dallas Keuchel,Houston Astros
ITN-DL,DJ LeMahieu,Colorado Rockies
ITN-DO,Darren O'Day,Baltimore Orioles
ITN-DP,David Price,Detroit Tigers
ITN-FH,Felix Hernandez,Seattle Mariners
ITN-FR,Francisco Rodriguez,Milwaukee Brewers
ITN-GC,Gerrit Cole,Pittsburgh Pirates
ITN-GP,Glen Perkins,Minnesota Twins
ITN-JA,Jose Altuve,Houston Astros
ITN-JDE,Jacob deGrom,New York Mets
ITN-JDO,Josh Donaldson,Toronto Blue Jays
ITN-JK,Jason Kipnis,Cleveland Indians
ITN-JM,J.D. Martinez,Detroit Tigers
ITN-JPA,Joe Panik,San Francisco Giants
ITN-JPD,Joc Pederson,Los Angeles Dodgers
ITN-JPE,Jhonny Peralta,St. Louis Cardinals
ITN-JPP,Jonathan Papelbon,Philadelphia Phillies
ITN-JU,Justin Upton,San Diego Padres
ITN-KB,Kris Bryant,Chicago Cubs
ITN-KH,Kelvin Herrera,Kansas City Royals
ITN-LC,Lorenzo Cain,Kansas City Royals
ITN-MB,Madison Bumgarner,San Francisco Giants
ITN-MH,Matt Holliday,St. Louis Cardinals
ITN-MMA,Manny Machado,Baltimore Orioles
ITN-MME,Mark Melancon,Pittsburgh Pirates
ITN-MMO,Mike Moustakas,Kansas City Royals

ITN-MS,Max Scherzer,Washington Nationals
ITN-MTE,Mark Teixeira,New York Yankees
ITN-MTR,Mike Trout,Los Angeles Angels
ITN-MW,Michael Wacha,St. Louis Cardinals
ITN-NA,Nolan Arenado,Colorado Rockies
ITN-NC,Nelson Cruz,Seattle Mariners
ITN-PF,Prince Fielder,Texas Rangers
ITN-PG,Paul Goldschmidt,Arizona Diamondbacks
ITN-RM,Russell Martin,Toronto Blue Jays
ITN-SG,Sonny Gray,Oakland Athletics
ITN-SM,Shelby Miller,Atlanta Braves
ITN-SP,Salvador Perez,Kansas City Royals
ITN-SV,Stephen Vogt,Oakland Athletics
ITN-TF,Todd Frazier,Cincinnati Reds
ITN-TR,Trevor Rosenthal,St. Louis Cardinals
ITN-TT,Troy Tulowitzki,Colorado Rockies
ITN-WD,Wade Davis,Kansas City Royals
ITN-YG,Yasmani Grandal,Los Angeles Dodgers
ITN-YM,Yadier Molina,St. Louis Cardinals
ITN-ZB,Zach Britton,Baltimore Orioles
ITN-ZG,Zack Greinke,Los Angeles Dodgers
AUTOGRAPH,,
SCOUTING REPORT AUTOGRAPHS,,
SRA-AB,Archie Bradley,Arizona Diamondbacks
SRA-AK,Al Kaline,Detroit Tigers
SRA-AN,Aaron Nola,Philadelphia Phillies
SRA-BC,Brandon Crawford,San Francisco Giants
SRA-BHA,Bryce Harper,Washington Nationals
SRA-BHO,Brock Holt,Boston Red Sox
SRA-BJ,Brian Johnson,Boston Red Sox
SRA-BM,Brian McCann,New York Yankees
SRA-BPO,Buster Posey,San Francisco Giants
SRA-CC,Carlos Correa,Houston Astros
SRA-CR,Cal Ripken Jr.,Baltimore Orioles
SRA-CS,Corey Seager,Los Angeles Dodgers
SRA-DF,Doug Fister,Washington Nationals
SRA-DG,Didi Gregorius,New York Yankees
SRA-DK,Dallas Keuchel,Houston Astros
SRA-DM,Devin Mesoraco,Cincinnati Reds
SRA-DS,Duke Snider,Brooklyn Dodgers
SRA-EI,Ender Inciarte,Arizona Diamondbacks
SRA-GS,George Springer,Houston Astros
SRA-HO,Henry Owens,Boston Red Sox
SRA-HOL,Hector Olivera,Atlanta Braves
SRA-JF,Jose Fernandez,Miami Marlins
SRA-JG,Jon Gray,Colorado Rockies
SRA-JHM,Jason Hammel,Chicago Cubs
SRA-JHR,Josh Harrison,Pittsburgh Pirates
SRA-JM,James McCann,Detroit Tigers
SRA-JR,J.T. Realmuto,Miami Marlins
SRA-KC,Kole Calhoun,Los Angeles Angels
SRA-KM,Ketel Marte,Seattle Mariners
SRA-KSC,Kyle Schwarber,Chicago Cubs
SRA-KSU,Kurt Suzuki,Minnesota Twins
SRA-KW,Kyle Waldrop,Cincinnati Reds
SRA-LS,Luis Severino,New York Yankees
SRA-MCA,Matt Cain,San Francisco Giants
SRA-MCO,Michael Conforto,New York Mets

SRA-MP,Mark Prior,Chicago Cubs
SRA-MS,Miguel Sano,Minnesota Twins
SRA-MT,Mike Trout,Los Angeles Angels
SRA-MW,Matt Wisler,Atlanta Braves
SRA-PM,Paul Molitor,Milwaukee Brewers
SRA-PS,Pablo Sandoval,Boston Red Sox
SRA-RCR,Rod Carew,Minnesota Twins
SRA-RR,Rob Refsnyder,New York Yankees
SRA-RY,Robin Yount,Milwaukee Brewers
SRA-SK,Sandy Koufax,Los Angeles Dodgers
SRA-SMA,Steven Matz,New York Mets
SRA-SP,Stephen Piscotty,St. Louis Cardinals
SRA-TJ,Taylor Jungmann,Milwaukee Brewers
SRA-TT,Trea Turner,Washington Nationals
SRA-WM,Wil Myers,San Diego Padres
SRA-YD,Yu Darvish,Texas Rangers
SRA-YG,Yan Gomes,Cleveland Indians
SRA-ZL,Zach Lee,Los Angeles Dodgers
BERGER'S BEST AUTOGRAPHS,,
BBA-BJ,Bo Jackson,Kansas City Royals
BBA-DM,Don Mattingly,New York Yankees
BBA-HR,Hanley Ramirez,Florida Marlins
BBA-JS,John Smoltz,Atlanta Braves
BBA-KB,Kris Bryant,Chicago Cubs
BBA-OS,Ozzie Smith,San Diego Padres
BBA-RCN,Robinson Cano,New York Yankees
BBA-RCR,Rod Carew,Minnesota Twins
BBA-RY,Robin Yount,Milwaukee Brewers
BBA-SC,Steve Carlton,St. Louis Cardinals
BERGER'S BEST CUT SIGNATURES,,
BBCS-BC,Roberto Clemente,Pittsburgh Pirates
BBCS-JR,Jackie Robinson,Brooklyn Dodgers
BBCS-RMY,Roger Maris,New York Yankees
BBCS-SP,Satchel Paige,St. Louis Browns
BBCS-TW,Ted Williams,Boston Red Sox
BBCS-WM,Willie McCovey,San Francisco Giants
TOPPS LASER AUTOGRAPH CARDS,,
TLA-DO,David Ortiz,Boston Red Sox
TLA-HR,Hanley Ramirez,Boston Red Sox
TLA-IC,Ichiro,Miami Marlins
TLA-JA,Jose Abreu,Chicago White Sox
TLA-KB,Kris Bryant,Chicago Cubs
TLA-KS,Kyle Schwarber,Chicago Cubs
TLA-MH,Matt Harvey,New York Mets
TLA-MT,Mike Trout,Los Angeles Angels
TLA-PG,Paul Goldschmidt,Arizona Diamondbacks
TLA-RB,Ryan Braun,Milwaukee Brewers
BACK TO BACK DUAL AUTOGRAPHS,,
B2BA-FB,Ryan Braun,Milwaukee Brewers
,Prince Fielder,Milwaukee Brewers
B2BA-MG,Edgar Martinez,Seattle Mariners
,Ken Griffey Jr.,Seattle Mariners
B2BA-PB,Brandon Belt,San Francisco Giants
,Buster Posey,San Francisco Giants
B2BA-RB,Kris Bryant,Chicago Cubs
,Anthony Rizzo,Chicago Cubs

B2BA-VP,Joey Votto,Cincinnati Reds
,Brandon Phillips,Cincinnati Reds
PRESSED INTO SERVICE AUTOGRAPHS,,
PSA-JC,Jose Canseco,Texas Rangers
PSA-MC,Michael Cuddyer,Minnesota Twins
PSA-PO,Paul O'Neill,Cincinnati Reds
PSA-SM,Stan Musial,St. Louis Cardinals
PSA-WB,Wade Boggs,New York Yankees
100 YEARS AT WRIGLEY AUTOGRAPHS,,
WRIGA-BS,Bruce Sutter,Chicago Cubs
WRIGA-EB,Ernie Banks,Chicago Cubs
WRIGA-FJ,Fergie Jenkins,Chicago Cubs
WRIGA-GG,Goose Gossage,Chicago Cubs
WRIGA-GM,Greg Maddux,Chicago Cubs
WRIGA-KB,Kris Bryant,Chicago Cubs
WRIGA-MG,Mark Grace,Chicago Cubs
WRIGA-MP,Mark Prior,Chicago Cubs
WRIGA-RS,Ryne Sandberg,Chicago Cubs
WRIGA-SM,Stan Musial,St. Louis Cardinals
WALK OFF WINS AUTOGRAPHS,,
WOWA-BM,Bill Mazeroski,Pittsburgh Pirates
WOWA-DO,David Ortiz,Boston Red Sox
WOWA-EL,Evan Longoria,Tampa Bay Rays
WOWA-LG,Luis Gonzalez,Arizona Diamondbacks
WOWA-WF,Wilmer Flores,New York Mets
WORLD CHAMPION QUARTER WITH STAMP AUTOGRAPH,,
WCA-AK,Al Kaline,Detroit Tigers
WCA-BP,Buster Posey,San Francisco Giants
WCA-CR,Cal Ripken Jr.,Baltimore Orioles
WCA-DO,David Ortiz,Boston Red Sox
WCA-LG,Luis Gonzalez,Arizona Diamondbacks
WCA-MR,Mariano Rivera,New York Yankees
WCA-PM,Paul Molitor,Toronto Blue Jays
WCA-PS,Pablo Sandoval,San Francisco Giants
WCA-TG,Tom Glavine,Atlanta Braves
NO HITTER PIN AUTOGRAPH CARDS,,
NHP-­-RJ,Randy Johnson,Seattle Mariners
NHP-­-JL,Jon Lester,Boston Red Sox
NHP-­-SK,Sandy Koufax,Los Angeles Dodgers
NHP-­-CK,Clayton Kershaw,Los Angeles Dodgers
NHP-­-NR,Nolan Ryan,Texas Rangers
TEAM LOGO PIN AUTOGRAPH CARDS,,
TLP-KB,Kris Bryant,Chicago Cubs
TLP-TT,Troy Tulowitzki,Toronto Blue Jays
TLP-MS,Miguel Sano,Minnesota Twins
TLP-KS,Kyle Schwarber,Chicago Cubs
TLP-NR,Nolan Ryan,Houston Astros
TLP-CR,Cal Ripken Jr.,Baltimore Orioles
TLP-MTR,Mike Trout,Los Angeles Angels
TLP-CK,Clayton Kershaw,Los Angeles Dodgers
TLP-JA,Jose Abreu,Chicago White Sox
TLP-RJ,Randy Johnson,Arizona Diamondbacks
GLOVE LEATHER AUTOGRAPHS,,

GLA-AK,Al Kaline,Detroit Tigers,,,
GLA-AN,Aaron Nola,Philadelphia Phillies,,,Rookie
GLA-BH,Bryce Harper,Washington Nationals,,,
GLA-BM,Brian McCann,New York Yankees,,,
GLA-BP,Buster Posey,San Francisco Giants,,,
GLA-CC,Carlos Correa,Houston Astros,,,
GLA-CJ,Chipper Jones,Atlanta Braves,,,
GLA-CL,Roger Clemens,Boston Red Sox,,,
GLA-CN,Robinson Cano,Seattle Mariners,,,
GLA-CR,Cal Ripken Jr.,Baltimore Orioles,,,
GLA-CRA,Rod Carew,Minnesota Twins,,,
GLA-CS,Chris Sale,Chicago White Sox,,,
GLA-FT,Frank Thomas,Chicago White Sox,,,
GLA-GR,Ken Griffey Jr.,Seattle Mariners,,,
GLA-I,Ichiro,Miami Marlins,,,
GLA-JG,Jon Gray,Colorado Rockies,,,Rookie
GLA-LS,Luis Severino,New York Yankees,,,Rookie
GLA-MC,Michael Conforto,New York Mets,,,Rookie
GLA-MP,Mike Piazza,New York Mets,,,
GLA-MT,Mike Trout,Los Angeles Angels,,,
GLA-PM,Paul Molitor,Milwaukee Brewers,,,
GLA-PS,Pablo Sandoval,Boston Red Sox,,,
GLA-SC,Kyle Schwarber,Chicago Cubs,,,Rookie
GLA-SK,Sandy Koufax,Los Angeles Dodgers,,,
GLA-WM,Wil Myers,San Diego Padres,,,
WORLD CHAMPION AUTOGRAPHS,,,,,
WCA-AE,Alcides Escobar,Kansas,City,Royals,
WCA-AG,Alex Gordon,Kansas,City,Royals,
WCA-KH,Kelvin Herrera,Kansas,City,Royals,
WCA-KM,Kendrys Morales,Kansas,City,Royals,
WCA-SP,Salvador Perez,Kansas,City,Royals,
POSTSEASON PERFORMANCE AUTOGRAPHS,,,,,
PPA-ARU,Addison Russell,Chicago Cubs,,,
PPA-JB,Javier Baez,Chicago Cubs,,,
PPA-JD,Jacob deGrom,New York Mets,,,
PPA-JF,Jeurys Familia,New York Mets,,,
PPA-JLE,Jon Lester,Chicago Cubs,,,
PPA-KP,Kevin Pillar,Toronto Blue Jays,,,
PPA-LD,Lucas Duda,New York Mets,,,
PPA-MS,Marcus Stroman,Toronto Blue Jays,,,
PPA-NS,Noah Syndergaard,New York Mets,,,
PPA-WF,Wilmer Flores,New York Mets,,,
CUT SIGNATURES,,,,,
CS-BFE,Bob Feller,Cleveland,Indians,,
CS-BFL,Bob Feller,Cleveland,Indians,,
CS-BLE,Bob Lemon,Cleveland,Indians,,
CS-BLM,Bob Lemon,Cleveland,Indians,,
CS-BLN,Buck Leonard,,,,
CS-BLO,Buck Leonard,,,,
CS-CHN,Catfish Hunter,Oakland Athletics,,,
CS-CHU,Catfish Hunter,Oakland Athletics,,,
CS-DSI,Duke Snider,Brooklyn Dodgers,,,
CS-DSN,Duke Snider,Brooklyn Dodgers,,,
CS-ES,Enos Slaughter,St. Louis Cardinals,,,
CS-EWA,Earl Weaver,Baltimore Orioles,,,
CS-EWE,Earl Weaver,Baltimore Orioles,,,
CS-GKE,George Kell,Detroit Tigers,,,

CS-GKL,George Kell,Detroit Tigers
CS-HKI,Harmon Killebrew,Minnesota Twins
CS-HKL,Harmon Killebrew,Minnesota Twins
CS-HW,Hoyt Wilhelm,Chicago White Sox
CS-LBO,Lou Boudreau,Cleveland Indians
CS-LBU,Lou Boudreau,Cleveland Indians
CS-PRI,Phil Rizzuto,New York Yankees
CS-PRZ,Phil Rizzuto,New York Yankees
CS-RFE,Rick Ferrell,St. Louis Browns
CS-RFR,Rick Ferrell,Boston Red Sox
CS-RK,Ralph Kiner,Pittsburgh Pirates
CS-RRB,Robin Roberts,Philadelphia Phillies
CS-RRO,Robin Roberts,Philadelphia Phillies
CS-SMS,Stan Musial,St. Louis Cardinals
CS-SMU,Stan Musial,St. Louis Cardinals
CS-TCO,Ty Cobb,Detroit Tigers
CS-WSA,Warren Spahn,Milwaukee Braves
CS-WSP,Warren Spahn,Milwaukee Braves
CS-WSR,Willie Stargell,Pittsburgh Pirates
CS-WST,Willie Stargell,Pittsburgh Pirates
AUTOGRAPH RELIC,,
BERGER'S BEST AUTOGRAPH RELICS,,
BBAR-CR,Cal Ripken Jr.,Baltimore Orioles
BBAR-DM,Don Mattingly,New York Yankees
BBAR-FT,Frank Thomas,Chicago White Sox
BBAR-HR,Hanley Ramirez,Florida Marlins
BBAR-JS,John Smoltz,Atlanta Braves
BBAR-KB,Kris Bryant,Chicago Cubs
BBAR-KG,Ken Griffey Jr.,Seattle Mariners
BBAR-MT,Mike Trout,Los Angeles Angels
BBAR-OS,Ozzie Smith,San Diego Padres
BBAR-RCN,Robinson Cano,New York Yankees
BBAR-RCR,Rod Carew,Minnesota Twins
BBAR-RY,Robin Yount,Milwaukee Brewers
BBAR-SC,Steve Carlton,St. Louis Cardinals
BBAR-TG,Tony Gwynn,San Diego Padres
BBAR-WB,Wade Boggs,Boston Red Sox
TOPPS LASER AUTOGRAPH RELIC CARDS,,
TLAR-BH,Bryce Harper,Washington Nationals
TLAR-BP,Buster Posey,San Francisco Giants
TLAR-CK,Clayton Kershaw,Los Angeles Dodgers
TLAR-DO,David Ortiz,Boston Red Sox
TLAR-HR,Hanley Ramirez,Boston Red Sox
TLAR-JA,Jose Abreu,Chicago White Sox
TLAR-KB,Kris Bryant,Chicago Cubs
TLAR-MH,Matt Harvey,New York Mets
TLAR-MT,Mike Trout,Los Angeles Angels
TLAR-RB,Ryan Braun,Milwaukee Brewers
BACK TO BACK,DUAL AUTOGRAPH RELICS,
B2BAR-FB,Ryan Braun,Milwaukee Brewers
B2BAR-FB,Prince Fielder,Milwaukee Brewers
B2BAR-MG,Edgar Martinez,Seattle Mariners
B2BAR-MG,Ken Griffey Jr.,Seattle Mariners
B2BAR-PB,Brandon Belt,San Francisco Giants
B2BAR-PB,Buster Posey,San Francisco Giants
B2BAR-RB,Kris Bryant,Chicago Cubs

B2BAR-RB,Anthony Rizzo,Chicago Cubs,,
B2BAR-VP,Joey Votto,Cincinnati Reds,,
B2BAR-VP,Brandon Phillips,Cincinnati Reds,,
PRESSED INTO SERVICE AUTOGRAPH RELICS,,,,
PSAR-JC,,Jose Canseco,Texas Rangers,
PSAR-MC,,Michael Cuddyer,Minnesota Twins,
PSAR-NS,,Nick Swisher,New York Yankees,
PSAR-PO,,Paul O'Neill,Cincinnati Reds,
PSAR-WB,,Wade Boggs,New York Yankees,
100 YEARS AT,,WRIGLEY AUTOGRAPH RELICS,,
WRIGAR-AR,,Anthony Rizzo,Chicago,Cubs
WRIGAR-BS,,Bruce Sutter,Chicago,Cubs
WRIGAR-FJ,,Fergie Jenkins,Chicago,Cubs
WRIGAR-GG,,Goose Gossage,Chicago,Cubs
WRIGAR-GM,,Greg Maddux,Chicago,Cubs
WRIGAR-JS,,Jorge Soler,Chicago,Cubs
WRIGAR-KB,,Kris Bryant,Chicago,Cubs
WRIGAR-KS,,Kyle Schwarber,Chicago,Cubs
WRIGAR-MG,,Mark Grace,Chicago,Cubs
WRIGAR-RS,,Ryne Sandberg,Chicago,Cubs
WALK OFF WINS AUTOGRAPH RELICS,,,,
WOWAR-DO,,David Ortiz,Boston Red Sox,
WOWAR-EL,,Evan Longoria,Tampa Bay Rays,
WOWAR-LG,,Luis Gonzalez,Arizona Diamondbacks,
WOWAR-MM,,Manny Machado,Baltimore Orioles,
WOWAR-NG,,Nomar Garciaparra,Los Angeles Dodgers,
WORLD CHAMPION AUTOGRAPH RELICS,,,,
WCAR-AE,,Alcides Escobar,Kansas City Royals,
WCAR-AG,,Alex Gordon,Kansas City Royals,
WCAR-KM,,Kendrys Morales,Kansas City Royals,
WCAR-SP,,Salvador Perez,Kansas City Royals,
POSTSEASON PERFORMANCE AUTOGRAPH RELICS,,,,
PPAR-ARI,Anthony Rizzo,,Chicago Cubs,
PPAR-ARU,Addison Russell,,Chicago Cubs,
PPAR-DW,David Wright,,New York Mets,
PPAR-JD,Jacob deGrom,,New York Mets,
PPAR-JF,Jeurys Familia,,New York Mets,
PPAR-JLE,Jon Lester,,Chicago Cubs,
PPAR-LD,Lucas Duda,,New York Mets,
PPAR-MS,Marcus Stroman,,Toronto Blue Jays,
PPAR-NS,Noah Syndergaard,,New York Mets,
PPAR-WF,Wilmer Flores,,New York Mets,
MANUFACTURED RELICS,,,,
TEAM LOGO PIN CARDS,,,,
TLP-AM,Andrew McCutchen,,Pittsburgh Pirates,
TLP-AN,Aaron Nola,,Philadelphia Phillies,
TLP-BP,Buster Posey,,San Francisco Giants,
TLP-BR,Babe Ruth,,New York Yankees,
TLP-CA,Chris Archer,,Tampa Bay Rays,
TLP-CK,Clayton Kershaw,,Los Angeles Dodgers,
TLP-CR,Cal Ripken Jr.,,Baltimore Orioles,
TLP-DW,Dave Winfield,,San Diego Padres,
TLP-GB,George Brett,,Kansas City Royals,

TLP-GS,Giancarlo Stanton,Miami Marlins
TLP-I,Ichiro,Seattle Mariners
TLP-JA,Jose Abreu,Chicago White Sox
TLP-JB,Jose Bautista,Toronto Blue Jays
TLP-JBE,Johnny Bench,Cincinnati Reds
TLP-JD,Josh Donaldson,Toronto Blue Jays
TLP-KB,Kris Bryant,Chicago Cubs
TLP-KS,Kyle Schwarber,Chicago Cubs
TLP-LC,Lorenzo Cain,Kansas City Royals
TLP-MC,Miguel Cabrera,Detroit Tigers
TLP-MH,Matt Harvey,New York Mets
TLP-MS,Miguel Sano,Minnesota Twins
TLP-MTA,Masahiro Tanaka,New York Yankees
TLP-MTR,Mike Trout,Los Angeles Angels
TLP-NC,Nelson Cruz,Seattle Mariners
TLP-NR,Nolan Ryan,Houston Astros
TLP-OS,Ozzie Smith,St. Louis Cardinals
TLP-RJ,Randy Johnson,Arizona Diamondbacks
TLP-RY,Robin Yount,Milwaukee Brewers
TLP-SK,Sandy Koufax,Los Angeles Dodgers
TLP-SM,Shelby Miller,Atlanta Braves
TLP-TT,Troy Tulowitzki,Toronto Blue Jays
TLP-TW,Ted Williams,Boston Red Sox
TLP-WM,Willie Mays,New York Giants
TLP-YD,Yu Darvish,Texas Rangers
NO HITTER PIN CARDS,,
NHP-BF,Bob Feller,Cleveland Indians
NHP-CK,Clayton Kershaw,Los Angeles Dodgers
NHP-FV,Fernando Valenzuela,Los Angeles Dodgers
NHP-HB,Homer Bailey,Cincinnati Reds
NHP-JL,Jon Lester,Boston Red Sox
NHP-JP,Jim Palmer,Baltimore Orioles
NHP-JS,Johan Santana,New York Mets
NHP-JZ,Jordan Zimmermann,Washington Nationals
NHP-MC,Matt Cain,San Francisco Giants
NHP-NR,Nolan Ryan,Texas Rangers
NHP-PN,Phil Niekro,Atlanta Braves
NHP-RJ,Randy Johnson,Seattle Mariners
NHP-SK,Sandy Koufax,Los Angeles Dodgers
NHP-TS,Tom Seaver,Cincinnati Reds
NHP-WS,Warren Spahn,Milwaukee Braves
WORLD CHAMPION COIN AND STAMP CARDS,,
WCCS-AK,Al Kaline,Detroit Tigers
WCCS-BL,Barry Larkin,Cincinnati Reds
WCCS-BP,Buster Posey,San Francisco Giants
WCCS-BR,Babe Ruth,New York Yankees
WCCS-CH,Cole Hamels,Philadelphia Phillies
WCCS-CR,Cal Ripken Jr.,Baltimore Orioles
WCCS-CS,CC Sabathia,New York Yankees
WCCS-DF,David Freese,St. Louis Cardinals
WCCS-DO,David Ortiz,Boston Red Sox
WCCS-DP,Dustin Pedroia,Boston Red Sox
WCCS-GB,George Brett,Kansas City Royals
WCCS-GC,Gary Carter,New York Mets
WCCS-LG,Lou Gehrig,New York Yankees
WCCS-LGO,Luis Gonzalez,Arizona Diamondbacks
WCCS-MB,Madison Bumgarner,San Francisco Giants
WCCS-OS,Ozzie Smith,St. Louis Cardinals

WCCS-PM,Paul Molitor,Toronto Blue Jays
WCCS-PS,Pablo Sandoval,San Francisco Giants
WCCS-SK,Sandy Koufax,Los Angeles Dodgers
WCCS-TG,Tom Glavine,Atlanta Braves
WCCS-TL,Tommy Lasorda,Los Angeles Dodgers
WCCS-WM,Willie Mays,New York Giants
WCCS-WS,Warren Spahn,Milwaukee Braves
WCCS-WST,Willie Stargell,Pittsburgh Pirates
WCCS-YM,Yadier Molina,St. Louis Cardinals
RETAIL,,
AMAZING MILESTONES,,
AM-01,Warren Spahn,Milwaukee Braves
AM-02,Alex Rodriguez,New York Yankees
AM-03,Carl Yastrzemski,Boston Red Sox
AM-04,Ted Williams,Boston Red Sox
AM-05,Nolan Ryan,Texas Rangers
AM-06,Hank Aaron,Atlanta Braves
AM-07,Babe Ruth,New York Yankees
AM-08,Greg Maddux,Chicago Cubs
AM-09,Rickey Henderson,Oakland Athletics
AM-10,Willie Mays,San Francisco Giants
MLB DEBUT,,
MLBD-1,Hank Aaron,Milwaukee Braves
MLBD-2,Ryan Braun,Milwaukee Brewers
MLBD-3,Kris Bryant,Chicago Cubs
MLBD-4,Miguel Cabrera,Florida Marlins
MLBD-5,Robinson Cano,New York Yankees
MLBD-6,Starlin Castro,Chicago Cubs
MLBD-7,Yoenis Cespedes,Oakland Athletics
MLBD-8,Nelson Cruz,Milwaukee Brewers
MLBD-9,Yu Darvish,Texas Rangers
MLBD-10,Josh Donaldson,Oakland Athletics
MLBD-11,Jacoby Ellsbury,Boston Red Sox
MLBD-12,Paul Goldschmidt,Arizona Diamondbacks
MLBD-13,Adrian Gonzalez,Texas Rangers
MLBD-14,Dwight Gooden,New York Mets
MLBD-15,Matt Harvey,New York Mets
MLBD-16,Jason Heyward,Atlanta Braves
MLBD-17,Ryan Howard,Philadelphia Phillies
MLBD-18,Sandy Koufax,Brooklyn Dodgers
MLBD-19,Evan Longoria,Tampa Bay Rays
MLBD-20,Victor Martinez,Cleveland Indians
MLBD-21,Joe Mauer,Minnesota Twins
MLBD-22,Willie Mays,New York Giants
MLBD-23,Andrew McCutchen,Pittsburgh Pirates
MLBD-24,Satchel Paige,Cleveland Indians
MLBD-25,Mike Piazza,Los Angeles Dodgers
MLBD-26,Buster Posey,San Francisco Giants
MLBD-27,Albert Pujols,St. Louis Cardinals
MLBD-28,Cal Ripken Jr.,Baltimore Orioles
MLBD-29,Brooks Robinson,Baltimore Orioles
MLBD-30,Jackie Robinson,Brooklyn Dodgers
MLBD-31,Alex Rodriguez,Seattle Mariners
MLBD-32,Babe Ruth,Boston Red Sox
MLBD-33,Nolan Ryan,New York Mets
MLBD-34,Giancarlo Stanton,Florida Marlins
MLBD-35,Mike Trout,Los Angeles Angels

MLBD-36,Troy Tulowitzki,Colorado Rockies
MLBD-37,Justin Upton,Arizona Diamondbacks
MLBD-38,Fernando Valenzuela,Los Angeles Dodgers
MLBD-39,Jayson Werth,Toronto Blue Jays
MLBD-40,Bernie Williams,New York Yankees
MLB DEBUT MEDALLION CARDS,,
MDM-AG,Adrian Gonzalez,Texas Rangers
MDM-AM,Andrew McCutchen,Pittsburgh Pirates
MDM-AP,Albert Pujols,St. Louis Cardinals
MDM-AR,Alex Rodriguez,Seattle Mariners
MDM-BP,Buster Posey,San Francisco Giants
MDM-BR,Brooks Robinson,Baltimore Orioles
MDM-BRU,Babe Ruth,Boston Red Sox
MDM-BW,Bernie Williams,New York Yankees
MDM-CR,Cal Ripken Jr.,Baltimore Orioles
MDM-DG,Dwight Gooden,New York Mets
MDM-EL,Evan Longoria,Tampa Bay Rays
MDM-FV,Fernando Valenzuela,Los Angeles Dodgers
MDM-GS,Giancarlo Stanton,Florida Marlins
MDM-HA,Hank Aaron,Milwaukee Braves
MDM-JD,Josh Donaldson,Oakland Athletics
MDM-JE,Jacoby Ellsbury,Boston Red Sox
MDM-JH,Jason Heyward,Atlanta Braves
MDM-JM,Joe Mauer,Minnesota Twins
MDM-JR,Jackie Robinson,Brooklyn Dodgers
MDM-JU,Justin Upton,Arizona Diamondbacks
MDM-JW,Jayson Werth,Toronto Blue Jays
MDM-KB,Kris Bryant,Chicago Cubs
MDM-MC,Miguel Cabrera,Florida Marlins
MDM-MH,Matt Harvey,New York Mets
MDM-MP,Mike Piazza,Los Angeles Dodgers
MDM-MT,Mike Trout,Los Angeles Angels
MDM-NC,Nelson Cruz,Milwaukee Brewers
MDM-NR,Nolan Ryan,New York Mets
MDM-PG,Paul Goldschmidt,Arizona Diamondbacks
MDM-RB,Ryan Braun,Milwaukee Brewers
MDM-RC,Robinson Cano,New York Yankees
MDM-RH,Ryan Howard,Philadelphia Phillies
MDM-SC,Starlin Castro,Chicago Cubs
MDM-SK,Sandy Koufax,Brooklyn Dodgers
MDM-SP,Satchel Paige,Cleveland Indians
MDM-TT,Troy Tulowitzki,Colorado Rockies
MDM-VM,Victor Martinez,Cleveland Indians
MDM-WM,Willie Mays,New York Giants
MDM-YC,Yoenis Cespedes,Oakland Athletics
MDM-YD,Yu Darvish,Texas Rangers
THE GREATEST,STREAKS,
GS-01,Cal Ripken Jr.,Baltimore Orioles
GS-02,Ken Griffey Jr.,Seattle Mariners
GS-03,Zack Greinke,Los Angeles Dodgers
GS-04,Ichiro,Seattle Mariners
GS-05,Babe Ruth,New York Yankees
GS-06,Chris Sale,Chicago White Sox
GS-07,Tom Seaver,New York Mets
GS-08,Nolan Ryan,Texas Rangers
GS-09,Ted Williams,Boston Red Sox
GS-10,Lou Gehrig,New York Yankees

MLB DEBUT AUTOGRAPH RELICS,,
MDAR-AG,Adrian Gonzalez,Texas Rangers
MDAR-BP,Buster Posey,San Francisco Giants
MDAR-JH,Jason Heyward,Atlanta Braves
MDAR-JM,Joe Mauer,Minnesota Twins
MDAR-KB,Kris Bryant,Chicago Cubs
MDAR-PG,Paul Goldschmidt,Arizona Diamondbacks
MDAR-RC,Robinson Cano,New York Yankees
MDAR-RH,Ryan Howard,Philadelphia Phillies
MDAR-SC,Starlin Castro,Chicago Cubs
MDAR-VM,Victor Martinez,Cleveland Indians
PROMO,,
BUNT PLAYER CARDS,,
Kris Bryant,Chicago Cubs,
Madison BumgarnSearn Francisco Giants,,
Clayton Kershaw Los Angeles Dodgers,,
David Ortiz,Boston Red Sox,
Anthony Rizzo,Chicago Cubs,
Kyle Schwarber,Chicago Cubs,
Corey Seager,Los Angeles Dodgers,
Josh Donaldson,Toronto Blue Jays,
Troy Tulowitzki,Toronto Blue Jays,
Ichiro,Miami Marlins,
Carlos Correa,Houston Astros,
David Wright,New York Mets,
Dustin Pedroia,Boston Red Sox,
Adrian Gonzalez Los Angeles Dodgers,,
Bryce Harper,Washington Nationals,
Hunter Pence,San Francisco Giants,
Matt Harvey,New York Mets,
Buster Posey,San Francisco Giants,
Albert Pujols,Los Angeles Angels,
Andrew McCutchePnittsburgh Pirates,,
Yadier Molina,St. Louis CardinalsTM,
Miguel Cabrera,Detroit Tigers,
Felix Hernandez,Seattle Mariners,
Todd Frazier,Cincinnati Reds,
Mike Trout,Los Angeles Angels,
MLB WACKY PROMO CARD,,
MLBW-1,Giants Magic Beans,
MLBW-2,Mets Deli Meat,
MLBW-3,Royals Blue Cheese,
MLBW-4,Dodgers Sushi,
MLBW-5,Red Sox Tea Bags,
MLBW-6,Cardinals Eggs,
