BASE,,,
352,Carson Blair,Oakland Athletics,Rookie
353,Joey Gallo,Texas Rangers,
354,Tyson Ross,San Diego Padres,
355,Avisail Garcia,Chicago White Sox,
356,Odrisamer Despaigne,Baltimore Orioles,
357,Jace Peterson,Atlanta Braves,
358,Chris Young,Kansas City Royals,
359,Christian Colon,Kansas City Royals,
360,Eduardo Escobar,Minnesota Twins,
361,Jeff Locke,Pittsburgh Pirates,
362,Cory Spangenberg,San Diego Padres,
363,Brett Cecil,Toronto Blue Jays,
364,Keon Broxton,Milwaukee Brewers,Rookie
365,James Pazos,New York Yankees,Rookie
366,Scott Alexander,Kansas City Royals,Rookie
367,Pedro Alvarez,Baltimore Orioles,
368,Xander Bogaerts,Boston Red Sox,
369,Dellin Betances,New York Yankees,
370,Bud Norris,Atlanta Braves,
371,Jason Heyward,Chicago Cubs,
372,Zack Cozart,Cincinnati Reds,
373,Tucker Barnhart,Cincinnati Reds,
374,Zach McAllister,Cleveland Indians,
375,Jordan Lyles,Colorado Rockies,
376,Brandon Barnes,Colorado Rockies,
377,Scott Kazmir,Los Angeles Dodgers,
378,Jeff Mathis,Miami Marlins,
379,Wei-Yin Chen,Miami Marlins,
380,Michael Blazek,Milwaukee Brewers,
381,Bartolo Colon,New York Mets,
382,David2= Winning FormulaBoston Red Sox,,
383,Andres Blanco,Philadelphia Phillies,
384,Michael Morse,Pittsburgh Pirates,
385,Jon Jay,San Diego Padres,
386,Nori Aoki,Seattle Mariners,
387,Kansas City Clutch,Kansas City Royals,
388,Evan Longoria,Tampa Bay Rays,
389,Sam Dyson,Texas Rangers,
390,Danny Espinosa,Washington Nationals,
391,Matt Boyd,Detroit Tigers,Future Star
392,Jon Singleton,Houston Astros,
393,Kelvin Herrera,Kansas City Royals,
394,Abel De Los Santos,Washington Nationals,Rookie
395,Raul Mondesi,Kansas City Royals,Rookie
396,Matt Reynolds,New York Mets,Rookie
397,Mac Williamson,San Francisco Giants,Rookie
398,Cleveland Indians,,
399,Kansas City Royals,,
400,David Ortiz,Boston Red Sox,
401,Peter O'Brien,Arizona Diamondbacks,Rookie
402,Daniel Norris,Detroit Tigers,Future Star
403,David Peralta,Arizona Diamondbacks,
404,Miami Marlins,,
405,Ruben Tejada,St. Louis Cardinals,
406,Marwin Gonzalez,Houston Astros,
407,Yoenis Cespedes,New York Mets,
408,Jason Castro,Houston Astros,
409,Jean Segura,Arizona Diamondbacks,
410,Mike Moustakas,Kansas City Royals,
411,Brian Matusz,Baltimore Orioles,
412,Mark Lowe,Detroit Tigers,
413,David Phelps,Miami Marlins,
414,Wily Peralta,Milwaukee Brewers,
415,Brett Wallace,San Diego Padres,
416,Johnny Cueto,San Francisco Giants,
417,Brad Boxberger,Tampa Bay Rays,
418,Yu Darvish,Texas Rangers,
419,Aaron Altherr,Philadelphia Phillies,Rookie
420,Pedro Severino,Washington Nationals,Rookie
421,Cesar Hernandez,Philadelphia Phillies,
422,Miguel Gonzalez,Baltimore Orioles,
423,Carl Crawford,Los Angeles Dodgers,
424,Brandon Belt,San Francisco Giants,
425,Jackie Bradley Jr.,Boston Red Sox,
426,Joey Votto,Cincinnati Reds,
427,Travis Shaw,Boston Red Sox,
428,Gregory Polanco,Pittsburgh Pirates,
429,Kenta Maeda,Los Angeles Dodgers,Rookie
430,Ariel Pena,Milwaukee Brewers,Rookie
431,Philadelphia Phillies,,
432,Cameron Rupp,Philadelphia Phillies,
433,Trevor Brown,San Francisco Giants,Rookie
434,Matt Adams,St. Louis Cardinals,
435,Enrique Hernandez,Los Angeles Dodgers,
436,Raudel Lazo,Miami Marlins,Rookie

437,Michael Lorenzen,Cincinnati Reds,
438,Paulo Orlando,Kansas City Royals,
439,Francisco Lindor,Cleveland Indians,Future Star
440,Tommy Pham,St. Louis Cardinals,Future Star
441,David Ross,Chicago Cubs,
442,Brandon Crawford,San Francisco Giants,
443,Prince Fielder,Texas Rangers,
444,Jordan Zimmermann,Detroit Tigers,
445,Robbie Ray,Arizona Diamondbacks,
446,Tom Murphy,Colorado Rockies,Rookie
447,Ben Zobrist,Chicago Cubs,
448,St. Louis Cardinals,,
449,J.A. Happ,Toronto Blue Jays,
450,David Price,Boston Red Sox,
451,Jose Reyes,Colorado Rockies,
452,Gerrit Cole,Pittsburgh Pirates,
453,Young Cubs  Buds,Chicago Cubs,
454,Greg Holland,Kansas City Royals,
455,Preston Tucker,Houston Astros,
456,Gordon Beckham,Atlanta Braves,
457,Nick Swisher,Atlanta Braves,
458,Kenley Jansen,Los Angeles Dodgers,
459,James Loney,Tampa Bay Rays,
460,Danny Salazar,Cleveland Indians,
461,Freddy Galvis,Philadelphia Phillies,
462,Jumbo Diaz,Cincinnati Reds,
463,Boston Red Sox,,
464,Robinson Chirinos,Texas Rangers,
465,Jesse Chavez,Toronto Blue Jays,
466,Marco Estrada,Toronto Blue Jays,
467,Giovanny Urshela,Cleveland Indians,
468,Rajai Davis,Cleveland Indians,
469,Logan Morrison,Tampa Bay Rays,
470,John Lackey,Chicago Cubs,
471,Kolten Wong,St. Louis Cardinals,
472,Josh Reddick,Oakland Athletics,
473,Robbie Erlin,San Diego Padres,
474,Chicago Cubs,,
475,Max Kepler,Minnesota Twins,Rookie
476,Hisashi Iwakuma,Seattle Mariners,
477,Chris Tillman,Baltimore Orioles,
478,Cody Asche,Philadelphia Phillies,
479,Marcus Stroman,Toronto Blue Jays,
480,Mike Foltynewicz,Atlanta Braves,
481,Hector Rondon,Chicago Cubs,
482,Drew Smyly,Tampa Bay Rays,
483,Erasmo Ramirez,Tampa Bay Rays,
484,Trevor Rosenthal,St. Louis Cardinals,
485,James Paxton,Seattle Mariners,
486,Chris Rusin,Colorado Rockies,
487,Martin Prado,Miami Marlins,
488,Colton Murray,Philadelphia Phillies,Rookie
489,Adeiny Hechavarria,Miami Marlins,
490,Guido Knudson,Detroit Tigers,Rookie
491,Rich Hill,Oakland Athletics,
492,Many Healthy Returns,St. Louis Cardinals,
493,R.A. Dickey,Toronto Blue Jays,
494,Luis Avilan,Los Angeles Dodgers,
495,Luke Maile,Tampa Bay Rays,Rookie
496,Brett Anderson,Los Angeles Dodgers,
497,Devin Mesoraco,Cincinnati Reds,
498,Steve Cishek,Seattle Mariners,
499,Carlos Perez,Los Angeles Angels,
500,Albert Pujols,Los Angeles Angels,
501,Alex Rios,Kansas City Royals,
502,Austin Hedges,San Diego Padres,
503,Luis Valbuena,Houston Astros,
504,Elias Diaz,Pittsburgh Pirates,Rookie
505,Frankie Montas,Los Angeles Dodgers,Rookie
506,Stephen Vogt,Oakland Athletics,
507,Travis Wood,Chicago Cubs,
508,Jaime Garcia,St. Louis Cardinals,
509,Mark Canha,Oakland Athletics,
510,Tony Watson,Pittsburgh Pirates,
511,Manny Banuelos,Atlanta Braves,
512,Ryan Madson,Oakland Athletics,
513,Caleb Joseph,Baltimore Orioles,
514,Michael Taylor,Washington Nationals,
515,Ryan Flaherty,Baltimore Orioles,
516,Steve Johnson,Texas Rangers,
517,Corey Knebel,Milwaukee Brewers,
518,Matt Duffy,San Francisco Giants,
519,Kyle Barraclough,Miami Marlins,Rookie
520,Anthony Rendon,Washington Nationals,
521,Chris Archer,Tampa Bay Rays,
522,Alex Avila,Chicago White Sox,
523,Blake Swihart,Boston Red Sox,Future Star

524,Justin Nicolino,Miami Marlins,Future Star
525,Jurickson Profar,Texas Rangers,
526,T.J. McFarland,Baltimore Orioles,
527,Jordy Mercer,Pittsburgh Pirates,
528,Byron Buxton,Minnesota Twins,Future Star
529,Zack Wheeler,New York Mets,
530,Caleb Cotham,New York Yankees,Rookie
531,Cody Allen,Cleveland Indians,
532,Matt Marksberry,Atlanta Braves,Rookie
533,Jonathan Villar,Milwaukee Brewers,
534,Eduardo Nunez,Minnesota Twins,
535,Ivan Nova,New York Yankees,
536,Alex Wood,Los Angeles Dodgers,
537,Tampa Bay Rays,,
538,Michael Reed,Milwaukee Brewers,Rookie
539,Nate Karns,Seattle Mariners,
540,Curt Casali,Tampa Bay Rays,
541,James Shields,San Diego Padres,
542,Scott Van Slyke,Los Angeles Dodgers,
543,Carlos Rodon,Chicago White Sox,Future Star
544,Jeremy Jeffress,Milwaukee Brewers,
545,Hector Santiago,Los Angeles Angels,
546,Ricky Nolasco,Minnesota Twins,
547,Nick Goody,New York Yankees,Rookie
548,Lucas Duda,New York Mets,
549,Luke Jackson,Texas Rangers,Rookie
550,Dallas Keuchel,Houston Astros,
551,Steven Matz,New York Mets,Future Star
552,Texas Rangers,,
553,Adrian Houser,Milwaukee Brewers,Rookie
554,Daniel Murphy,Washington Nationals,
555,Franklin Gutierrez,Seattle Mariners,
556,Abraham Almonte,Cleveland Indians,
557,Alexi Amarista,San Diego Padres,
558,Sean Rodriguez,Pittsburgh Pirates,
559,Cliff Pennington,Los Angeles Angels,
560,Kennys Vargas,Minnesota Twins,
561,Kyle Gibson,Minnesota Twins,
562,Addison Russell,Chicago Cubs,Future Star
563,Lance McCullers,Houston Astros,Future Star
564,Tanner Roark,Washington Nationals,
565,Matt den Dekker,Washington Nationals,
566,Alex Rodriguez,New York Yankees,
567,Carlos Beltran,New York Yankees,
568,Arizona Diamondbacks,,
569,Los Angeles Dodgers,,
570,Corey Dickerson,Tampa Bay Rays,
571,Mark Reynolds,Colorado Rockies,
572,Marcell Ozuna,Miami Marlins,
573,Tom Koehler,Miami Marlins,
574,Ryan Dull,Oakland Athletics,Rookie
575,Ryan Strausborger,Texas Rangers,Rookie
576,Tyler Duffey,Minnesota Twins,Rookie
577,Jason Gurka,Colorado Rockies,Rookie
578,Mike Leake,St. Louis Cardinals,
579,Michael Wacha,St. Louis Cardinals,
580,Socrates Brito,Arizona Diamondbacks,Rookie
581,Zach Davies,Milwaukee Brewers,Rookie
582,Jose Quintana,Chicago White Sox,
583,Didi Gregorius,New York Yankees,
584,Adam Duvall,Cincinnati Reds,
585,Raisel Iglesias,Cincinnati Reds,Future Star
586,Chris Stewart,Pittsburgh Pirates,
587,Neftali Feliz,Pittsburgh Pirates,
588,Cole Hamels,Texas Rangers,
589,Derek Holland,Texas Rangers,
590,Anthony Gose,Detroit Tigers,
591,Trevor Plouffe,Minnesota Twins,
592,Adrian Beltre,Texas Rangers,
593,Alex Cobb,Tampa Bay Rays,
594,Lonnie Chisenhall,Cleveland Indians,
595,Mike Napoli,Cleveland Indians,
596,Sergio Romo,San Francisco Giants,
597,Chi Chi Gonzalez,Texas Rangers,
598,Khris Davis,Oakland Athletics,
599,Domingo Santana,Milwaukee Brewers,
600,Madison Bumgarner,San Francisco Giants,
601,Leonys Martin,Seattle Mariners,
602,Keith Hessler,Arizona Diamondbacks,Rookie
603,Shawn Armstrong,Cleveland Indians,Rookie
604,Jeff Samardzija,San Francisco Giants,
605,Santiago Casilla,San Francisco Giants,
606,Miguel Almonte,Kansas City Royals,Rookie
607,Brandon Drury,Arizona Diamondbacks,Rookie
608,Rick Porcello,Boston Red Sox,
609,Billy Hamilton,Cincinnati Reds,
610,Adam Morgan,Philadelphia Phillies,

611,Darin Ruf,Philadelphia Phillies,
612,Cincinnati Reds,,
613,Milwaukee Brewers,,
614,Dalton Pompey,Toronto Blue Jays,
615,Miguel Castro,Colorado Rockies,
616,Keone Kela,Texas Rangers,
617,Justin Smoak,Toronto Blue Jays,
618,Desmond Jennings,Tampa Bay Rays,
619,Dustin Ackley,New York Yankees,
620,Daniel Hudson,Arizona Diamondbacks,
621,Zach Duke,Chicago White Sox,
622,Ken Giles,Houston Astros,
623,Tyler Saladino,Chicago White Sox,
624,Tommy Milone,Minnesota Twins,
625,Wil Myers,San Diego Padres,
626,Danny Valencia,Oakland Athletics,
627,Mike Fiers,Houston Astros,
628,Welington Castillo,Arizona Diamondbacks,
629,Patrick Corbin,Arizona Diamondbacks,
630,Michael Saunders,Toronto Blue Jays,
631,Chris Reed,Miami Marlins,Rookie
632,Ramon Cabrera,Cincinnati Reds,Rookie
633,Martin Perez,Texas Rangers,
634,Jorge Lopez,Milwaukee Brewers,Rookie
635,A.J. Pierzynski,Atlanta Braves,
636,Arodys Vizcaino,Atlanta Braves,
637,Stephen Strasburg,Washington Nationals,
638,Michael Pineda,New York Yankees,
639,Rubby De La Rosa,Arizona Diamondbacks,
640,Carl Edwards Jr.,Chicago Cubs,Rookie
641,Vidal Nuno,Seattle Mariners,
642,Mike Pelfrey,Detroit Tigers,
643,Elite Meet & Greet,New York Mets,
644,Los Angeles Angels,,
645,Danny Santana,Minnesota Twins,
646,Brad Miller,Tampa Bay Rays,
647,Eduardo Rodriguez,Boston Red Sox,Future Star
648,San Francisco Giants,,
649,Aroldis Chapman,New York Yankees,
650,Carlos Correa,Houston Astros,Future Star
651,Dioner Navarro,Chicago White Sox,
652,Collin McHugh,Houston Astros,
653,Chris Iannetta,Seattle Mariners,
654,Brandon Guyer,Tampa Bay Rays,
655,Domonic Brown,Toronto Blue Jays,
656,Randal Grichuk,St. Louis Cardinals,Future Star
657,Johnny Giavotella,Los Angeles Angels,
658,Wilson Ramos,Washington Nationals,
659,Adonis Garcia,Atlanta Braves,
660,John Axford,Oakland Athletics,
661,DJ LeMahieu,Colorado Rockies,
662,Masahiro Tanaka,New York Yankees,
663,Jake Petricka,Chicago White Sox,
664,Mikie Mahtook,Tampa Bay Rays,
665,Jared Hughes,Pittsburgh Pirates,
666,J.T. Realmuto,Miami Marlins,Future Star
667,James McCann,Detroit Tigers,Future Star
668,Javier Baez,Chicago Cubs,Future Star
669,Tyler Skaggs,Los Angeles Angels,
670,Will Smith,Milwaukee Brewers,
671,Tony Cingrani,Cincinnati Reds,
672,Shane Peterson,Milwaukee Brewers,
673,Justin Upton,Detroit Tigers,
674,Tyler Chatwood,Colorado Rockies,
675,Gary Sanchez,New York Yankees,Rookie
676,Jarred Cosart,Miami Marlins,
677,Derek Norris,San Diego Padres,
678,Carlos Martinez,St. Louis Cardinals,
679,Nate Jones,Chicago White Sox,
680,Tuffy Gosewisch,Arizona Diamondbacks,
681,Joe Smith,Los Angeles Angels,
682,Danny Duffy,Kansas City Royals,
683,Carlos Gonzalez,Colorado Rockies,
684,Jarrod Dyson,Kansas City Royals,
685,Kyle Waldrop,Cincinnati Reds,Rookie
686,Brandon Finnegan,Cincinnati Reds,Future Star
687,Chris Owings,Arizona Diamondbacks,
688,Shawn Tolleson,Texas Rangers,
689,Eugenio Suarez,Cincinnati Reds,
690,Jimmy Nelson,Milwaukee Brewers,
691,Kris Medlen,Kansas City Royals,
692,Giovanni Soto,Cleveland Indians,Rookie
693,Josh Tomlin,Cleveland Indians,
694,Scott McGough,Miami Marlins,Rookie
695,Kyle Crockett,Cleveland Indians,
696,Lorenzo Cain,Kansas City Royals,
697,Andrew Cashner,San Diego Padres,

698,Matt Moore,Tampa Bay Rays,,
699,Justin Bour,Miami Marlins,,Future Star
700,Ichiro,Miami Marlins,,
701,Tyler Flowers,Atlanta Braves,,
AUTOGRAPH RELIC,,,,
BERGERS BEST AUTOGRAPH RELICS,,,,
BBAR-BP,Buster Posey,San Francisco Giants,,
BBAR-BW,Bernie Williams,New York Yankees,,
BBAR-CY,Carl Yastrzemski,Boston Red Sox,,
BBAR-EL,Evan Longoria,Tampa Bay Rays,,
BBAR-FR,Frank Robinson,Baltimore Orioles,,
BBAR-FV,Fernando Valenzuela,Los Angeles Dodgers,,
BBAR-JB,Johnny Bench,Cincinnati Reds,,
BBAR-RS,Ryne Sandberg,Chicago Cubs,,
BBAR-RY,Robin Yount,Milwaukee Brewers,,
BBAR-WB,Wade Boggs,Boston Red Sox,,
TRIBUTE TO THE KID AUTOGRAPH PATCHES,,,,
KIDAP-1,Ken Griffey Jr.,Seattle Mariners,,
KIDAP-2,Ken Griffey Jr.,Seattle Mariners,,
KIDAP-3,Ken Griffey Jr.,Seattle Mariners,,
KIDAP-4,Ken Griffey Jr.,Seattle Mariners,,
KIDAP-5,Ken Griffey Jr.,Seattle Mariners,,
KIDAP-6,Ken Griffey Jr.,Seattle Mariners,,
KIDAP-7,Ken Griffey Jr.,Seattle Mariners,,
KIDAP-8,Ken Griffey Jr.,Seattle Mariners,,
KIDAP-9,Ken Griffey Jr.,Seattle Mariners,,
KIDAP-10,Ken Griffey Jr.,Seattle Mariners,,
KIDAP-11,Ken Griffey Jr.,Seattle Mariners,,
KIDAP-12,Ken Griffey Jr.,Seattle Mariners,,
KIDAP-13,Ken Griffey Jr.,Seattle Mariners,,
KIDAP-14,Ken Griffey Jr.,Seattle Mariners,,
KIDAP-15,Ken Griffey Jr.,Seattle Mariners,,
KIDAP-16,Ken Griffey Jr.,Seattle Mariners,,
KIDAP-17,Ken Griffey Jr.,Seattle Mariners,,
KIDAP-18,Ken Griffey Jr.,Seattle Mariners,,
KIDAP-19,Ken Griffey Jr.,Cincinnati Reds,,
KIDAP-20,Ken Griffey Jr.,Cincinnati Reds,,
KIDAP-21,Ken Griffey Jr.,Cincinnati Reds,,
KIDAP-22,Ken Griffey Jr.,Cincinnati Reds,,
KIDAP-23,Ken Griffey Jr.,Cincinnati Reds,,
KIDAP-24,Ken Griffey Jr.,Cincinnati Reds,,
KIDAP-25,Ken Griffey Jr.,Cincinnati Reds,,
KIDAP-26,Ken Griffey Jr.,Cincinnati Reds,,
KIDAP-27,Ken Griffey Jr.,Cincinnati Reds,,
KIDAP-28,Ken Griffey Jr.,Cincinnati Reds,,
KIDAP-29,Ken Griffey Jr.,Chicago White Sox,,
KIDAP-30,Ken Griffey Jr.,Chicago White Sox,,
TOPPS LASER AUTOGRAPH RELICS,,,,
TLAR-AG,Adrian Gonzalez,Los Angeles Dodgers,,
TLAR-CS,Corey Seager,Los Angeles Dodgers,,
TLAR-DK,Dallas Keuchel,Houston Astros,,
TLAR-DP,Dustin Pedroia,Boston Red Sox,,
TLAR-DW,David Wright,New York Mets,,
TLAR-FF,Freddie Freeman,Atlanta Braves,,
TLAR-HOL,Hector Olivera,Atlanta Braves,,
TLAR-MS,Miguel Sano,Minnesota Twins,,
TLAR-NS,Noah Syndergaard,New York Mets,,
HALLOWED HIGHLIGHTS AUTOGRAPH RELICS,,,,
HHAR-KG,Ken Griffey Jr.,Seattle Mariners,,
HHAR-MM,Mark McGwire,St. Louis Cardinals,,
HHAR-NR,Nolan Ryan,Texas Rangers,,
HHAR-OS,Ozzie Smith,St. Louis Cardinals,,
HHAR-TG,Tony Gwynn,San Diego Padres,,
100 YEARS AT WRIGLEY AUTOGRAPH RELICS,,,,
WRIGAR-ARI,Anthony Rizzo,Chicago,Cubs,
WRIGAR-BW,Billy Williams,Chicago,Cubs,
WRIGAR-GM,Greg Maddux,Chicago,Cubs,
WRIGAR-JH,Jason Heyward,Chicago,Cubs,
WRIGAR-JS,Jorge Soler,Chicago,Cubs,
WRIGAR-KB,Kris Bryant,Chicago,Cubs,
WRIGAR-KS,Kyle Schwarber,Chicago,Cubs,
WRIGAR-MG,Mark Grace,Chicago,Cubs,
WRIGAR-RSA,Ryne Sandberg,Chicago,Cubs,
WRIGAR-RSN,Ron Santo,Chicago,Cubs,
RECORD SETTERS AUTOGRAPH RELICS,,,,
RSAR-AG,Adrian Gonzalez,Los Angeles Dodgers,,
RSAR-BH,Bryce Harper,Washington Nationals,,
RSAR-DO,David Ortiz,Boston Red Sox,,
RSAR-KB,Kris Bryant,Chicago Cubs,,Rookie

RSAR-MS,Max Scherzer,Washington Nationals,
BASEBALL LEATHER AUTOGRAPHS,,,
GLA-AGA,Andres Galarraga,Colorado Rockies,
GLA-AGO,Alex Gordon,Kansas City Royals,
GLA-BJ,Bo Jackson,Kansas City Royals,
GLA-CK,Clayton Kershaw,Los Angeles Dodgers,
GLA-CS,Corey Seager,Los Angeles Dodgers,Rookie
GLA-CY,Carl Yastrzemski,Boston Red Sox,
GLA-DK,Dallas Keuchel,Houston Astros,
GLA-DW,David Wright,New York Mets,
GLA-FM,Frankie Montas,Chicago White Sox,Rookie
GLA-FV,Fernando Valenzuela,Los Angeles Dodgers,
GLA-HO,Henry Owens,Boston Red Sox,Rookie
GLA-JA,Jose Abreu,Chicago White Sox,
GLA-JC,Jose Canseco,Oakland Athletics,
GLA-JF,Jeurys Familia,New York Mets,
GLA-JP,Joc Pederson,Los Angeles Dodgers,
GLA-JS,Jorge Soler,Chicago Cubs,
GLA-MC,Matt Cain,San Francisco Giants,
GLA-MS,Miguel Sano,Minnesota Twins,Rookie
GLA-NS,Noah Syndergaard,New York Mets,
GLA-RJ,Randy Johnson,Arizona Diamondbacks,
GLA-RY,Robin Yount,Milwaukee Brewers,
GLA-SC,Steve Carlton,Philadelphia Phillies,
GLA-SP,Stephen Piscotty,St. Louis Cardinals,Rookie
GLA-TT,Troy Tulowitzki,Toronto Blue Jays,
GLA-VG,Vladimir Guerrero,Montreal Expos,
TEAM LOGO PIN AUTOGRAPHS,,,
TLPA-BH,Bryce Harper,Washington Nationals,
TLPA-DK,Dallas Keuchel,Houston Astros,
TLPA-DO,David Ortiz,Boston Red Sox,
TLPA-DP,Dustin Pedroia,Boston Red Sox,
TLPA-DW,David Wright,New York Mets,
TLPA-GM,Greg Maddux,Atlanta Braves,
TLPA-MM,Mark McGwire,Oakland Athletics,
TLPA-SC,Steve Carlton,Philadelphia Phillies,
FUTURES GAME PINS AUTOGRAPHS,,,
FGPA-BH,Bryce Harper,Washington Nationals,
FGPA-CC,Carlos Correa,Houston Astros,
FGPA-CK,Clayton Kershaw,Los Angeles Dodgers,
FGPA-DW,David Wright,New York Mets,
FGPA-JA,Jose Altuve,Houston Astros,
FGPA-KB,Kris Bryant,Chicago Cubs,
FGPA-KS,Kyle Schwarber,Chicago Cubs,
FGPA-MT,Mike Trout,Los Angeles Angels,
FGPA-NS,Noah Syndergaard,New York Mets,
AUTOGRAPH,,,
SCOUTING REPORT AUTOGRAPHS,,,
SRA-AN,Aaron Nola,Philadelphia Phillies,
SRA-AW,Alex Wood,Los Angeles Dodgers,
SRA-BD,Brandon Drury,Arizona Diamondbacks,
SRA-BJ,Brian Johnson,Boston Red Sox,
SRA-BP,Byung-Ho Park,Minnesota Twins,
SRA-BSN,Blake Snell,Tampa Bay Rays,
SRA-CE,Carl Edwards Jr.,Chicago Cubs,
SRA-CH,Cody Hall,Arizona Diamondbacks,
SRA-CRE,Colin Rea,San Diego Padres,
SRA-CRO,Carlos Rodon,Chicago White Sox,
SRA-CS,Corey Seager,Los Angeles Dodgers,
SRA-EG,Erik Goeddel,New York Mets,
SRA-FM,Frankie Montas,Los Angeles Dodgers,
SRA-GB,Greg Bird,New York Yankees,
SRA-GS,George Springer,Houston Astros,
SRA-HOL,Hector Olivera,Atlanta Braves,
SRA-HOW,Henry Owens,Boston Red Sox,
SRA-JBE,Jose Berrios,Minnesota Twins,
SRA-JG,Jon Gray,Colorado Rockies,
SRA-JP,Jose Peraza,Cincinnati Reds,
SRA-KME,Kenta Maeda,Los Angeles Dodgers,
SRA-KS,Kyle Schwarber,Chicago Cubs,
SRA-KW,Kyle Waldrop,Cincinnati Reds,
SRA-LJ,Luke Jackson,Texas Rangers,
SRA-LS,Luis Severino,New York Yankees,
SRA-MAL,Miguel Almonte,Kansas City Royals,
SRA-MCO,Michael Conforto,New York Mets,
SRA-MDF,Matt Duffy,San Francisco Giants,
SRA-MDU,Matt Duffy,Houston Astros,
SRA-MG,Mychal Givens,Baltimore Orioles,
SRA-MK,Max Kepler,Minnesota Twins,
SRA-MRE,Michael Reed,Milwaukee Brewers,

SRA-MRY,Matt Reynolds,New York Mets
SRA-MS,Miguel Sano,Minnesota Twins
SRA-MW,Mac Williamson,San Francisco Giants
SRA-NK,Nate Karns,Seattle Mariners
SRA-PO,Peter O'Brien,Arizona Diamondbacks
SRA-RM,Raul Mondesi,Kansas City Royals
SRA-RR,Rob Refsnyder,New York Yankees
SRA-RS,Richie Shaffer,Tampa Bay Rays
SRA-SP,Stephen Piscotty,St. Louis Cardinals
SRA-TD,Tyler Duffey,Minnesota Twins
SRA-TH,T.J. House,Cleveland Indians
SRA-TM,Tom Murphy,Colorado Rockies
SRA-TP,Tommy Pham,St. Louis Cardinals
SRA-TT,Trea Turner,Washington Nationals
SRA-ZL,Zach Lee,Los Angeles Dodgers
CHASING 3000 AUTOGRAPHS,,
3000A-1,Ichiro,Seattle Mariners
3000A-2,Ichiro,Seattle Mariners
3000A-3,Ichiro,Seattle Mariners
3000A-4,Ichiro,Seattle Mariners
3000A-5,Ichiro,Seattle Mariners
3000A-6,Ichiro,Seattle Mariners
3000A-7,Ichiro,Seattle Mariners
3000A-8,Ichiro,Seattle Mariners
3000A-9,Ichiro,Seattle Mariners
3000A-10,Ichiro,Seattle Mariners
3000A-11,Ichiro,Seattle Mariners
3000A-12,Ichiro,Seattle Mariners
3000A-13,Ichiro,Seattle Mariners
3000A-14,Ichiro,Seattle Mariners
3000A-15,Ichiro,Seattle Mariners
3000A-16,Ichiro,Seattle Mariners
3000A-17,Ichiro,Seattle Mariners
3000A-18,Ichiro,Seattle Mariners
3000A-19,Ichiro,Seattle Mariners
3000A-20,Ichiro,Seattle Mariners
3000A-21,Ichiro,Seattle Mariners
3000A-22,Ichiro,Seattle Mariners
3000A-23,Ichiro,Seattle Mariners
3000A-24,Ichiro,Seattle Mariners
3000A-25,Ichiro,Seattle Mariners
3000A-26,Ichiro,New York Yankees
3000A-27,Ichiro,New York Yankees
3000A-28,Ichiro,Miami Marlins
3000A-29,Ichiro,Miami Marlins
3000A-30,Ichiro,Miami Marlins
BERGERS BEST AUTOGRAPHS,,
BB2A-1957,Hank Aaron,Milwaukee Braves
BB2A-1963,Stan Musial,St. Louis Cardinals
BB2A-1966,Frank Robinson,Baltimore Orioles
BB2A-1981,Fernando Valenzuela,Los Angeles Dodgers
BB2A-1990,Bernie Williams,New York Yankees
BB2A-1994,Ryne Sandberg,Chicago Cubs
BB2A-1995,Nomar Garciaparra,Boston Red Sox
BB2A-2008,Evan Longoria,Tampa Bay Rays
BB2A-2014,Jose Abreu,Chicago White Sox
BB2A-2015,Carlos Correa,Houston Astros
TRIBUTE TO THE KID AUTOGRAPHS,,
KIDA-1,Ken Griffey Jr.,Seattle Mariners
KIDA-2,Ken Griffey Jr.,Seattle Mariners
KIDA-3,Ken Griffey Jr.,Seattle Mariners
KIDA-4,Ken Griffey Jr.,Seattle Mariners
KIDA-5,Ken Griffey Jr.,Seattle Mariners
KIDA-6,Ken Griffey Jr.,Seattle Mariners
KIDA-7,Ken Griffey Jr.,Seattle Mariners
KIDA-8,Ken Griffey Jr.,Seattle Mariners
KIDA-9,Ken Griffey Jr.,Seattle Mariners
KIDA-10,Ken Griffey Jr.,Seattle Mariners
KIDA-11,Ken Griffey Jr.,Seattle Mariners
KIDA-12,Ken Griffey Jr.,Seattle Mariners
KIDA-13,Ken Griffey Jr.,Seattle Mariners
KIDA-14,Ken Griffey Jr.,Seattle Mariners
KIDA-15,Ken Griffey Jr.,Seattle Mariners
KIDA-16,Ken Griffey Jr.,Seattle Mariners
KIDA-17,Ken Griffey Jr.,Seattle Mariners
KIDA-18,Ken Griffey Jr.,Seattle Mariners
KIDA-19,Ken Griffey Jr.,Cincinnati Reds
KIDA-20,Ken Griffey Jr.,Cincinnati Reds
KIDA-21,Ken Griffey Jr.,Cincinnati Reds
KIDA-22,Ken Griffey Jr.,Cincinnati Reds
KIDA-23,Ken Griffey Jr.,Cincinnati Reds
KIDA-24,Ken Griffey Jr.,Cincinnati Reds
KIDA-25,Ken Griffey Jr.,Cincinnati Reds
KIDA-26,Ken Griffey Jr.,Cincinnati Reds

KIDA-27,Ken,Griffey,Jr.,Cincinnati Reds,
KIDA-28,Ken,Griffey,Jr.,Cincinnati Reds,
KIDA-29,Ken,Griffey,Jr.,Chicago White Sox,
KIDA-30,Ken,Griffey,Jr.,Chicago White Sox,
TOPPS LASER AUTOGRAPHS,,,,,
TLA-AG,Adrian Gonzalez,,,Los Angeles Dodgers,
TLA-CC,Carlos Correa,,,Houston Astros,
TLA-CS,Corey Seager,,,Los Angeles Dodgers,
TLA-DK,Dallas Keuchel,,,Houston Astros,
TLA-DP,Dustin Pedroia,,,Boston Red Sox,
TLA-DW,David Wright,,,New York Mets,
TLA-FF,Freddie Freeman,,,Atlanta Braves,
TLA-HOL,Hector Olivera,,,Atlanta Braves,
TLA-NS,Noah Syndergaard,,,New York Mets,
HALLOWED HIGHLIGHTS AUTOGRAPHS,,,,,
HHA-FT,Frank Thomas,,,Chicago White Sox,
HHA-JS,John Smoltz,,,Atlanta Braves,
HHA-OS,Ozzie Smith,,,St. Louis Cardinals,
HHA-SK,Sandy Koufax,,,Los Angeles Dodgers,
HHA-SM,Stan Musial,,,St. Louis Cardinals,
100 YEARS AT WRIGLEY AUTOGRAPHS,,,,,
WRIGA-AD,Andre Dawson,,,Chicago,Cubs
WRIGA-ARI,Anthony Rizzo,,,Chicago,Cubs
WRIGA-BW,Billy Williams,,,Chicago,Cubs
WRIGA-FJ,Fergie Jenkins,,,Chicago,Cubs
WRIGA-JS,Jorge Soler,,,Chicago,Cubs
WRIGA-KB,Kris Bryant,,,Chicago,Cubs
WRIGA-KS,Kyle Schwarber,,,Chicago,Cubs
WRIGA-MG,Mark Grace,,,Chicago,Cubs
WRIGA-RP,Rafael Palmeiro,,,Chicago,Cubs
WRIGA-RSN,Ron Santo,,,Chicago,Cubs
RECORD SETTERS AUTOGRAPHS,,,,,
RSA-AG,Adrian Gonzalez,,,Los Angeles Dodgers,
RSA-CC,Carlos Correa,,,Houston Astros,
RSA-DO,David Ortiz,,,Boston Red Sox,
RSA-MS,Max Scherzer,,,Washington Nationals,
RSA-MT,Mike Trout,,,Los Angeles Angels,
MANUFACTURED RELIC,,,,,
TEAM LOGO PIN CARDS,,,,,
TLP-AD,Andre Dawson,,,Montreal Expos,
TLP-AP,Albert Pujols,,,Los Angeles Angels,
TLP-ARI,Anthony Rizzo,,,Chicago Cubs,
TLP-ARO,Alex Rodriguez,,,New York Yankees,
TLP-BH,Bryce Harper,,,Washington Nationals,
TLP-CC,Carlos Correa,,,Houston Astros,
TLP-CD,Chris Davis,,,Baltimore Orioles,
TLP-CS,Chris Sale,,,Chicago White Sox,
TLP-CSE,Corey Seager,,,Los Angeles Dodgers,
TLP-DK,Dallas Keuchel,,,Houston Astros,
TLP-DO,David Ortiz,,,Boston Red Sox,
TLP-DPE,Dustin Pedroia,,,Boston Red Sox,
TLP-DPR,David Price,,,Boston Red Sox,
TLP-DW,David Wright,,,New York Mets,
TLP-FF,Freddie Freeman,,,Atlanta Braves,
TLP-FH,Felix Hernandez,,,Seattle Mariners,
TLP-FL,Francisco Lindor,,,Cleveland Indians,
TLP-GM,Greg Maddux,,,Atlanta Braves,
TLP-HA,Hank Aaron,,,Atlanta Braves,
TLP-HP,Hunter Pence,,,San Francisco Giants,
TLP-JA,Jake Arrieta,,,Chicago Cubs,
TLP-JR,Jackie Robinson,,,Brooklyn Dodgers,
TLP-JVE,Justin Verlander,,,Detroit Tigers,
TLP-JVO,Joey Votto,,,Cincinnati Reds,
TLP-KG,Ken Griffey Jr.,,,Seattle Mariners,
TLP-MB,Madison Bumgarner,,,San Francisco Giants,
TLP-MM,Mark McGwire,,,Oakland Athletics,
TLP-NA,Nolan Arenado,,,Colorado Rockies,
TLP-PF,Prince Fielder,,,Texas Rangers,
TLP-PG,Paul Goldschmidt,,,Arizona Diamondbacks,
TLP-RC,Roberto Clemente,,,Pittsburgh Pirates,
TLP-SC,Steve Carlton,,,Philadelphia Phillies,
TLP-TF,Todd Frazier,,,Cincinnati Reds,
TLP-TG,Tony Gwynn,,,San Diego Padres,
TLP-YM,Yadier Molina,,,St. Louis Cardinals,
FUTURES GAME PIN CARDS,,,,,
FGP-AM,Andrew McCutchen,,,Pittsburgh Pirates,
FGP-BH,Bryce Harper,,,Washington Nationals,
FGP-CC,Carlos Correa,,,Houston Astros,

FGP-CK,Clayton Kershaw,Los Angeles Dodgers,
FGP-DW,David Wright,New York Mets,
FGP-FH,Felix Hernandez,Seattle Mariners,
FGP-GS,Giancarlo Stanton,Florida Marlins,
FGP-JA,Jose Altuve,Houston Astros,
FGP-JM,Joe Mauer,Minnesota Twins,
FGP-KB,Kris Bryant,Chicago Cubs,
FGP-KS,Kyle Schwarber,Chicago Cubs,Rookie
FGP-MB,Madison Bumgarner,San Francisco Giants,
FGP-MC,Michael Conforto,New York Mets,Rookie
FGP-MT,Mike Trout,Los Angeles Angels,
FGP-NS,Noah Syndergaard,New York Mets,
WORLD CHAMPION COIN AND STAMP CARD,,,
WCCSR-AP,Albert Pujols,St. Louis Cardinals,
WCCSR-AR,Alex Rodriguez,New York Yankees,
WCCSR-BM,Bill Mazeroski,Pittsburgh Pirates,
WCCSR-BRO,Brooks Robinson,Baltimore Orioles,
WCCSR-BRU,Babe Ruth,Boston Red Sox,
WCCSR-DG,Dwight Gooden,New York Mets,
WCCSR-DO,David Ortiz,Boston Red Sox,
WCCSR-DP,Dustin Pedroia,Boston Red Sox,
WCCSR-DW,Dave Winfield,Toronto Blue Jays,
WCCSR-HP,Hunter Pence,San Francisco Giants,
WCCSR-HW,Honus Wagner,Pittsburgh Pirates,
WCCSR-JB,Johnny Bench,Cincinnati Reds,
WCCSR-JC,Jose Canseco,Oakland Athletics,
WCCSR-JE,Jacoby Ellsbury,Boston Red Sox,
WCCSR-JP,Joe Panik,San Francisco Giants,
WCCSR-MA,Moises Alou,Florida Marlins,
WCCSR-MC,Matt Cain,San Francisco Giants,
WCCSR-MT,Mark Teixeira,New York Yankees,
WCCSR-NR,Nolan Ryan,New York Mets,
WCCSR-PR,Phil Rizzuto,New York Yankees,
WCCSR-RC,Roberto Clemente,Pittsburgh Pirates,
WCCSR-RF,Rollie Fingers,Oakland Athletics,
WCCSR-RJ,Reggie Jackson,Oakland Athletics,
WCCSR-SK,Sandy Koufax,Los Angeles Dodgers,
WCCSR-TP,Tony Pérez,Cincinnati Reds,
WORLD CHAMPION QUARTER WITH STAMP AUTOGRAPH,,,
WCCSAR-DO,David Ortiz,Boston Red Sox,
WCCSAR-JB,Johnny Bench,Cincinnati Reds,
WCCSAR-JC,Jose Canseco,Oakland Athletics,
WCCSAR-JP,Joe Panik,San Francisco Giants,
WCCSAR-MC,Matt Cain,San Francisco Giants,
WCCSAR-MT,Mark Teixeira,New York Yankees,
WCCSAR-NR,Nolan Ryan,New York Mets,
RELIC,,,
SCOUTING REPORT RELICS,,,
SRR-AJ,Adam Jones,Baltimore Orioles,
SRR-APU,Albert Pujols,Los Angeles Angels,
SRR-ARI,Anthony Rizzo,Chicago Cubs,
SRR-ARU,Addison Russell,Chicago Cubs,
SRR-CGM,Carlos Gomez,Houston Astros,
SRR-CGN,Carlos Gonzalez,Colorado Rockies,
SRR-CK,Craig Kimbrel,Boston Red Sox,
SRR-CS,Corey Seager,Los Angeles Dodgers,
SRR-DG,Dee Gordon,Miami Marlins,
SRR-DK,Dallas Keuchel,Houston Astros,
SRR-DP,Dustin Pedroia,Boston Red Sox,
SRR-DW,David Wright,New York Mets,
SRR-EE,Edwin Encarnacion,Toronto Blue Jays,
SRR-EH,Eric Hosmer,Kansas City Royals,
SRR-EL,Evan Longoria,Tampa Bay Rays,
SRR-GC,Gerrit Cole,Pittsburgh Pirates,
SRR-GSP,George Springer,Houston Astros,
SRR-GST,Giancarlo Stanton,Miami Marlins,
SRR-JAB,Jose Abreu,Chicago White Sox,
SRR-JF,Jose Fernandez,Miami Marlins,
SRR-JH,Jason Heyward,Chicago Cubs,
SRR-JK,Jason Kipnis,Cleveland Indians,
SRR-JS,Jorge Soler,Chicago Cubs,
SRR-JU,Justin Upton,Detroit Tigers,
SRR-JV,Joey Votto,Cincinnati Reds,
SRR-JVE,Justin Verlander,Detroit Tigers,
SRR-KB,Kris Bryant,Chicago Cubs,
SRR-KS,Kyle Schwarber,Chicago Cubs,
SRR-LC,Lorenzo Cain,Kansas City Royals,
SRR-MCA,Miguel Cabrera,Detroit Tigers,
SRR-MH,Matt Harvey,New York Mets,
SRR-MK,Matt Kemp,San Diego Padres,
SRR-MM,Manny Machado,Baltimore Orioles,
SRR-MSA,Miguel Sano,Minnesota Twins,

SRR-MT,Mike Trout,Los Angeles Angels,
SRR-PF,Prince Fielder,Texas Rangers,
SRR-PG,Paul Goldschmidt,Arizona Diamondbacks,
SRR-RB,Ryan Braun,Milwaukee Brewers,
SRR-RC,Robinson Cano,Seattle Mariners,
SRR-TT,Troy Tulowitzki,Toronto Blue Jays,
SRR-WM,Wil Myers,San Diego Padres,
CHASING 3000 RELICS,,,
3000R-1,Ichiro,Seattle Mariners,
3000R-2,Ichiro,Seattle Mariners,
3000R-3,Ichiro,Seattle Mariners,
3000R-4,Ichiro,Seattle Mariners,
3000R-5,Ichiro,Seattle Mariners,
3000R-6,Ichiro,Seattle Mariners,
3000R-7,Ichiro,Seattle Mariners,
3000R-8,Ichiro,Seattle Mariners,
3000R-9,Ichiro,Seattle Mariners,
3000R-10,Ichiro,Seattle Mariners,
3000R-11,Ichiro,Seattle Mariners,
3000R-12,Ichiro,Seattle Mariners,
3000R-13,Ichiro,Seattle Mariners,
3000R-14,Ichiro,Seattle Mariners,
3000R-15,Ichiro,Seattle Mariners,
3000R-16,Ichiro,Seattle Mariners,
3000R-17,Ichiro,Seattle Mariners,
3000R-18,Ichiro,Seattle Mariners,
3000R-19,Ichiro,Seattle Mariners,
3000R-20,Ichiro,Seattle Mariners,
3000R-21,Ichiro,Seattle Mariners,
3000R-22,Ichiro,Seattle Mariners,
3000R-23,Ichiro,Seattle Mariners,
3000R-24,Ichiro,Seattle Mariners,
3000R-25,Ichiro,Seattle Mariners,
3000R-26,Ichiro,New York Yankees,
3000R-27,Ichiro,New York Yankees,
3000R-28,Ichiro,Miami Marlins,
3000R-29,Ichiro,Miami Marlins,
3000R-30,Ichiro,Miami Marlins,
BERGERS BEST RELICS,,,
BB2R-1957,Hank Aaron,Milwaukee Braves,
BB2R-1960,Carl Yastrzemski,Boston Red Sox,
BB2R-1966,Frank Robinson,Baltimore Orioles,
BB2R-1975,Robin Yount,Milwaukee Brewers,
BB2R-1981,Fernando Valenzuela,Los Angeles Dodgers,
BB2R-1983,Wade Boggs,Boston Red Sox,
BB2R-1989,Randy Johnson,Montreal Expos,
BB2R-1990,Bernie Williams,New York Yankees,
BB2R-1991,Nolan Ryan,Texas Rangers,
BB2R-1994,Ryne Sandberg,Chicago Cubs,
BB2R-1995,Nomar Garciaparra,Boston Red Sox,
BB2R-1997,Ken Griffey Jr.,Seattle Mariners,
BB2R-1999,Mark McGwire,St. Louis Cardinals,
BB2R-2003,Albert Pujols,St. Louis Cardinals,
BB2R-2004,David Ortiz,Boston Red Sox,
BB2R-2005,Andrew McCutchen,Pittsburgh Pirates,
BB2R-2008,Evan Longoria,Tampa Bay Rays,
BB2R-2010,Buster Posey,San Francisco Giants,
BB2R-2012,Yu Darvish,Texas Rangers,
BB2R-2014,Jose Abreu,Chicago White Sox,
BERGERS BEST CUT SIGNATURES,,,
BB2C-1952,Eddie Mathews,Boston Braves,
BB2C-1955,Roberto Clemente,Pittsburgh Pirates,
BB2C-1956,Ted Williams,Boston Red Sox,
BB2C-1961,Roger Maris,New York Yankees,
BB2C-1963,Stan Musial,St. Louis Cardinals,
TRIBUTE TO THE KID RELICS,,,
KIDR-1,Ken Griffey Jr.,Seattle,MarinersTM
KIDR-2,Ken Griffey Jr.,Seattle,MarinersTM
KIDR-3,Ken Griffey Jr.,Seattle,MarinersTM
KIDR-4,Ken Griffey Jr.,Seattle,MarinersTM
KIDR-5,Ken Griffey Jr.,Seattle,MarinersTM
KIDR-6,Ken Griffey Jr.,Seattle,MarinersTM
KIDR-7,Ken Griffey Jr.,Seattle,MarinersTM
KIDR-8,Ken Griffey Jr.,Seattle,MarinersTM
KIDR-9,Ken Griffey Jr.,Seattle,MarinersTM
KIDR-10,Ken Griffey Jr.,Seattle,MarinersTM
KIDR-11,Ken Griffey Jr.,Seattle,MarinersTM
KIDR-12,Ken Griffey Jr.,Seattle,MarinersTM
KIDR-13,Ken Griffey Jr.,Seattle,MarinersTM
KIDR-14,Ken Griffey Jr.,Seattle,MarinersTM
KIDR-15,Ken Griffey Jr.,Seattle,MarinersTM
KIDR-16,Ken Griffey Jr.,Seattle,MarinersTM
KIDR-17,Ken Griffey Jr.,Seattle,MarinersTM

KIDR-18,Ken,Griffey,Jr.,Seattle Mariners
KIDR-19,Ken,Griffey,Jr.,Cincinnati Reds
KIDR-20,Ken,Griffey,Jr.,Cincinnati Reds
KIDR-21,Ken,Griffey,Jr.,Cincinnati Reds
KIDR-22,Ken,Griffey,Jr.,Cincinnati Reds
KIDR-23,Ken,Griffey,Jr.,Cincinnati Reds
KIDR-24,Ken,Griffey,Jr.,Cincinnati Reds
KIDR-25,Ken,Griffey,Jr.,Cincinnati Reds
KIDR-26,Ken,Griffey,Jr.,Cincinnati Reds
KIDR-27,Ken,Griffey,Jr.,Cincinnati Reds
KIDR-28,Ken,Griffey,Jr.,Cincinnati Reds
KIDR-29,Ken,Griffey,Jr.,Chicago White Sox
KIDR-30,Ken,Griffey,Jr.,Chicago White Sox
TOPPS LASER RELICS,,,,
TLR-AG,Adrian Gonzalez,,,Los Angeles Dodgers
TLR-CS,Corey Seager,,,Los Angeles Dodgers
TLR-DK,Dallas Keuchel,,,Houston Astros
TLR-DP,Dustin Pedroia,,,Boston Red Sox
TLR-DW,David Wright,,,New York Mets
TLR-FF,Freddie Freeman,,,Atlanta Braves
TLR-HOL,Hector Olivera,,,Atlanta Braves
TLR-HOW,Henry Owens,,,Boston Red Sox
TLR-HP,Hunter Pence,,,San Francisco Giants
TLR-JDE,Jacob deGrom,,,New York Mets
TLR-JDO,Josh Donaldson,,,Toronto Blue Jays
TLR-LC,Lorenzo Cain,,,Kansas City Royals
TLR-MSA,Miguel Sano,,,Minnesota Twins
TLR-NSY,Noah Syndergaard,,,New York Mets
TLR-YD,Yu Darvish,,,Texas Rangers
HALLOWED HIGHLIGHTS RELICS,,,,
HH-KG,Ken Griffey Jr.,,,Seattle Mariners
HH-MM,Mark McGwire,,,St. Louis Cardinals
HH-NR,Nolan Ryan,,,Texas Rangers
HH-TG,Tony Gwynn,,,San Diego Padres
HH-WM,Willie Mays,,,New York Giants
100 YEARS AT WRIGLEY RELICS,,,,
WRIGR-AD,Andre Dawson,,,Chicago Cubs
WRIGR-ARI,Anthony Rizzo,,,Chicago Cubs
WRIGR-ARU,Addison Russell,,,Chicago Cubs
WRIGR-GM,Greg Maddux,,,Chicago Cubs
WRIGR-JA,Jake Arrieta,,,Chicago Cubs
WRIGR-JH,Jason Heyward,,,Chicago Cubs
WRIGR-JL,Jon Lester,,,Chicago Cubs
WRIGR-JS,Jorge Soler,,,Chicago Cubs
WRIGR-KB,Kris Bryant,,,Chicago Cubs
WRIGR-KS,Kyle Schwarber,,,Chicago Cubs
WRIGR-MG,Mark Grace,,,Chicago Cubs
WRIGR-RP,Rafael Palmeiro,,,Chicago Cubs
WRIGR-RSA,Ryne Sandberg,,,Chicago Cubs
WRIGR-RSN,Ron Santo,,,Chicago Cubs
WRIGR-TG,Tom Glavine,,,New York Mets
RECORD SETTERS RELICS,,,,
RSR-AG,Adrian Gonzalez,,,Los Angeles Dodgers
RSR-AR,Alex Rodriguez,,,New York Yankees
RSR-CS,Chris Sale,,,Chicago White Sox
RSR-DK,Dallas Keuchel,,,Houston Astros
RSR-DO,David Ortiz,,,Boston Red Sox
RSR-EE,Edwin Encarnacion,,,Toronto Blue Jays
RSR-EH,Eric Hosmer,,,Kansas City Royals
RSR-JD,Josh Donaldson,,,Toronto Blue Jays
RSR-KB,Kris Bryant,,,Chicago Cubs
RSR-MT,Mike Trout,,,Los Angeles Angels
OWN THE NAME RELICS,,,,
OTN-AB,Archie Bradley,,,Arizona Diamondbacks
OTN-AE,Alcides Escobar,,,Kansas City Royals
OTN-AGN,Adrian Gonzalez,,,Los Angeles Dodgers
OTN-AJ,Adam Jones,,,Baltimore Orioles
OTN-AM,Andrew McCutchen,,,Pittsburgh Pirates
OTN-ARI,Anthony Rizzo,,,Chicago Cubs
OTN-ARU,Addison Russell,,,Chicago Cubs
OTN-AW,Adam Wainwright,,,St. Louis Cardinals
OTN-BBE,Brandon Belt,,,San Francisco Giants
OTN-BBU,Byron Buxton,,,Minnesota Twins
OTN-CA,Chris Archer,,,Tampa Bay Rays
OTN-CE,Carl Edwards Jr.,,,Chicago Cubs
OTN-CG,Curtis Granderson,,,New York Mets
OTN-CK,Clayton Kershaw,,,Los Angeles Dodgers
OTN-CM,Carlos Martinez,,,St. Louis Cardinals
OTN-CS,Chris Sale,,,Chicago White Sox
OTN-CY,Christian Yelich,,,Miami Marlins
OTN-DG,Dee Gordon,,,Miami Marlins
OTN-DK,Dallas Keuchel,,,Houston Astros

OTN-DO,David Ortiz,Boston Red Sox
OTN-DP,Dustin Pedroia,Boston Red Sox
OTN-DW,David Wright,New York Mets
OTN-EA,Elvis Andrus,Texas Rangers
OTN-EE,Edwin Encarnacion,Toronto Blue Jays
OTN-EL,Evan Longoria,Tampa Bay Rays
OTN-FF,Freddie Freeman,Atlanta Braves
OTN-GC,Gerrit Cole,Pittsburgh Pirates
OTN-GS,Giancarlo Stanton,Miami Marlins
OTN-I,Ichiro,Miami Marlins
OTN-JBE,Javier Baez,Chicago Cubs
OTN-JBU,Jose Bautista,Toronto Blue Jays
OTN-JC,Jose Canseco,Oakland Athletics
OTN-JD,Jacob deGrom,New York Mets
OTN-JFA,Jeurys Familia,New York Mets
OTN-JFE,Jose Fernandez,Miami Marlins
OTN-JL,Jonathan Lucroy,Milwaukee Brewers
OTN-JM,Joe Mauer,Minnesota Twins
OTN-JP,Joc Pederson,Los Angeles Dodgers
OTN-JS,Jon Singleton,Houston Astros
OTN-JV,Joey Votto,Cincinnati Reds
OTN-KB,Kris Bryant,Chicago Cubs
OTN-KC,Kole Calhoun,Los Angeles Angels
OTN-KW,Kolten Wong,St. Louis Cardinals
OTN-LCA,Lorenzo Cain,Kansas City Royals
OTN-LCH,Lonnie Chisenhall,Cleveland Indians
OTN-LD,Lucas Duda,New York Mets
OTN-MBE,Mookie Betts,Boston Red Sox
OTN-MBU,Madison Bumgarner,San Francisco Giants
OTN-MCB,Miguel Cabrera,Detroit Tigers
OTN-MCI,Matt Cain,San Francisco Giants
OTN-MCP,Matt Carpenter,St. Louis Cardinals
OTN-MM,Manny Machado,Baltimore Orioles
OTN-NA,Nolan Arenado,Colorado Rockies
OTN-NC,Nick Castellanos,Detroit Tigers
OTN-NS,Noah Syndergaard,New York Mets
OTN-PF,Prince Fielder,Texas Rangers
OTN-PG,Paul Goldschmidt,Arizona Diamondbacks
OTN-RB,Ryan Braun,Milwaukee Brewers
OTN-RCL,Roger Clemens,Houston Astros
OTN-RCN,Robinson Cano,Seattle Mariners
OTN-RCS,Rusney Castillo,Boston Red Sox
OTN-SCH,Shin-Soo Choo,Texas Rangers
OTN-SG,Sonny Gray,Oakland Athletics
OTN-SM,Steven Matz,New York Mets
OTN-SS,Stephen Strasburg,Washington Nationals
OTN-TD,Travis d'Arnaud,New York Mets
OTN-YD,Yu Darvish,Texas Rangers
OTN-YM,Yadier Molina,St. Louis Cardinals
OTN-YT,Yasmany Tomas,Arizona Diamondbacks
OTN-YV,Yordano Ventura,Kansas City Royals
OTN-ZW,Zack Wheeler,New York Mets
CUT SIGNATURES,,
CS-AS,Al Simmons,Philadelphia Athletics
CS-BF,Bob Feller,Cleveland Indians
CS-BL,Bob Lemon,Cleveland Indians
CS-BTE,Bill Terry,New York Giants
CS-BTH,Bobby Thomson,New York Giants
CS-CB,Cool Papa Bell,
CS-CH,Catfish Hunter,New York Yankees
CS-DD,Don Drysdale,Los Angeles Dodgers
CS-DS,Duke Snider,Brooklyn Dodgers
CS-EB,Ernie Banks,Chicago Cubs
CS-EF,Elmer Flick,Cleveland NapsTM
CS-ER,Edd Roush,Cincinnati Reds
CS-GG,Goose Goslin,Washington Senators
CS-GK,George Kell,Detroit Tigers
CS-HH,Harry Hooper,Boston Red Sox
CS-HWA,Honus Wagner,Pittsburgh Pirates
CS-HWI,Hoyt Wilhelm,Atlanta Braves
CS-JBR,Jack Brickhouse,Chicago Cubs
CS-JBU,Jim Bunning,Detroit Tigers
CS-JD,Joe DiMaggio,New York Yankees
CS-JR,Jackie Robinson,Brooklyn Dodgers
CS-JS,Joe Sewell,Cleveland Indians
CS-KC,Kiki Cuyler,Chicago Cubs
CS-LA,Luke Appling,Chicago White Sox
CS-LD,Leo Durocher,St. Louis Cardinals
CS-LG,Lefty Grove,Boston Red Sox
CS-LW,Lloyd Waner,Pittsburgh Pirates
CS-PRE,Pee Wee Reese,Brooklyn Dodgers
CS-PRI,Phil Rizzuto,New York Yankees
CS-RF,Rick Ferrell,Boston Red Sox
CS-RK,Ralph Kiner,Pittsburgh Pirates
CS-TC,Ty Cobb,Detroit Tigers
CS-WH,Waite Hoyt,New York Yankees

CS-WSP,Warren Spahn,Milwaukee Braves
CS-WST,Willie Stargell,Pittsburgh Pirates
INSERT,,
CHASING 3000,,
3000-1,Ichiro,Seattle Mariners
3000-2,Ichiro,Seattle Mariners
3000-3,Ichiro,Seattle Mariners
3000-4,Ichiro,Seattle Mariners
3000-5,Ichiro,Seattle Mariners
3000-6,Ichiro,Seattle Mariners
3000-7,Ichiro,Seattle Mariners
3000-8,Ichiro,Seattle Mariners
3000-9,Ichiro,Seattle Mariners
3000-10,Ichiro,Seattle Mariners
3000-11,Ichiro,Seattle Mariners
3000-12,Ichiro,Seattle Mariners
3000-13,Ichiro,Seattle Mariners
3000-14,Ichiro,Seattle Mariners
3000-15,Ichiro,Seattle Mariners
3000-16,Ichiro,Seattle Mariners
3000-17,Ichiro,Seattle Mariners
3000-18,Ichiro,Seattle Mariners
3000-19,Ichiro,Seattle Mariners
3000-20,Ichiro,Seattle Mariners
3000-21,Ichiro,Seattle Mariners
3000-22,Ichiro,Seattle Mariners
3000-23,Ichiro,Seattle Mariners
3000-24,Ichiro,Seattle Mariners
3000-25,Ichiro,Seattle Mariners
3000-26,Ichiro,New York Yankees
3000-27,Ichiro,New York Yankees
3000-28,Ichiro,Miami Marlins
3000-29,Ichiro,Miami Marlins
3000-30,Ichiro,Miami Marlins
BERGERS BEST,,
BB2-1952,Eddie Mathews,Boston Braves
BB2-1953,Willie Mays,New York Giants
BB2-1954,Al Kaline,Detroit Tigers
BB2-1955,Roberto Clemente,Pittsburgh Pirates
BB2-1956,Ted Williams,Boston Red Sox
BB2-1957,Hank Aaron,Milwaukee Braves
BB2-1958,Roberto Clemente,Pittsburgh Pirates
BB2-1959,Sandy Koufax,Los Angeles Dodgers
BB2-1960,Carl Yastrzemski,Boston Red Sox
BB2-1961,Roger Maris,New York Yankees
BB2-1962,Lou Brock,Chicago Cubs
BB2-1963,Stan Musial,St. Louis Cardinals
BB2-1964,Hank Aaron Willie Mays,Tops in <i>NLTM<i>
BB2-1965,Willie Mays,San Francisco Giants
BB2-1966,Frank Robinson,Baltimore Orioles
BB2-1967,Tony Pérez,Cincinnati Reds
BB2-1968,Tom Seaver,New York Mets
BB2-1969,Johnny Bench,Cincinnati Reds
BB2-1970,Reggie Jackson,Oakland Athletics
BB2-1971,Bert Blyleven,Minnesota Twins
BB2-1972,Hank Aaron,Atlanta Braves
BB2-1973,Rich Gossage,Chicago White Sox
BB2-1974,Hank Aaron,Atlanta Braves
BB2-1975,Robin Yount,Milwaukee Brewers
BB2-1976,Nolan Ryan,California Angels
BB2-1977,Bruce Sutter,Chicago Cubs
BB2-1978,Brooks Robinson,Baltimore Orioles
BB2-1979,Rollie Fingers,San Diego Padres
BB2-1980,Ozzie Smith,San Diego Padres
BB2-1981,Fernando Valenzuela,Los Angeles Dodgers
BB2-1982,Reggie Jackson,California Angels
BB2-1983,Wade Boggs,Boston Red Sox
BB2-1984,Dwight Gooden,New York Mets
BB2-1985,Roger Clemens,Boston Red Sox
BB2-1986,Cal Ripken Jr.,Baltimore Orioles
BB2-1987,Jose Canseco,Oakland Athletics
BB2-1988,Tom Glavine,Atlanta Braves
BB2-1989,Randy Johnson,Montreal Expos
BB2-1990,Bernie Williams,New York Yankees
BB2-1991,Nolan Ryan,Texas Rangers
BB2-1992,Ken Griffey Jr.,Seattle Mariners
BB2-1993,Mike Piazza,Los Angeles Dodgers
BB2-1994,Ryne Sandberg,Chicago Cubs
BB2-1995,Nomar Garciaparra,Boston Red Sox
BB2-1996,Cal Ripken Jr.,Baltimore Orioles
BB2-1997,Ken Griffey Jr.,Seattle Mariners
BB2-1998,Greg Maddux,Atlanta Braves

BB2-1999,Mark McGwire,,,St. Louis Cardinals
BB2-2000,Adrian Gonzalez,,,Florida Marlins
BB2-2001,Ichiro,,,Seattle Mariners
BB2-2002,Jose Bautista,,,Pittsburgh Pirates
BB2-2003,Albert Pujols,,,St. Louis Cardinals
BB2-2004,David Ortiz,,,Boston Red Sox
BB2-2005,Andrew McCutchen,,,Pittsburgh Pirates
BB2-2006,Ryan Howard,,,Philadelphia Phillies
BB2-2007,Alex Gordon,,,Kansas City Royals
BB2-2008,Evan Longoria,,,Tampa Bay Rays
BB2-2009,Tim Lincecum,,,San Francisco Giants
BB2-2010,Buster Posey,,,San Francisco Giants
BB2-2011,Eric Hosmer,,,Kansas City Royals
BB2-2012,Yu Darvish,,,Texas Rangers
BB2-2013,Yasiel Puig,,,Los Angeles Dodgers
BB2-2014,Jose Abreu,,,Chicago White Sox
BB2-2015,Carlos Correa,,,Houston Astros
BB2-2016,Kyle Schwarber,,,Chicago Cubs
TRIBUTE TO THE KID,,,,
KID-1,Ken,Griffey,Jr.,Seattle Mariners
KID-2,Ken,Griffey,Jr.,Seattle Mariners
KID-3,Ken,Griffey,Jr.,Seattle Mariners
KID-4,Ken,Griffey,Jr.,Seattle Mariners
KID-5,Ken,Griffey,Jr.,Seattle Mariners
KID-6,Ken,Griffey,Jr.,Seattle Mariners
KID-7,Ken,Griffey,Jr.,Seattle Mariners
KID-8,Ken,Griffey,Jr.,Seattle Mariners
KID-9,Ken,Griffey,Jr.,Seattle Mariners
KID-10,Ken,Griffey,Jr.,Seattle Mariners
KID-11,Ken,Griffey,Jr.,Seattle Mariners
KID-12,Ken,Griffey,Jr.,Seattle Mariners
KID-13,Ken,Griffey,Jr.,Seattle Mariners
KID-14,Ken,Griffey,Jr.,Seattle Mariners
KID-15,Ken,Griffey,Jr.,Seattle Mariners
KID-16,Ken,Griffey,Jr.,Seattle Mariners
KID-17,Ken,Griffey,Jr.,Seattle Mariners
KID-18,Ken,Griffey,Jr.,Seattle Mariners
KID-19,Ken,Griffey,Jr.,Cincinnati Reds
KID-20,Ken,Griffey,Jr.,Cincinnati Reds
KID-21,Ken,Griffey,Jr.,Cincinnati Reds
KID-22,Ken,Griffey,Jr.,Cincinnati Reds
KID-23,Ken,Griffey,Jr.,Cincinnati Reds
KID-24,Ken,Griffey,Jr.,Cincinnati Reds
KID-25,Ken,Griffey,Jr.,Cincinnati Reds
KID-26,Ken,Griffey,Jr.,Cincinnati Reds
KID-27,Ken,Griffey,Jr.,Cincinnati Reds
KID-28,Ken,Griffey,Jr.,Cincinnati Reds
KID-29,Ken,Griffey,Jr.,Chicago White Sox
KID-30,Ken,Griffey,Jr.,Chicago White Sox
TOPPS LASER,,,,
TL-AG,Adrian Gonzalez,,,Los Angeles Dodgers
TL-AP,Albert Pujols,,,Los Angeles Angels
TL-ARI,Anthony Rizzo,,,Chicago Cubs
TL-ARO,Alex Rodriguez,,,New York Yankees
TL-CC,Carlos Correa,,,Houston Astros
TL-CD,Chris Davis,,,Baltimore Orioles
TL-CS,Corey Seager,,,Los Angeles Dodgers
TL-DK,Dallas Keuchel,,,Houston Astros
TL-DP,Dustin Pedroia,,,Boston Red Sox
TL-DW,David Wright,,,New York Mets
TL-FF,Freddie Freeman,,,Atlanta Braves
TL-FH,Felix Hernandez,,,Seattle Mariners
TL-HOL,Hector Olivera,,,Atlanta Braves
TL-HOW,Henry Owens,,,Boston Red Sox
TL-HP,Hunter Pence,,,San Francisco Giants
TL-JA,Jake Arrieta,,,Chicago Cubs
TL-JDE,Jacob deGrom,,,New York Mets
TL-JDO,Josh Donaldson,,,Toronto Blue Jays
TL-LC,Lorenzo Cain,,,Kansas City Royals
TL-MSA,Miguel Sano,,,Minnesota Twins
TL-MSC,Max Scherzer,,,Washington Nationals
TL-NS,Noah Syndergaard,,,New York Mets
TL-TF,Todd Frazier,,,Chicago White Sox
TL-TT,Trea Turner,,,Washington Nationals
TL-YD,Yu Darvish,,,Texas Rangers
HALLOWED HIGHLIGHTS,,,,
HH-1,Stan Musial,,,St. Louis Cardinals
HH-2,Ozzie Smith,,,St. Louis Cardinals
HH-3,John Smoltz,,,Atlanta Braves
HH-4,Frank Thomas,,,Chicago White Sox
HH-5,Sandy Koufax,,,Los Angeles Dodgers
HH-6,Mark McGwire,,,St. Louis Cardinals
HH-7,Willie Mays,,,New York Giants
HH-8,Cal Ripken Jr.,,,Baltimore Orioles

HH-9,Nolan Ryan,Texas Rangers,
HH-10,Ken Griffey Jr.,Seattle Mariners,
HH-11,Don Mattingly,New York Yankees,
HH-12,Tony Gwynn,San Diego Padres,
HH-13,Robin Yount,Milwaukee Brewers,
HH-14,Wade Boggs,Boston Red Sox,
HH-15,Greg Maddux,Atlanta Braves,
100 YEARS AT WRIGLEY,,,
WRIG-26,Mark Grace,Chicago Cubs,
WRIG-27,Billy Williams,Chicago Cubs,
WRIG-28,Fergie Jenkins,Chicago Cubs,
WRIG-29,Anthony Rizzo,Chicago Cubs,
WRIG-30,Mark Prior,Chicago Cubs,
WRIG-31,Jorge Soler,Chicago Cubs,
WRIG-32,Kyle Schwarber,Chicago Cubs,
WRIG-33,Rafael Palmeiro,Chicago Cubs,
WRIG-34,Andre Dawson,Chicago Cubs,
WRIG-35,Kris Bryant,Chicago Cubs,
WRIG-36,Ryne Sandberg,Chicago Cubs,
WRIG-37,Ron Santo,Chicago Cubs,
WRIG-38,Greg Maddux,Chicago Cubs,
WRIG-39,Addison Russell,Chicago Cubs,
WRIG-40,Jason Heyward,Chicago Cubs,
WRIG-41,Jon Lester,Chicago Cubs,
WRIG-42,Bruce Sutter,Chicago Cubs,
WRIG-43,Tom Glavine,New York Mets,
WRIG-44,Bricks & Ivy,Chicago Cubs,
WRIG-45,Jackie Robinson,Brooklyn Dodgers,
WRIG-46,Weeghman Park,Chicago Cubs,
WRIG-47,Ronald Reagan,Chicago Cubs,
WRIG-48,The Friendly ConfinesTM,,
WRIG-49,Hal Newhouser,Detroit Tigers,
WRIG-50,Lou Gehrig,New York Yankees,
RECORD SETTERS,,,
RS-1,Mike Trout,Los Angeles Angels,
RS-2,Adrian Gonzalez,Los Angeles Dodgers,
RS-3,David Ortiz,Boston Red Sox,
RS-4,Carlos Correa,Houston Astros,
RS-5,Max Scherzer,Washington Nationals,
RS-6,Steven Matz,New York Mets,
RS-7,Dallas Keuchel,Houston Astros,
RS-8,Chris Sale,Chicago White Sox,
RS-9,Alex Rodriguez,New York Yankees,
RS-10,Chris Heston,San Francisco Giants,
RS-11,Edwin Encarnacion,Toronto Blue Jays,
RS-12,Bryce Harper,Washington Nationals,
RS-13,Kris Bryant,Chicago Cubs,
RS-14,Josh Donaldson,Toronto Blue Jays,
RS-15,Jose Altuve,Houston Astros,
FIRST PITCH,,,
FP-1,Tim McGraw,New York Mets,
FP-2,Jimmy Kimmel,New York Mets,
FP-3,Rosie Rios,Oakland Athletics,
FP-4,Billy Joe Armstrong,Oakland Athletics,
FP-5,Nina Agdal,Los Angeles Angels,
FP-6,Jeff Tweedy,St. Louis Cardinals,
FP-7,Jim Harbaugh,Detroit Tigers,
FP-8,Jim Breuer,New York Mets,
FP-9,Spencer Stone,Washington Nationals,
FP-10,Kyle Larson,Boston Red Sox,
FP-11,Miguel Cotto,Los Angeles Dodgers,
FP-12,Tom Watson,Kansas City Royals,
FP-13,Edward Burns,New York Mets,
FP-14,Geoff Britten,Baltimore Orioles,
FP-15,Lea Thompson,Los Angeles Dodgers,
FP-16,Jim Caviezel,Seattle Mariners,
FP-17,George H. W. Bush,Houston Astros,
FP-18,J.K. Simmons,Detroit Tigers,
FP-19,Kendrick Lamar,Los Angeles Dodgers,
FP-20,David Hearn,Toronto Blue Jays,
RIP CARDS,,,
DOUBLE PLAY,,,
Jose,Abreu,Chicago White Sox,"June 20, 2016"
Jose,Abreu,Chicago White Sox,"July 12, 2016"
Jose,Abreu,Chicago White Sox,"October 02, 2016"
Jose,Abreu,Chicago White Sox,8/16-8/21/16
Jose,Abreu,Chicago White Sox,July
Jose,Altuve,Houston Astros,"June 17, 2016"
Jose,Altuve,Houston Astros,"July 12, 2016"
Jose,Altuve,Houston Astros,"July 17, 2016"

Jose,Altuve,Houston Astros,"July 22, 2016"
Jose,Altuve,Houston Astros,"August 01, 2016"
Jose,Altuve,Houston Astros,"September 04, 2016"
Jose,Altuve,Houston Astros,8/14-8/20/16
Jose,Altuve,Houston Astros,9/18-9/24/16
Jose,Altuve,Houston Astros,August
Jose,Altuve,Houston Astros,October
Chris,Archer,Tampa Bay Rays,"July 12, 2016"
Chris,Archer,Tampa Bay Rays,August
Chris,Archer,Tampa Bay Rays,August
Chris,Archer,Tampa Bay Rays,"August 22-25, 2016"
Chris,Archer,Tampa Bay Rays,"August 5-7, 2016"
Chris,Archer,Tampa Bay Rays,July
Chris,Archer,Tampa Bay Rays,"July 15-17, 2016"
Chris,Archer,Tampa Bay Rays,"July 29-31, 2016"
Chris,Archer,Tampa Bay Rays,October
Chris,Archer,Tampa Bay Rays,"September 8-11, 2016"
Nolan,Arenado,Colorado Rockies,"June 22, 2016"
Nolan,Arenado,Colorado Rockies,"July 06, 2016"
Nolan,Arenado,Colorado Rockies,"July 12, 2016"
Nolan,Arenado,Colorado Rockies,"August 09, 2016"
Nolan,Arenado,Colorado Rockies,"September 21, 2016"
Nolan,Arenado,Colorado Rockies,"October 02, 2016"
Nolan,Arenado,Colorado Rockies,August
Nolan,Arenado,Colorado Rockies,June
Nolan,Arenado,Colorado Rockies,Novemeber
Nolan,Arenado,Colorado Rockies,October
Jake,Arrieta,Chicago Cubs,"July 12, 2016"
Jake,Arrieta,Chicago Cubs,"October 02, 2016"
Jake,Arrieta,Chicago Cubs,6/19-6/25/16
Jake,Arrieta,Chicago Cubs,7/1-7/6/16
Jake,Arrieta,Chicago Cubs,7/17-7/23/16
Jake,Arrieta,Chicago Cubs,7/25-7/28/16
Jake,Arrieta,Chicago Cubs,August
Jake,Arrieta,Chicago Cubs,June
Jake,Arrieta,Chicago Cubs,October
Jake,Arrieta,Chicago Cubs,September
Jose,Bautista,Toronto Blue Jays,"July 04, 2016"
Jose,Bautista,Toronto Blue Jays,"July 12, 2016"
Jose,Bautista,Toronto Blue Jays,"August 10, 2016"
Jose,Bautista,Toronto Blue Jays,"August 30, 2016"
Jose,Bautista,Toronto Blue Jays,"September 23, 2016"
Jose,Bautista,Toronto Blue Jays,October
Jose,Bautista,Toronto Blue Jays,October
Jose,Bautista,Toronto Blue Jays,October
Jose,Bautista,Toronto Blue Jays,"September 23-26, 2016"
Jose,Bautista,Toronto Blue Jays,"September 9-11, 2016"
Mookie,Betts,Boston Red Sox,"June 17, 2016"
Mookie,Betts,Boston Red Sox,"July 09, 2016"
Mookie,Betts,Boston Red Sox,"July 12, 2016"
Mookie,Betts,Boston Red Sox,"August 01, 2016"
Mookie,Betts,Boston Red Sox,"October 02, 2016"
Mookie,Betts,Boston Red Sox,7/21-7/24/16
Mookie,Betts,Boston Red Sox,August
Mookie,Betts,Boston Red Sox,June
Xander,Bogaerts,Boston Red Sox,"July 03, 2016"
Xander,Bogaerts,Boston Red Sox,"July 12, 2016"
Xander,Bogaerts,Boston Red Sox,"October 02, 2016"
Xander,Bogaerts,Boston Red Sox,6/19-6/25/16
Xander,Bogaerts,Boston Red Sox,9/15-9/18/16
Xander,Bogaerts,Boston Red Sox,July
Xander,Bogaerts,Boston Red Sox,June
Michael,Brantley,Cleveland Indians,"July 03, 2016"
Michael,Brantley,Cleveland Indians,"July 12, 2016"
Michael,Brantley,Cleveland Indians,"August 12, 2016"
Michael,Brantley,Cleveland Indians,"August 31, 2016"
Michael,Brantley,Cleveland Indians,"September 07, 2016"
Michael,Brantley,Cleveland Indians,"September 22, 2016"
Michael,Brantley,Cleveland Indians,"October 02, 2016"
Michael,Brantley,Cleveland Indians,6/26-7/2/16
Michael,Brantley,Cleveland Indians,August
Michael,Brantley,Cleveland Indians,June
Ryan,Braun,Milwaikee BrewersTM,"June 19, 2016"
Ryan,Braun,Milwaikee BrewersTM,"July 04, 2016"
Ryan,Braun,Milwaikee BrewersTM,"July 12, 2016"
Ryan,Braun,Milwaikee BrewersTM,"August 23, 2016"
Ryan,Braun,Milwaikee BrewersTM,"August 31, 2016"
Ryan,Braun,Milwaikee BrewersTM,"September 06, 2016"
Ryan,Braun,Milwaikee BrewersTM,"October 02, 2016"
Ryan,Braun,Milwaikee BrewersTM,"October 02, 2016"
Ryan,Braun,Milwaikee BrewersTM,6/26-7/2/16
Ryan,Braun,Milwaikee BrewersTM,7/24-7/30/16
Kris,Bryant,Chicago Cubs,"June 20, 2016"
Kris,Bryant,Chicago Cubs,"July 08, 2016"
Kris,Bryant,Chicago Cubs,"July 12, 2016"
Kris,Bryant,Chicago Cubs,"July 12, 2016"
Kris,Bryant,Chicago Cubs,"July 12, 2016"

Kris,Bryant,Chicago Cubs,,"August 07, 2016"
Kris,Bryant,Chicago Cubs,,"October 02, 2016"
Kris,Bryant,Chicago Cubs,,7/1-7/6/16
Kris,Bryant,Chicago Cubs,,8/21-8/27/16
Kris,Bryant,Chicago Cubs,,8/29-8/31/16
Kris,Bryant,Chicago Cubs,,August
Kris,Bryant,Chicago Cubs,,July
Kris,Bryant,Chicago Cubs,,June
Kris,Bryant,Chicago Cubs,,October
Kris,Bryant,Chicago Cubs,,September
Clay,Buchholz,Boston Red Sox,,"July 12, 2016"
Clay,Buchholz,Boston Red Sox,,"October 02, 2016"
Clay,Buchholz,Boston Red Sox,,7/21-7/24/16
Clay,Buchholz,Boston Red Sox,,8/1-8/7/16
Clay,Buchholz,Boston Red Sox,,9/4-9/10/16
Clay,Buchholz,Boston Red Sox,,August
Clay,Buchholz,Boston Red Sox,,July
Clay,Buchholz,Boston Red Sox,,June
Clay,Buchholz,Boston Red Sox,,October
Clay,Buchholz,Boston Red Sox,,September
Madison,Bumgarner,San Francisco Giants,,"July 12, 2016"
Madison,Bumgarner,San Francisco Giants,,"July 12, 2016"
Madison,Bumgarner,San Francisco Giants,,"October 02, 2016"
Madison,Bumgarner,San Francisco Giants,,"October 02, 2016"
Madison,Bumgarner,San Francisco Giants,,"August 21-27, 2016"
Madison,Bumgarner,San Francisco Giants,,July
Madison,Bumgarner,San Francisco Giants,,"June 26-July 3, 2016"
Madison,Bumgarner,San Francisco Giants,,November
Madison,Bumgarner,San Francisco Giants,,October
Madison,Bumgarner,San Francisco Giants,,September
Byron,Buxton,Minnesota Twins,,"June 24, 2016"
Byron,Buxton,Minnesota Twins,,"July 06, 2016"
Byron,Buxton,Minnesota Twins,,"July 12, 2016"
Byron,Buxton,Minnesota Twins,,"August 16, 2016"
Byron,Buxton,Minnesota Twins,,"September 16, 2016"
Byron,Buxton,Minnesota Twins,,July
Byron,Buxton,Minnesota Twins,,Novemeber
Miguel,Cabrera,Detroit Tigers,,"June 29, 2016"
Miguel,Cabrera,Detroit Tigers,,"July 12, 2016"
Miguel,Cabrera,Detroit Tigers,,"July 12, 2016"
Miguel,Cabrera,Detroit Tigers,,"July 21, 2016"
Miguel,Cabrera,Detroit Tigers,,"August 17, 2016"
Miguel,Cabrera,Detroit Tigers,,"August 21, 2016"
Miguel,Cabrera,Detroit Tigers,,"September 10, 2016"
Miguel,Cabrera,Detroit Tigers,,"September 22, 2016"
Miguel,Cabrera,Detroit Tigers,,"October 02, 2016"
Miguel,Cabrera,Detroit Tigers,,7/3-7/9/16
Miguel,Cabrera,Detroit Tigers,,July
Miguel,Cabrera,Detroit Tigers,,June
Miguel,Cabrera,Detroit Tigers,,Novemeber
Miguel,Cabrera,Detroit Tigers,,October
Miguel,Cabrera,Detroit Tigers,,September
Lorenzo,Cain,Kansas City Royals,,"June 27, 2016"
Lorenzo,Cain,Kansas City Royals,,"July 12, 2016"
Lorenzo,Cain,Kansas City Royals,,"August 17, 2016"
Lorenzo,Cain,Kansas City Royals,,"September 10, 2016"
Lorenzo,Cain,Kansas City Royals,,"September 23, 2016"
Lorenzo,Cain,Kansas City Royals,,"October 02, 2016"
Lorenzo,Cain,Kansas City Royals,,"July 08, 2026"
Lorenzo,Cain,Kansas City Royals,,7/31-8/6/16
Lorenzo,Cain,Kansas City Royals,,8/14-8/20/16
Lorenzo,Cain,Kansas City Royals,,Novemeber
Kole,Calhoun,Los Angeles Angels,,"June 24, 2016"
Kole,Calhoun,Los Angeles Angels,,"July 12, 2016"
Kole,Calhoun,Los Angeles Angels,,"September 13, 2016"
Kole,Calhoun,Los Angeles Angels,,"September 19, 2016"
Kole,Calhoun,Los Angeles Angels,,"October 02, 2016"
Robinson,Cano,Seattle Mariners,,"July 12, 2016"
Robinson,Cano,Seattle Mariners,,"July 29, 2016"
Robinson,Cano,Seattle Mariners,,"August 04, 2016"
Robinson,Cano,Seattle Mariners,,"September 02, 2016"
Robinson,Cano,Seattle Mariners,,"September 17, 2016"
Robinson,Cano,Seattle Mariners,,August
Robinson,Cano,Seattle Mariners,,"August 22-24, 2016"
Robinson,Cano,Seattle Mariners,,"July 29-31, 2016"
Robinson,Cano,Seattle Mariners,,September
Robinson,Cano,Seattle Mariners,,"September 12-14, 2016"
Shin-Soo,Choo,Texas Rangers,,"July 30, 2016"
Shin-Soo,Choo,Texas Rangers,,"August 19, 2016"
Shin-Soo,Choo,Texas Rangers,,July
Shin-Soo,Choo,Texas Rangers,,"July 25-27, 2016"
Shin-Soo,Choo,Texas Rangers,,"September 2-4, 2016"
Gerrit,Cole,Pittsburgh,Pirates,"July	
  12,	
  2016"
Gerrit,Cole,Pittsburgh,Pirates,"August 28-September 4, 2016"
Gerrit,Cole,Pittsburgh,Pirates,"July 3-9, 2016"
Gerrit,Cole,Pittsburgh,Pirates,November
Gerrit,Cole,Pittsburgh,Pirates,October

Michael,Conforto,New York Mets,"July 05, 2016",
Michael,Conforto,New York Mets,"September 04, 2016",
Michael,Conforto,New York Mets,August,
Michael,Conforto,New York Mets,October,
Michael,Conforto,New York Mets,September,
Carlos,Correa,Houston Astros,"July 02, 2016",
Carlos,Correa,Houston Astros,"July 03, 2016",
Carlos,Correa,Houston Astros,"July 12, 2016",
Carlos,Correa,Houston Astros,"July 12, 2016",
Carlos,Correa,Houston Astros,"August 03, 2016",
Carlos,Correa,Houston Astros,"August 09, 2016",
Carlos,Correa,Houston Astros,"August 16, 2016",
Carlos,Correa,Houston Astros,"August 26, 2016",
Carlos,Correa,Houston Astros,"September 22, 2016",
Carlos,Correa,Houston Astros,"October 02, 2016",
Carlos,Correa,Houston Astros,"October 02, 2016",
Carlos,Correa,Houston Astros,August,
Carlos,Correa,Houston Astros,July,
Carlos,Correa,Houston Astros,June,
Carlos,Correa,Houston Astros,October,
Brandon,Crawford,San Francisco Giants,"June 15, 2016",
Brandon,Crawford,San Francisco Giants,"July 04, 2016",
Brandon,Crawford,San Francisco Giants,"July 10, 2016",
Brandon,Crawford,San Francisco Giants,"July 12, 2016",
Brandon,Crawford,San Francisco Giants,"September 01, 2016",
Brandon,Crawford,San Francisco Giants,"October 02, 2016",
Brandon,Crawford,San Francisco Giants,October,
Nelson,Cruz,Seattle Mariners,"July 04, 2016",
Nelson,Cruz,Seattle Mariners,"July 08, 2016",
Nelson,Cruz,Seattle Mariners,"July 08, 2016",
Nelson,Cruz,Seattle Mariners,"July 12, 2016",
Nelson,Cruz,Seattle Mariners,"September 08, 2016",
Nelson,Cruz,Seattle Mariners,"October 01, 2016",
Nelson,Cruz,Seattle Mariners,August,
Nelson,Cruz,Seattle Mariners,"August 15-18, 2016",
Nelson,Cruz,Seattle Mariners,November,
Nelson,Cruz,Seattle Mariners,October,
Johnny,Cueto,San Francisco Giants,"July	
  12,	
  2016",
Johnny,Cueto,San Francisco Giants,"August 28-September 4, 2016",
Johnny,Cueto,San Francisco Giants,"July 17-23, 2016",
Johnny,Cueto,San Francisco Giants,October,
Johnny,Cueto,San Francisco Giants,September,
Yu,Darvish,Texas Rangers,"July 12, 2016",
Yu,Darvish,Texas Rangers,August,
Yu,Darvish,Texas Rangers,July,
Yu,Darvish,Texas Rangers,"July 29-31, 2016",
Yu,Darvish,Texas Rangers,"July 4-7, 2016",
Yu,Darvish,Texas Rangers,October,
Yu,Darvish,Texas Rangers,October,
Yu,Darvish,Texas Rangers,October,
Yu,Darvish,Texas Rangers,"September 19-21, 2016",
Yu,Darvish,Texas Rangers,"September 2-9, 2016",
Wade,Davis,Kansas City Royals,"July 02, 2016",
Wade,Davis,Kansas City Royals,"October 02, 2016",
Wade,Davis,Kansas City Royals,6/26-7/2/16,
Wade,Davis,Kansas City Royals,8/21-8/27/16,
Wade,Davis,Kansas City Royals,September,
Jacob,deGrom,New York Mets,"July 12, 2016",
Jacob,deGrom,New York Mets,"July 12, 2016",
Jacob,deGrom,New York Mets,6/26-7/2/16,
Jacob,deGrom,New York Mets,7/24-7/30/16,
Jacob,deGrom,New York Mets,7/3-7/9/16,
Jacob,deGrom,New York Mets,8/14-8/20/16,
Jacob,deGrom,New York Mets,9/11-9/17/16,
Jacob,deGrom,New York Mets,July,
Jacob,deGrom,New York Mets,October,
Jacob,deGrom,New York Mets,October,
Josh,Donaldson,Toronto Blue Jays,"July 12, 2016",
Josh,Donaldson,Toronto Blue Jays,"July 12, 2016",
Josh,Donaldson,Toronto Blue Jays,"July 29, 2016",
Josh,Donaldson,Toronto Blue Jays,"September 09, 2016",
Josh,Donaldson,Toronto Blue Jays,"September 12, 2016",
Josh,Donaldson,Toronto Blue Jays,"September 30, 2016",
Josh,Donaldson,Toronto Blue Jays,"August 15-17, 2016",
Josh,Donaldson,Toronto Blue Jays,"August 8-10, 2016",
Josh,Donaldson,Toronto Blue Jays,"July 7-10, 2016",
Josh,Donaldson,Toronto Blue Jays,October,
Josh,Donaldson,Toronto Blue Jays,October,
Josh,Donaldson,Toronto Blue Jays,October,
Josh,Donaldson,Toronto Blue Jays,October,
Josh,Donaldson,Toronto Blue Jays,"September 12-14, 2016",
Josh,Donaldson,Toronto Blue Jays,"September 23-25, 2016",
Matt,Duffy,San Francisco Giants,"July	
  12,	
  2016",
Matt,Duffy,San Francisco Giants,"August 12,",2016
Matt,Duffy,San Francisco Giants,"August 25,",2016
Matt,Duffy,San Francisco Giants,September,"12, 2016"
Matt,Duffy,San Francisco Giants,September,"22, 2016"

Adam,Eaton,Chicago White Sox,"June 22, 2016"
Adam,Eaton,Chicago White Sox,"July 12, 2016"
Adam,Eaton,Chicago White Sox,"July 27, 2016"
Adam,Eaton,Chicago White Sox,"August 11, 2016"
Adam,Eaton,Chicago White Sox,"September 06, 2016"
Adam,Eaton,Chicago White Sox,"October 02, 2016"
Adam,Eaton,Chicago White Sox,9/12-9/15/16
Adam,Eaton,Chicago White Sox,July
Jacoby,Ellsbury,New York Yankees,"July 12, 2016"
Jacoby,Ellsbury,New York Yankees,"July 15, 2016"
Jacoby,Ellsbury,New York Yankees,"July 15, 2016"
Jacoby,Ellsbury,New York Yankees,"August 26, 2016"
Jacoby,Ellsbury,New York Yankees,August
Jacoby,Ellsbury,New York Yankees,"June 26-July 3, 2016"
Jacoby,Ellsbury,New York Yankees,Novemeber
Jacoby,Ellsbury,New York Yankees,October
Jacoby,Ellsbury,New York Yankees,September
Jacoby,Ellsbury,New York Yankees,"September 15-18, 2016"
Edwin,Encarnacion,Toronto Blue Jays,"July 12, 2016"
Edwin,Encarnacion,Toronto Blue Jays,"July 26, 2016"
Edwin,Encarnacion,Toronto Blue Jays,"August 25, 2016"
Edwin,Encarnacion,Toronto Blue Jays,"August 8-10, 2016"
Edwin,Encarnacion,Toronto Blue Jays,"July 8-10, 2016"
Edwin,Encarnacion,Toronto Blue Jays,October
Edwin,Encarnacion,Toronto Blue Jays,October
Edwin,Encarnacion,Toronto Blue Jays,October
Edwin,Encarnacion,Toronto Blue Jays,"September 5-7, 2016"
Jeurys,Familia,New York Mets,"October 02, 2016"
Jeurys,Familia,New York Mets,6/26-7/2/16
Jeurys,Familia,New York Mets,7/24-7/30/16
Jeurys,Familia,New York Mets,9/18-9/24/16
Jeurys,Familia,New York Mets,August
Jose,Fernandez,Miami Marlins,"July 12, 2016"
Jose,Fernandez,Miami Marlins,"September 04, 2016"
Jose,Fernandez,Miami Marlins,"October 02, 2016"
Jose,Fernandez,Miami Marlins,"October 02, 2016"
Jose,Fernandez,Miami Marlins,6/12-6/18/16
Jose,Fernandez,Miami Marlins,7/3-7/9/16
Jose,Fernandez,Miami Marlins,7/31-8/6/16
Jose,Fernandez,Miami Marlins,8/14-8/20/16
Jose,Fernandez,Miami Marlins,August
Jose,Fernandez,Miami Marlins,June
Prince,Fielder,Texas Rangers,"July 12, 2016"
Prince,Fielder,Texas Rangers,"July 28, 2016"
Prince,Fielder,Texas Rangers,"August 13, 2016"
Prince,Fielder,Texas Rangers,"August 12-14, 2016"
Prince,Fielder,Texas Rangers,"September 26-28, 2016"
Todd,Frazier,Chicago White Sox,"July 12, 2016"
Todd,Frazier,Chicago White Sox,"July 30, 2016"
Todd,Frazier,Chicago White Sox,"August 24, 2016"
Todd,Frazier,Chicago White Sox,"September 14, 2016"
Todd,Frazier,Chicago White Sox,"October 02, 2016"
Todd,Frazier,Chicago White Sox,7/17-7/23/16
Todd,Frazier,Chicago White Sox,8/2/-8/7/16
Todd,Frazier,Chicago White Sox,July
Todd,Frazier,Chicago White Sox,June
Todd,Frazier,Chicago White Sox,October
Freddie,Freeman,Atlanta Braves,"June 19, 2016"
Freddie,Freeman,Atlanta Braves,"July 12, 2016"
Freddie,Freeman,Atlanta Braves,"July 12, 2016"
Freddie,Freeman,Atlanta Braves,"July 29, 2016"
Freddie,Freeman,Atlanta Braves,"August 02, 2016"
Freddie,Freeman,Atlanta Braves,"August 26, 2016"
Freddie,Freeman,Atlanta Braves,"October 02, 2016"
Freddie,Freeman,Atlanta Braves,7/3-7/9/16
Freddie,Freeman,Atlanta Braves,8/7-8/13/16
Freddie,Freeman,Atlanta Braves,9/27-9/29
Paul,Goldschmidt,Arizona Diamondbacks,"July 12, 2016"
Paul,Goldschmidt,Arizona Diamondbacks,"July 29, 2016"
Paul,Goldschmidt,Arizona Diamondbacks,"August 11, 2016"
Paul,Goldschmidt,Arizona Diamondbacks,"August 24, 2016"
Paul,Goldschmidt,Arizona Diamondbacks,"October 02, 2016"
Paul,Goldschmidt,Arizona Diamondbacks,August
Paul,Goldschmidt,Arizona Diamondbacks,"June 19-25, 2016"
Paul,Goldschmidt,Arizona Diamondbacks,October
Paul,Goldschmidt,Arizona Diamondbacks,September
Paul,Goldschmidt,Arizona Diamondbacks,"September 2-4, 2016"
Adrian,Gonzalez,Los Angeles Dodgers,"July 05, 2016"
Adrian,Gonzalez,Los Angeles Dodgers,"August 19, 2016"
Adrian,Gonzalez,Los Angeles Dodgers,"September 05, 2016"
Adrian,Gonzalez,Los Angeles Dodgers,"October 02, 2016"
Adrian,Gonzalez,Los Angeles Dodgers,October
Carlos,Gonzalez,Colorado Rockies,"June 20, 2016"
Carlos,Gonzalez,Colorado Rockies,"July 12, 2016"
Carlos,Gonzalez,Colorado Rockies,"July 24, 2016"
Carlos,Gonzalez,Colorado Rockies,"August 14, 2016"
Carlos,Gonzalez,Colorado Rockies,"August 29, 2016"

Carlos,Gonzalez,Colorado Rockies,"September 12, 2016"
Carlos,Gonzalez,Colorado Rockies,"October 02, 2016"
Carlos,Gonzalez,Colorado Rockies,7/17-7/23/16
Carlos,Gonzalez,Colorado Rockies,August
Carlos,Gonzalez,Colorado Rockies,July
Dee,Gordon,Miami Marlins,"June 28, 2016"
Dee,Gordon,Miami Marlins,"July 12, 2016"
Dee,Gordon,Miami Marlins,"July 19, 2016"
Dee,Gordon,Miami Marlins,"August 10, 2016"
Dee,Gordon,Miami Marlins,"August 31, 2016"
Dee,Gordon,Miami Marlins,"September 24, 2016"
Dee,Gordon,Miami Marlins,"September 05, 2017"
Dee,Gordon,Miami Marlins,6/12-6/18/16
Dee,Gordon,Miami Marlins,7/3-7/9/16
Dee,Gordon,Miami Marlins,August
Curtis,Granderson,New York Mets,"June 14, 2016"
Curtis,Granderson,New York Mets,"July 15, 2016"
Curtis,Granderson,New York Mets,"August 09, 2016"
Curtis,Granderson,New York Mets,9/25-10/1/16
Curtis,Granderson,New York Mets,October
Sonny,Gray,Oakland Athletics,"July 12, 2016"
Sonny,Gray,Oakland Athletics,"October 02, 2016"
Sonny,Gray,Oakland Athletics,August
Sonny,Gray,Oakland Athletics,July
Sonny,Gray,Oakland Athletics,"July 3-9, 2016"
Sonny,Gray,Oakland Athletics,"June 12-18, 2016"
Sonny,Gray,Oakland Athletics,November
Sonny,Gray,Oakland Athletics,October
Sonny,Gray,Oakland Athletics,October
Sonny,Gray,Oakland Athletics,"September 4-10, 2016"
Zack,Greinke,Arizona Diamondbacks,"July 12, 2016"
Zack,Greinke,Arizona Diamondbacks,"October 02, 2016"
Zack,Greinke,Arizona Diamondbacks,6/26-7/2/16
Zack,Greinke,Arizona Diamondbacks,7/8-7/10/16
Zack,Greinke,Arizona Diamondbacks,8/21-8/27
Zack,Greinke,Arizona Diamondbacks,8/7-8/13/16
Zack,Greinke,Arizona Diamondbacks,9/11-9/17/16
Zack,Greinke,Arizona Diamondbacks,July
Zack,Greinke,Arizona Diamondbacks,June
Zack,Greinke,Arizona Diamondbacks,September
Billy,Hamilton,Cincinnati Reds,"June 29, 2016"
Billy,Hamilton,Cincinnati Reds,"July 12, 2016"
Billy,Hamilton,Cincinnati Reds,"July 19, 2016"
Billy,Hamilton,Cincinnati Reds,"August 26, 2016"
Billy,Hamilton,Cincinnati Reds,9/14-9/20/16
Billy,Hamilton,Cincinnati Reds,July
Billy,Hamilton,Cincinnati Reds,June
Billy,Hamilton,Cincinnati Reds,September
Bryce,Harper,Washington Nationals,"July 12, 2016"
Bryce,Harper,Washington Nationals,"July 12, 2016"
Bryce,Harper,Washington Nationals,"July 17, 2016"
Bryce,Harper,Washington Nationals,"July 31, 2016"
Bryce,Harper,Washington Nationals,"August 18, 2016"
Bryce,Harper,Washington Nationals,"September 10, 2016"
Bryce,Harper,Washington Nationals,"September 26, 2016"
Bryce,Harper,Washington Nationals,August
Bryce,Harper,Washington Nationals,August
Bryce,Harper,Washington Nationals,"August 9-10, 2016"
Bryce,Harper,Washington Nationals,"July 4-6, 2016"
Bryce,Harper,Washington Nationals,"July 7-10, 2016"
Bryce,Harper,Washington Nationals,October
Bryce,Harper,Washington Nationals,October
Bryce,Harper,Washington Nationals,September
Bryce,Harper,Washington Nationals,"September 12-14, 2016"
Bryce,Harper,Washington Nationals,"September 5-7, 2016"
Matt,Harvey,New York Mets,"July 12, 2016"
Matt,Harvey,New York Mets,"July 12, 2016"
Matt,Harvey,New York Mets,"August 1-4, 2016"
Matt,Harvey,New York Mets,"August 28-September 4, 2016"
Matt,Harvey,New York Mets,July
Matt,Harvey,New York Mets,"July 19-25, 2016"
Matt,Harvey,New York Mets,"June 15-21, 2016"
Matt,Harvey,New York Mets,November
Matt,Harvey,New York Mets,October
Matt,Harvey,New York Mets,"September 18-24, 2016"
Felix,Hernandez,Seattle Mariners,"July 12, 2016"
Felix,Hernandez,Seattle Mariners,"August 1-4, 2016"
Felix,Hernandez,Seattle Mariners,"August 12-14, 2016"
Felix,Hernandez,Seattle Mariners,July
Felix,Hernandez,Seattle Mariners,"July 4-6, 2016"
Felix,Hernandez,Seattle Mariners,November
Felix,Hernandez,Seattle Mariners,November
Felix,Hernandez,Seattle Mariners,October
Felix,Hernandez,Seattle Mariners,September
Felix,Hernandez,Seattle Mariners,"September 19-21, 2016"
Odubel,Herrera,Philadelphia Phillies,"July 04, 2016"
Odubel,Herrera,Philadelphia Phillies,"July 06, 2016"

Odubel,Herrera,Philadelphia Phillies,"July 12, 2016"
Odubel,Herrera,Philadelphia Phillies,"September 02, 2016"
Odubel,Herrera,Philadelphia Phillies,August
Jason,Heyward,Chicago Cubs,"June 27, 2016"
Jason,Heyward,Chicago Cubs,"July 08, 2016"
Jason,Heyward,Chicago Cubs,"July 12, 2016"
Jason,Heyward,Chicago Cubs,"August 03, 2016"
Jason,Heyward,Chicago Cubs,"August 10, 2016"
Jason,Heyward,Chicago Cubs,"September 04, 2016"
Jason,Heyward,Chicago Cubs,9/12-9/18/16
Jason,Heyward,Chicago Cubs,July
Jason,Heyward,Chicago Cubs,June
Jason,Heyward,Chicago Cubs,October
Matt,Holliday,St. Louis Cardinals,"July 08, 2016"
Matt,Holliday,St. Louis Cardinals,"July 12, 2016"
Matt,Holliday,St. Louis Cardinals,"July 22, 2016"
Matt,Holliday,St. Louis Cardinals,"September 19, 2016"
Matt,Holliday,St. Louis Cardinals,"September 24, 2016"
Matt,Holliday,St. Louis Cardinals,August
Matt,Holliday,St. Louis Cardinals,"August 23-25, 2016"
Matt,Holliday,St. Louis Cardinals,"August 8-10, 2016"
Matt,Holliday,St. Louis Cardinals,October
Matt,Holliday,St. Louis Cardinals,"September 26-29, 2016"
Eric,Hosmer,Kansas City Royals,"June 18, 2016"
Eric,Hosmer,Kansas City Royals,"June 24, 2016"
Eric,Hosmer,Kansas City Royals,"June 27, 2016"
Eric,Hosmer,Kansas City Royals,"July 05, 2016"
Eric,Hosmer,Kansas City Royals,"July 12, 2016"
Eric,Hosmer,Kansas City Royals,"August 31, 2016"
Eric,Hosmer,Kansas City Royals,"October 02, 2016"
Eric,Hosmer,Kansas City Royals,8/21-8/27/16
Eric,Hosmer,Kansas City Royals,July
Eric,Hosmer,Kansas City Royals,October
Ryan,Howard,Philadelphia Phillies,"July	
  12,	
  2016"
Ryan,Howard,Philadelphia Phillies,"July 31, 2016"
Ryan,Howard,Philadelphia Phillies,"August 02, 2016"
Ryan,Howard,Philadelphia Phillies,"August 26, 2016"
Ryan,Howard,Philadelphia Phillies,"October 02, 2016"
Adam,Jones,Baltimore Orioles,"October 02, 2015"
Adam,Jones,Baltimore Orioles,"June 20, 2016"
Adam,Jones,Baltimore Orioles,"July 12, 2016"
Adam,Jones,Baltimore Orioles,"July 20, 2016"
Adam,Jones,Baltimore Orioles,"August 04, 2016"
Adam,Jones,Baltimore Orioles,"August 22, 2016"
Adam,Jones,Baltimore Orioles,"September 15, 2016"
Adam,Jones,Baltimore Orioles,"September 18, 2016"
Adam,Jones,Baltimore Orioles,6/22-6/28
Adam,Jones,Baltimore Orioles,October
Jung Ho,Kang,Pittsburgh Pirates,"August	
  31,	
  2016"
Jung Ho,Kang,Pittsburgh Pirates,"September 02, 2016"
Jung Ho,Kang,Pittsburgh Pirates,"October 01, 2016"
Jung Ho,Kang,Pittsburgh Pirates,"August 29-31, 2016"
Jung Ho,Kang,Pittsburgh Pirates,September
Matt,Kemp,San Diego Padres,"July	
  12,	
  2016"
Matt,Kemp,San Diego Padres,"September 12, 2016"
Matt,Kemp,San Diego Padres,July
Matt,Kemp,San Diego Padres,July
Matt,Kemp,San Diego Padres,October
Clayton,Kershaw,Los Angeles Dodgers,"July 12, 2016"
Clayton,Kershaw,Los Angeles Dodgers,"July 12, 2016"
Clayton,Kershaw,Los Angeles Dodgers,"October 02, 2016"
Clayton,Kershaw,Los Angeles Dodgers,6/26-7/2/16
Clayton,Kershaw,Los Angeles Dodgers,7/31-8/6/16
Clayton,Kershaw,Los Angeles Dodgers,8/14-8/20/16
Clayton,Kershaw,Los Angeles Dodgers,9/11-9/17/16
Clayton,Kershaw,Los Angeles Dodgers,July
Clayton,Kershaw,Los Angeles Dodgers,October
Clayton,Kershaw,Los Angeles Dodgers,September
Dallas,Keuchel,Houston Astros,"July 12, 2016"
Dallas,Keuchel,Houston Astros,6/26-7/2/16
Dallas,Keuchel,Houston Astros,7/17-7/23/16
Dallas,Keuchel,Houston Astros,7/31-8/6/16
Dallas,Keuchel,Houston Astros,9/11-9/17/16
Dallas,Keuchel,Houston Astros,9/25-10/1/16
Dallas,Keuchel,Houston Astros,9/4-9/10/16
Dallas,Keuchel,Houston Astros,August
Dallas,Keuchel,Houston Astros,July
Dallas,Keuchel,Houston Astros,Novemeber
Craig,Kimbrel,Boston Red Sox,"July 12, 2016"
Craig,Kimbrel,Boston Red Sox,7/21-7/24/16
Craig,Kimbrel,Boston Red Sox,8/1-8/7/16
Craig,Kimbrel,Boston Red Sox,June
Craig,Kimbrel,Boston Red Sox,September
Ian,Kinsler,Detroit Tigers,"June 24, 2016"
Ian,Kinsler,Detroit Tigers,"July 07, 2016"
Ian,Kinsler,Detroit Tigers,"July 12, 2016"
Ian,Kinsler,Detroit Tigers,"July 27, 2016"

Ian,Kinsler,Detroit Tigers,"August 14, 2016"
Ian,Kinsler,Detroit Tigers,"August 27, 2016"
Ian,Kinsler,Detroit Tigers,"September 09, 2016"
Ian,Kinsler,Detroit Tigers,"September 18, 2016"
Ian,Kinsler,Detroit Tigers,"October 02, 2016"
Ian,Kinsler,Detroit Tigers,July
Corey,Kluber,Cleveland Indians,"July 12, 2016"
Corey,Kluber,Cleveland Indians,"October 02, 2016"
Corey,Kluber,Cleveland Indians,6/24-6/30/16
Corey,Kluber,Cleveland Indians,8/21-8/27/16
Corey,Kluber,Cleveland Indians,9/4-9/10/16
Corey,Kluber,Cleveland Indians,August
Corey,Kluber,Cleveland Indians,July
DJ,LeMahieu,Colorado Rockies,"June 23, 2016"
DJ,LeMahieu,Colorado Rockies,"July 09, 2016"
DJ,LeMahieu,Colorado Rockies,"July 12, 2016"
DJ,LeMahieu,Colorado Rockies,"August 15, 2016"
DJ,LeMahieu,Colorado Rockies,"September 09, 2016"
DJ,LeMahieu,Colorado Rockies,"October 02, 2016"
DJ,LeMahieu,Colorado Rockies,"October 02, 2016"
DJ,LeMahieu,Colorado Rockies,9/25-10/1/16
DJ,LeMahieu,Colorado Rockies,July
DJ,LeMahieu,Colorado Rockies,September
Adam,Lind,Seattle Mariners,"July 02, 2016"
Adam,Lind,Seattle Mariners,"July 16, 2016"
Adam,Lind,Seattle Mariners,"August 19, 2016"
Adam,Lind,Seattle Mariners,"August 5-7, 2016"
Adam,Lind,Seattle Mariners,July
Francisco,Lindor,Cleveland Indians,"June 24, 2016"
Francisco,Lindor,Cleveland Indians,"July 05, 2016"
Francisco,Lindor,Cleveland Indians,"July 12, 2016"
Francisco,Lindor,Cleveland Indians,"July 16, 2016"
Francisco,Lindor,Cleveland Indians,"July 30, 2016"
Francisco,Lindor,Cleveland Indians,"September 14, 2016"
Francisco,Lindor,Cleveland Indians,8/21-8/27/16
Francisco,Lindor,Cleveland Indians,9/25-10/1/16
Francisco,Lindor,Cleveland Indians,July
Francisco,Lindor,Cleveland Indians,September
Evan,Longoria,Tampa Bay Rays,"July 12, 2016"
Evan,Longoria,Tampa Bay Rays,"July 17, 2016"
Evan,Longoria,Tampa Bay Rays,"August 22, 2016"
Evan,Longoria,Tampa Bay Rays,"August 22, 2016"
Evan,Longoria,Tampa Bay Rays,"September 07, 2016"
Evan,Longoria,Tampa Bay Rays,"September 08, 2016"
Evan,Longoria,Tampa Bay Rays,"August 22-25, 2016"
Evan,Longoria,Tampa Bay Rays,October
Evan,Longoria,Tampa Bay Rays,October
Evan,Longoria,Tampa Bay Rays,"September 20-25, 2016"
Manny,Machado,Baltimore Orioles,"June 17, 2016"
Manny,Machado,Baltimore Orioles,"July 03, 2016"
Manny,Machado,Baltimore Orioles,"July 12, 2016"
Manny,Machado,Baltimore Orioles,"August 12, 2016"
Manny,Machado,Baltimore Orioles,"August 16, 2016"
Manny,Machado,Baltimore Orioles,"October 02, 2016"
Manny,Machado,Baltimore Orioles,6/19-6/25/16
Manny,Machado,Baltimore Orioles,9/4-9/10/16
Manny,Machado,Baltimore Orioles,August
Manny,Machado,Baltimore Orioles,October
Starling,Marte,Pittsburgh Pirates,"June 15, 2016"
Starling,Marte,Pittsburgh Pirates,"June 23, 2016"
Starling,Marte,Pittsburgh Pirates,"July 08, 2016"
Starling,Marte,Pittsburgh Pirates,"July 12, 2016"
Starling,Marte,Pittsburgh Pirates,August
Starling,Marte,Pittsburgh Pirates,"June 5-11, 2016"
Starling,Marte,Pittsburgh Pirates,November
Starling,Marte,Pittsburgh Pirates,October
Joe,Mauer,Minnesota Twins,"June 18, 2016"
Joe,Mauer,Minnesota Twins,"June 28, 2016"
Joe,Mauer,Minnesota Twins,"July 06, 2016"
Joe,Mauer,Minnesota Twins,"July 22, 2016"
Joe,Mauer,Minnesota Twins,"August 20, 2016"
Joe,Mauer,Minnesota Twins,"September 22, 2016"
Joe,Mauer,Minnesota Twins,"October 02, 2016"
Joe,Mauer,Minnesota Twins,"October 02, 2016"
Joe,Mauer,Minnesota Twins,October
Andrew,McCutchen,Pittsburgh Pirates,"July 04, 2016"
Andrew,McCutchen,Pittsburgh Pirates,"July 12, 2016"
Andrew,McCutchen,Pittsburgh Pirates,"August 04, 2016"
Andrew,McCutchen,Pittsburgh Pirates,"August 22, 2016"
Andrew,McCutchen,Pittsburgh Pirates,"September 05, 2016"
Andrew,McCutchen,Pittsburgh Pirates,"October 02, 2016"
Andrew,McCutchen,Pittsburgh Pirates,July
Andrew,McCutchen,Pittsburgh Pirates,"June 24-27, 2016"
Andrew,McCutchen,Pittsburgh Pirates,November
Andrew,McCutchen,Pittsburgh Pirates,October
Mark,Melancon,Pittsburgh Pirates,"July	
  12,	
  2016"
Mark,Melancon,Pittsburgh Pirates,"July 15, 2016"

Mark,Melancon,Pittsburgh Pirates,"August 29, 2016"
Mark,Melancon,Pittsburgh Pirates,"October 02, 2016"
Mark,Melancon,Pittsburgh Pirates,July
Mark,Melancon,Pittsburgh Pirates,"June 26-July 3, 2016"
Mark,Melancon,Pittsburgh Pirates,October
Shelby,Miller,Arizona Diamondbacks,"July 12, 2016"
Shelby,Miller,Arizona Diamondbacks,"October 02, 2016"
Shelby,Miller,Arizona Diamondbacks,6/26-7/2/16
Shelby,Miller,Arizona Diamondbacks,7/17-7/23/16
Shelby,Miller,Arizona Diamondbacks,8/7-8/13/16
Shelby,Miller,Arizona Diamondbacks,9/4-9/10/16
Shelby,Miller,Arizona Diamondbacks,August
Shelby,Miller,Arizona Diamondbacks,July
Shelby,Miller,Arizona Diamondbacks,June
Shelby,Miller,Arizona Diamondbacks,September
Yadier,Molina,St. Louis Cardinals,"July 12, 2016"
Yadier,Molina,St. Louis Cardinals,"August 11, 2016"
Yadier,Molina,St. Louis Cardinals,"August 16, 2016"
Yadier,Molina,St. Louis Cardinals,"September 12, 2016"
Yadier,Molina,St. Louis Cardinals,"August 7-13, 2016"
Yadier,Molina,St. Louis Cardinals,"July 22-24, 2016"
Yadier,Molina,St. Louis Cardinals,"July 4-7, 2016"
Yadier,Molina,St. Louis Cardinals,October
Yadier,Molina,St. Louis Cardinals,October
Yadier,Molina,St. Louis Cardinals,"September 26-28, 2016"
Mike,Moustakas,Kansas City Royals,"July 12, 2016"
Mike,Moustakas,Kansas City Royals,"July 18, 2016"
Mike,Moustakas,Kansas City Royals,"August 13, 2016"
Mike,Moustakas,Kansas City Royals,"September 24, 2016"
Mike,Moustakas,Kansas City Royals,"October 02, 2016"
Aaron,Nola,Philadelphia Phillies,"July 12, 2016"
Aaron,Nola,Philadelphia Phillies,"July 15, 2016"
Aaron,Nola,Philadelphia Phillies,August
Aaron,Nola,Philadelphia Phillies,"August 14-20, 2016"
Aaron,Nola,Philadelphia Phillies,"August 21-27, 2016"
Aaron,Nola,Philadelphia Phillies,July
Aaron,Nola,Philadelphia Phillies,June
Aaron,Nola,Philadelphia Phillies,"June 15-21, 2016"
Aaron,Nola,Philadelphia Phillies,November
Aaron,Nola,Philadelphia Phillies,"September 4-10, 2016"
Hector,Olivera,Atlanta Braves,"June 27, 2016"
Hector,Olivera,Atlanta Braves,"July 12, 2016"
Hector,Olivera,Atlanta Braves,"July 21, 2016"
Hector,Olivera,Atlanta Braves,"August 02, 2016"
Hector,Olivera,Atlanta Braves,"August 18, 2016"
Hector,Olivera,Atlanta Braves,"September 13, 2016"
Hector,Olivera,Atlanta Braves,"October 02, 2016"
Hector,Olivera,Atlanta Braves,9/25-10/1/16
Hector,Olivera,Atlanta Braves,June
Hector,Olivera,Atlanta Braves,Novemeber
David,Ortiz,Boston Red Sox,"June 19, 2016"
David,Ortiz,Boston Red Sox,"June 23, 2016"
David,Ortiz,Boston Red Sox,"July 12, 2016"
David,Ortiz,Boston Red Sox,"September 15, 2016"
David,Ortiz,Boston Red Sox,"October 02, 2016"
David,Ortiz,Boston Red Sox,"October 02, 2016"
David,Ortiz,Boston Red Sox,7/1-7/6/16
David,Ortiz,Boston Red Sox,August
David,Ortiz,Boston Red Sox,July
David,Ortiz,Boston Red Sox,October
Joc,Pederson,Los Angeles Dodgers,"June 18, 2016"
Joc,Pederson,Los Angeles Dodgers,"July 12, 2016"
Joc,Pederson,Los Angeles Dodgers,"August 04, 2016"
Joc,Pederson,Los Angeles Dodgers,"August 12, 2016"
Joc,Pederson,Los Angeles Dodgers,"September 12, 2016"
Joc,Pederson,Los Angeles Dodgers,"September 22, 2016"
Joc,Pederson,Los Angeles Dodgers,"June 26, 2017"
Dustin,Pedroia,Boston Red Sox,"July 03, 2016"
Dustin,Pedroia,Boston Red Sox,"July 12, 2016"
Dustin,Pedroia,Boston Red Sox,"July 20, 2016"
Dustin,Pedroia,Boston Red Sox,"September 03, 2016"
Dustin,Pedroia,Boston Red Sox,"September 30, 2016"
Dustin,Pedroia,Boston Red Sox,"October 01, 2016"
Dustin,Pedroia,Boston Red Sox,"October 02, 2016"
Dustin,Pedroia,Boston Red Sox,"October 02, 2016"
Dustin,Pedroia,Boston Red Sox,6/19-6/25/16
Dustin,Pedroia,Boston Red Sox,8/9-8/11/16
Hunter,Pence,San Francisco Giants,"June 15, 2016"
Hunter,Pence,San Francisco Giants,"July 12, 2016"
Hunter,Pence,San Francisco Giants,"July 31, 2016"
Hunter,Pence,San Francisco Giants,"August 05, 2016"
Hunter,Pence,San Francisco Giants,"October 02, 2016"
Hunter,Pence,San Francisco Giants,"August 15-17, 2016"
Hunter,Pence,San Francisco Giants,"July 3-9, 2016"
Hunter,Pence,San Francisco Giants,October
Hunter,Pence,San Francisco Giants,"September 12-14, 2016"
Hunter,Pence,San Francisco Giants,"September 18-24, 2016"

David,Peralta,Arizona Diamondbacks,"October 02, 2015"
David,Peralta,Arizona Diamondbacks,"July 12, 2016"
David,Peralta,Arizona Diamondbacks,"September 10, 2016"
David,Peralta,Arizona Diamondbacks,"September 21, 2016"
David,Peralta,Arizona Diamondbacks,"September 24, 2016"
David,Peralta,Arizona Diamondbacks,August
David,Peralta,Arizona Diamondbacks,July
David,Peralta,Arizona Diamondbacks,October
Buster,Posey,San Francisco Giants,"June 15, 2016"
Buster,Posey,San Francisco Giants,"July 12, 2016"
Buster,Posey,San Francisco Giants,"July 12, 2016"
Buster,Posey,San Francisco Giants,"July 19, 2016"
Buster,Posey,San Francisco Giants,"July 28, 2016"
Buster,Posey,San Francisco Giants,"August 23, 2016"
Buster,Posey,San Francisco Giants,"September 01, 2016"
Buster,Posey,San Francisco Giants,"September 07, 2016"
Buster,Posey,San Francisco Giants,"October 02, 2016"
Buster,Posey,San Francisco Giants,"October 02, 2016"
Buster,Posey,San Francisco Giants,"October 02, 2016"
Buster,Posey,San Francisco Giants,October
David,Price,Boston Red Sox,"July 12, 2016"
David,Price,Boston Red Sox,"October 02, 2016"
David,Price,Boston Red Sox,6/19-6/25/16
David,Price,Boston Red Sox,7/15-7/17
David,Price,Boston Red Sox,8/26-8/28/16
David,Price,Boston Red Sox,9/12-9/18/16
David,Price,Boston Red Sox,9/12-9/18/16
David,Price,Boston Red Sox,June
David,Price,Boston Red Sox,October
David,Price,Boston Red Sox,September
Yasiel,Puig,Los Angeles Dodgers,"June 21, 2016"
Yasiel,Puig,Los Angeles Dodgers,"July 04, 2016"
Yasiel,Puig,Los Angeles Dodgers,"July 20, 2016"
Yasiel,Puig,Los Angeles Dodgers,"July 31, 2016"
Yasiel,Puig,Los Angeles Dodgers,"September 27, 2016"
Yasiel,Puig,Los Angeles Dodgers,"October 02, 2016"
Yasiel,Puig,Los Angeles Dodgers,8/7/16-8/13/16
Yasiel,Puig,Los Angeles Dodgers,9/11-9/17/16
Yasiel,Puig,Los Angeles Dodgers,August
Yasiel,Puig,Los Angeles Dodgers,October
Albert,Pujols,Los Angeles Angels,"June 27, 2016"
Albert,Pujols,Los Angeles Angels,"July 12, 2016"
Albert,Pujols,Los Angeles Angels,"October 02, 2016"
Albert,Pujols,Los Angeles Angels,"October 02, 2016"
Albert,Pujols,Los Angeles Angels,August
Albert,Pujols,Los Angeles Angels,"August 9-10, 2016"
Albert,Pujols,Los Angeles Angels,"July 25-27, 2016"
Albert,Pujols,Los Angeles Angels,October
Albert,Pujols,Los Angeles Angels,September
Albert,Pujols,Los Angeles Angels,"September 22-25, 2016"
Josh,Reddick,Oakland Athletics,"June 15, 2016"
Josh,Reddick,Oakland Athletics,"June 21, 2016"
Josh,Reddick,Oakland Athletics,"July	
  12,	
  2016"
Josh,Reddick,Oakland Athletics,"July 19, 2016"
Josh,Reddick,Oakland Athletics,"September 04, 2016"
Josh,Reddick,Oakland Athletics,"October 02, 2016"
Josh,Reddick,Oakland Athletics,"August 21-27, 2016"
Anthony,Rizzo,Chicago Cubs,"June 12, 2016"
Anthony,Rizzo,Chicago Cubs,"July 12, 2016"
Anthony,Rizzo,Chicago Cubs,"August 02, 2016"
Anthony,Rizzo,Chicago Cubs,"September 23, 2016"
Anthony,Rizzo,Chicago Cubs,"October 02, 2016"
Anthony,Rizzo,Chicago Cubs,"October 02, 2016"
Anthony,Rizzo,Chicago Cubs,6/20-6/22/16
Anthony,Rizzo,Chicago Cubs,7/22-7/28/16
Anthony,Rizzo,Chicago Cubs,9/25-10/1/16
Anthony,Rizzo,Chicago Cubs,October
Alex,Rodriguez,New York Yankees,"June 15, 2016"
Alex,Rodriguez,New York Yankees,"July 04, 2016"
Alex,Rodriguez,New York Yankees,"July 12, 2016"
Alex,Rodriguez,New York Yankees,"August 12, 2016"
Alex,Rodriguez,New York Yankees,"September 05, 2016"
Alex,Rodriguez,New York Yankees,"October 02, 2016"
Alex,Rodriguez,New York Yankees,July
Alex,Rodriguez,New York Yankees,October
Alex,Rodriguez,New York Yankees,October
Alex,Rodriguez,New York Yankees,"September 4-10, 2016"
Francisco,Rodriguez,Detroit Tigers,"July 31, 2016"
Francisco,Rodriguez,Detroit Tigers,"October 02, 2016"
Francisco,Rodriguez,Detroit Tigers,7/17-7/23/16
Francisco,Rodriguez,Detroit Tigers,9/11-9/17/16
Francisco,Rodriguez,Detroit Tigers,August
Trevor,Rosenthal,St. Louis Cardinals,"July 02, 2016"
Trevor,Rosenthal,St. Louis Cardinals,"July 31, 2016"
Trevor,Rosenthal,St. Louis Cardinals,"August 23, 2016"
Trevor,Rosenthal,St. Louis Cardinals,August
Trevor,Rosenthal,St. Louis Cardinals,"August 7-13, 2016"

Trevor,Rosenthal,St. Louis Cardinals,July
Trevor,Rosenthal,St. Louis Cardinals,"July 17-23, 2016"
Trevor,Rosenthal,St. Louis Cardinals,October
Trevor,Rosenthal,St. Louis Cardinals,October
Trevor,Rosenthal,St. Louis Cardinals,September
Trevor,Rosenthal,St. Louis Cardinals,"September 2-9, 2016"
Addison,Russell,Chicago Cubs,"June 29, 2016"
Addison,Russell,Chicago Cubs,"July 12, 2016"
Addison,Russell,Chicago Cubs,"October 02, 2016"
Addison,Russell,Chicago Cubs,7/25-7/28/16
Addison,Russell,Chicago Cubs,7/4-7/6/16
Addison,Russell,Chicago Cubs,9/18-9/24/16
Addison,Russell,Chicago Cubs,August
Chris,Sale,Chicago White Sox,"July 12, 2016"
Chris,Sale,Chicago White Sox,"October 02, 2016"
Chris,Sale,Chicago White Sox,"October 02, 2016"
Chris,Sale,Chicago White Sox,6/19-6/25/16
Chris,Sale,Chicago White Sox,7/3-7/9/16
Chris,Sale,Chicago White Sox,9/21-9/27/16
Chris,Sale,Chicago White Sox,9/4-9/10/16
Chris,Sale,Chicago White Sox,July
Chris,Sale,Chicago White Sox,October
Chris,Sale,Chicago White Sox,September
Miguel,Sano,Minnesota Twins,"June 19, 2016"
Miguel,Sano,Minnesota Twins,"July 02, 2016"
Miguel,Sano,Minnesota Twins,"July 12, 2016"
Miguel,Sano,Minnesota Twins,"July 15, 2016"
Miguel,Sano,Minnesota Twins,"August 01, 2016"
Miguel,Sano,Minnesota Twins,"September 24, 2016"
Miguel,Sano,Minnesota Twins,"October 02, 2016"
Miguel,Sano,Minnesota Twins,7/24-7/30/16
Miguel,Sano,Minnesota Twins,August
Max,Scherzer,Washington Nationals,"July 12, 2016"
Max,Scherzer,Washington Nationals,August
Max,Scherzer,Washington Nationals,"August 1-3, 2016"
Max,Scherzer,Washington Nationals,"August 26-28, 2015"
Max,Scherzer,Washington Nationals,July
Max,Scherzer,Washington Nationals,"July 19-21, 2016"
Max,Scherzer,Washington Nationals,October
Max,Scherzer,Washington Nationals,October
Max,Scherzer,Washington Nationals,October
Max,Scherzer,Washington Nationals,"September 12-14, 2016"
Jorge,Soler,Chicago Cubs,"June 17, 2016"
Jorge,Soler,Chicago Cubs,"July 12, 2016"
Jorge,Soler,Chicago Cubs,"July 30, 2016"
Jorge,Soler,Chicago Cubs,"August 01, 2016"
Jorge,Soler,Chicago Cubs,"September 13, 2016"
Jorge,Soler,Chicago Cubs,"October 02, 2016"
Jorge,Soler,Chicago Cubs,7/1-7/6/16
Jorge,Soler,Chicago Cubs,June
Jorge,Soler,Chicago Cubs,October
Jorge,Soler,Chicago Cubs,September
Corey,Seager,Los Angeles Dodgers,"June 22, 2016"
Corey,Seager,Los Angeles Dodgers,"July 02, 2016"
Corey,Seager,Los Angeles Dodgers,"July 12, 2016"
Corey,Seager,Los Angeles Dodgers,"August 02, 2016"
Corey,Seager,Los Angeles Dodgers,"August 26, 2016"
Corey,Seager,Los Angeles Dodgers,"September 14, 2016"
Corey,Seager,Los Angeles Dodgers,"September 18, 2016"
Corey,Seager,Los Angeles Dodgers,"October 02, 2016"
Corey,Seager,Los Angeles Dodgers,7/24-7/30/16
Corey,Seager,Los Angeles Dodgers,August
Corey,Seager,Los Angeles Dodgers,June
Corey,Seager,Los Angeles Dodgers,Novemeber
Corey,Seager,Los Angeles Dodgers,October
Kyle,Seager,Seattle Mariners,"July 30, 2016"
Kyle,Seager,Seattle Mariners,"August 02, 2016"
Kyle,Seager,Seattle Mariners,"August 10, 2016"
Kyle,Seager,Seattle Mariners,"September 03, 2016"
Kyle,Seager,Seattle Mariners,July
Luis,Severino,New York Yankees,"July 12, 2016"
Luis,Severino,New York Yankees,"October 02, 2016"
Luis,Severino,New York Yankees,"October 02, 2016"
Luis,Severino,New York Yankees,"August 21-27, 2016"
Luis,Severino,New York Yankees,"July 17-23, 2016"
Luis,Severino,New York Yankees,June
Luis,Severino,New York Yankees,"June 12-18, 2016"
Luis,Severino,New York Yankees,Novemeber
Luis,Severino,New York Yankees,October
Luis,Severino,New York Yankees,September
James,Shields,San Diego Padres,"July	
  12,	
  2016"
James,Shields,San Diego Padres,"July 31-August 6, 2016"
James,Shields,San Diego Padres,October
James,Shields,San Diego Padres,September
James,Shields,San Diego Padres,"September 12,2016"
Andrelton,Simmons,Los Angeles Angels,"July 17, 2016"
Andrelton,Simmons,Los Angeles Angels,"August 19, 2016"

Andrelton,Simmons,Los Angeles Angels,August
Andrelton,Simmons,Los Angeles Angels,"June 19-25, 2016"
Andrelton,Simmons,Los Angeles Angels,"September 11-17, 2016"
George,Springer,Houston Astros,"June 15, 2016"
George,Springer,Houston Astros,"July 12, 2016"
George,Springer,Houston Astros,"July 12, 2016"
George,Springer,Houston Astros,"August 05, 2016"
George,Springer,Houston Astros,November
George,Springer,Houston Astros,October
George,Springer,Houston Astros,September
George,Springer,Houston Astros,"September 5-11, 2016"
Giancarlo,Stanton,Miami Marlins,"June 22, 2016"
Giancarlo,Stanton,Miami Marlins,"July 10, 2016"
Giancarlo,Stanton,Miami Marlins,"July 12, 2016"
Giancarlo,Stanton,Miami Marlins,"July 12, 2016"
Giancarlo,Stanton,Miami Marlins,"August 05, 2016"
Giancarlo,Stanton,Miami Marlins,"August 25, 2016"
Giancarlo,Stanton,Miami Marlins,"September 13, 2016"
Giancarlo,Stanton,Miami Marlins,"September 27, 2016"
Giancarlo,Stanton,Miami Marlins,"October 02, 2016"
Giancarlo,Stanton,Miami Marlins,July
Stephen,Strasburg,Washington Nationals,"July 12, 2016"
Stephen,Strasburg,Washington Nationals,August
Stephen,Strasburg,Washington Nationals,"August 26-28, 2016"
Stephen,Strasburg,Washington Nationals,"August 5-7, 2016"
Stephen,Strasburg,Washington Nationals,July
Stephen,Strasburg,Washington Nationals,October
Stephen,Strasburg,Washington Nationals,October
Stephen,Strasburg,Washington Nationals,October
Stephen,Strasburg,Washington Nationals,October
Stephen,Strasburg,Washington Nationals,"September 8-11, 2016"
Noah,Syndergaard,New York Mets,"July 12, 2016"
Noah,Syndergaard,New York Mets,August
Noah,Syndergaard,New York Mets,"August 7-13, 2016"
Noah,Syndergaard,New York Mets,November
Noah,Syndergaard,New York Mets,October
Masahiro,Tanaka,New York Yankees,"July 12, 2016"
Masahiro,Tanaka,New York Yankees,August
Masahiro,Tanaka,New York Yankees,July
Masahiro,Tanaka,New York Yankees,"July 3-9, 2016"
Masahiro,Tanaka,New York Yankees,"July 31-August 6, 2016"
Masahiro,Tanaka,New York Yankees,"June 19-25, 2016"
Masahiro,Tanaka,New York Yankees,November
Masahiro,Tanaka,New York Yankees,Novemeber
Masahiro,Tanaka,New York Yankees,October
Masahiro,Tanaka,New York Yankees,"September 11-17, 2016"
Mark,Teixeira,New York Yankees,"June 15, 2016"
Mark,Teixeira,New York Yankees,"June 25, 2016"
Mark,Teixeira,New York Yankees,"July 04, 2016"
Mark,Teixeira,New York Yankees,"July 12, 2016"
Mark,Teixeira,New York Yankees,"August 07, 2016"
Mark,Teixeira,New York Yankees,"September 02, 2016"
Mark,Teixeira,New York Yankees,"October 02, 2016"
Mark,Teixeira,New York Yankees,"October 02, 2016"
Mark,Teixeira,New York Yankees,"July 24-30, 2016"
Mark,Teixeira,New York Yankees,October
Mike,Trout,Los Angeles Angels,"June 28, 2016"
Mike,Trout,Los Angeles Angels,"July 04, 2016"
Mike,Trout,Los Angeles Angels,"July 12, 2016"
Mike,Trout,Los Angeles Angels,"July 12, 2016"
Mike,Trout,Los Angeles Angels,"July 12, 2016"
Mike,Trout,Los Angeles Angels,"July 12, 2016"
Mike,Trout,Los Angeles Angels,"August 05, 2016"
Mike,Trout,Los Angeles Angels,"August 26, 2016"
Mike,Trout,Los Angeles Angels,"September 18, 2016"
Mike,Trout,Los Angeles Angels,"September 30, 2016"
Mike,Trout,Los Angeles Angels,"October 02, 2016"
Mike,Trout,Los Angeles Angels,"October 02, 2016"
Mike,Trout,Los Angeles Angels,"July 17-23, 2016"
Mike,Trout,Los Angeles Angels,October
Mike,Trout,Los Angeles Angels,Post Season
Justin,Verlander,Detroit Tigers,"July 12, 2016"
Justin,Verlander,Detroit Tigers,"October 02, 2016"
Justin,Verlander,Detroit Tigers,6/19-6/25/16
Justin,Verlander,Detroit Tigers,7/24-7/30/16
Justin,Verlander,Detroit Tigers,8/21-8/27/16
Justin,Verlander,Detroit Tigers,9/11-9/17/16
Justin,Verlander,Detroit Tigers,July
Justin,Verlander,Detroit Tigers,June
Justin,Verlander,Detroit Tigers,September
Joey,Votto,Cincinnati Reds,"June 29, 2016"
Joey,Votto,Cincinnati Reds,"July 12, 2016"
Joey,Votto,Cincinnati Reds,"July 23, 2016"
Joey,Votto,Cincinnati Reds,"August 05, 2016"
Joey,Votto,Cincinnati Reds,"August 14, 2016"
Joey,Votto,Cincinnati Reds,"October 02, 2016"
Joey,Votto,Cincinnati Reds,8/2-8/4/16

Joey,Votto,Cincinnati Reds,9/18-9/24/16
Joey,Votto,Cincinnati Reds,June
Joey,Votto,Cincinnati Reds,Novemeber
Adam,Wainwright,St. Louis Cardinals,"July 12, 2016"
Adam,Wainwright,St. Louis Cardinals,August
Adam,Wainwright,St. Louis Cardinals,"August 2-9, 2016"
Adam,Wainwright,St. Louis Cardinals,"August 23-25, 2016"
Adam,Wainwright,St. Louis Cardinals,July
Adam,Wainwright,St. Louis Cardinals,"July 15-17, 2016"
Adam,Wainwright,St. Louis Cardinals,October
Adam,Wainwright,St. Louis Cardinals,October
Adam,Wainwright,St. Louis Cardinals,October
Adam,Wainwright,St. Louis Cardinals,"September 26-29, 2016"
David,Wright,New York Mets,"July 09, 2016"
David,Wright,New York Mets,"July 12, 2016"
David,Wright,New York Mets,"August	
  01,	
  2016"
David,Wright,New York Mets,"August 17, 2016"
David,Wright,New York Mets,"June	
  21-­-22,	
  2016"
Brad,Ziegler,Arizona Diamondbacks,"July 04, 2016"
Brad,Ziegler,Arizona Diamondbacks,"July 12, 2016"
Brad,Ziegler,Arizona Diamondbacks,"September 18, 2016"
Brad,Ziegler,Arizona Diamondbacks,"October 02, 2016"
Brad,Ziegler,Arizona Diamondbacks,9/21-9/27/16
Brad,Ziegler,Arizona Diamondbacks,July
Brad,Ziegler,Arizona Diamondbacks,June
Ichiro,,Miami Marlins,"June 22, 2016"
Ichiro,,Miami Marlins,"July 03, 2016"
Ichiro,,Miami Marlins,"July 12, 2016"
Ichiro,,Miami Marlins,"August 25, 2016"
Ichiro,,Miami Marlins,"September 10, 2016"
Ichiro,,Miami Marlins,"September 21, 2016"
Ichiro,,Miami Marlins,August
Ichiro,,Miami Marlins,July
Ichiro,,Miami Marlins,June
Ichiro,,Miami Marlins,September
RETAIL,,,
MLB DEBUT,,,
MLBD2-1,Carl Yastrzemski,Boston Red Sox,
MLBD2-2,Johnny Bench,Cincinnati Reds,
MLBD2-3,Wade Boggs,Boston Red Sox,
MLBD2-4,George Brett,Kansas City Royals,
MLBD2-5,Tony Gwynn,San Diego Padres,
MLBD2-6,Ken Griffey Jr.,Seattle Mariners,
MLBD2-7,Tom Seaver,New York Mets,
MLBD2-8,Paul Molitor,Milwaukee Brewers,
MLBD2-9,Robin Yount,Milwaukee Brewers,
MLBD2-10,Warren Spahn,Boston Braves,
MLBD2-11,Duke Snider,Brooklyn Dodgers,
MLBD2-12,Bill Mazeroski,Pittsburgh Pirates,
MLBD2-13,Madison Bumgarner,San Francisco Giants,
MLBD2-14,Clayton Kershaw,Los Angeles Dodgers,
MLBD2-15,David Ortiz,Minnesota Twins,
MLBD2-16,Anthony Rizzo,San Diego Padres,
MLBD2-17,Dustin Pedroia,Boston Red Sox,
MLBD2-18,Felix Hernandez,Seattle Mariners,
MLBD2-19,David Wright,New York Mets,
MLBD2-20,Jake Arrieta,Baltimore Orioles,
MLBD2-21,Carlos Correa,Houston Astros,
MLBD2-22,Rob Refsnyder,New York Yankees,
MLBD2-23,Don Mattingly,New York Yankees,
MLBD2-24,David Price,Tampa Bay Rays,
MLBD2-25,Jose Abreu,Chicago White Sox,
MLBD2-26,Ichiro,Seattle Mariners,
MLBD2-27,Hanley Ramirez,Boston Red Sox,
MLBD2-28,Mark McGwire,Oakland Athletics,
MLBD2-29,Rod Carew,Minnesota Twins,
MLBD2-30,Jeff Bagwell,Houston Astros,
MLBD2-31,Alex Gordon,Kansas City Royals,
MLBD2-32,Mike Moustakas,Kansas City Royals,
MLBD2-33,Noah Syndergaard,New York Mets,
MLBD2-34,Manny Machado,Baltimore Orioles,
MLBD2-35,Carlos Gonzalez,Oakland Athletics,
MLBD2-36,Zack Greinke,Kansas City Royals,
MLBD2-37,Joey Votto,Cincinnati Reds,
MLBD2-38,Starling Marte,Pittsburgh Pirates,
MLBD2-39,Sonny Gray,Oakland Athletics,
MLBD2-40,Tom Glavine,Atlanta Braves,
MLB DEBUT MEDALLION CARDS,,,
MLBDM2-1,Carl Yastrzemski,Boston Red Sox,
MLBDM2-2,Johnny Bench,Cincinnati Reds,
MLBDM2-3,Wade Boggs,Boston Red Sox,
MLBDM2-4,George Brett,Kansas City Royals,
MLBDM2-5,Tony Gwynn,San Diego Padres,

MLBDM2-6,Ken Griffey Jr.,Seattle Mariners
MLBDM2-7,Tom Seaver,New York Mets
MLBDM2-8,Paul Molitor,Milwaukee Brewers
MLBDM2-9,Robin Yount,Milwaukee Brewers
MLBDM2-10,Warren Spahn,Boston Braves
MLBDM2-11,Duke Snider,Brooklyn Dodgers
MLBDM2-12,Bill Mazeroski,Pittsburgh Pirates
MLBDM2-13,Madison Bumgarner,San Francisco Giants
MLBDM2-14,Clayton Kershaw,Los Angeles Dodgers
MLBDM2-15,David Ortiz,Minnesota Twins
MLBDM2-16,Anthony Rizzo,San Diego Padres
MLBDM2-17,Dustin Pedroia,Boston Red Sox
MLBDM2-18,Felix Hernandez,Seattle Mariners
MLBDM2-19,David Wright,New York Mets
MLBDM2-20,Jake Arrieta,Baltimore Orioles
MLBDM2-21,Carlos Correa,Houston Astros
MLBDM2-22,Rob Refsnyder,New York Yankees
MLBDM2-23,Don Mattingly,New York Yankees
MLBDM2-24,David Price,Tampa Bay Rays
MLBDM2-25,Jose Abreu,Chicago White Sox
MLBDM2-26,Ichiro,Seattle Mariners
MLBDM2-27,Hanley Ramirez,Boston Red Sox
MLBDM2-28,Mark McGwire,Oakland Athletics
MLBDM2-29,Rod Carew,Minnesota Twins
MLBDM2-30,Jeff Bagwell,Houston Astros
MLBDM2-31,Alex Gordon,Kansas City Royals
MLBDM2-32,Mike Moustakas,Kansas City Royals
MLBDM2-33,Noah Syndergaard,New York Mets
MLBDM2-34,Manny Machado,Baltimore Orioles
MLBDM2-35,Carlos Gonzalez,Oakland Athletics
MLBDM2-36,Zack Greinke,Kansas City Royals
MLBDM2-37,Joey Votto,Cincinnati Reds
MLBDM2-38,Starling Marte,Pittsburgh Pirates
MLBDM2-39,Sonny Gray,Oakland Athletics
MLBDM2-40,Tom Glavine,Atlanta Braves
MLB DEBUT RELICS,,
MLBD2R-AG,Alex Gordon,Kansas City Royals
MLBD2R-AR,Anthony Rizzo,San Diego Padres
MLBD2R-CG,Carlos Gonzalez,Oakland Athletics
MLBD2R-CK,Clayton Kershaw,Los Angeles Dodgers
MLBD2R-DO,David Ortiz,Minnesota Twins
MLBD2R-DPE,Dustin Pedroia,Boston Red Sox
MLBD2R-DPR,David Price,Tampa Bay Rays
MLBD2R-DW,David Wright,New York Mets
MLBD2R-FH,Felix Hernandez,Seattle Mariners
MLBD2R-HR,Hanley Ramirez,Boston Red Sox
MLBD2R-JA,Jose Abreu,Chicago White Sox
MLBD2R-JV,Joey Votto,Cincinnati Reds
MLBD2R-MMA,Manny Machado,Baltimore Orioles
MLBD2R-MMO,Mike Moustakas,Kansas City Royals
MLBD2R-NS,Noah Syndergaard,New York Mets
MLBD2R-PM,Paul Molitor,Milwaukee Brewers
MLBD2R-RR,Rob Refsnyder,New York Yankees
MLBD2R-SM,Starling Marte,Pittsburgh Pirates
MLBD2R-TGW,Tony Gwynn,San Diego Padres
MLBD2R-ZG,Zack Greinke,Kansas City Royals
MLB DEBUT AUTOGRAPH,RELICS,
MLBD2AR-AG,Alex Gordon,Kansas City Royals
MLBD2AR-CG,Carlos Gonzalez,Oakland Athletics
MLBD2AR-CK,Clayton Kershaw,Los Angeles Dodgers
MLBD2AR-DP,Dustin Pedroia,Boston Red Sox
MLBD2AR-JA,Jose Abreu,Chicago White Sox
MLBD2AR-MM,Manny Machado,Baltimore Orioles
MLBD2AR-NS,Noah Syndergaard,New York Mets
MLBD2AR-SM,Starling Marte,Pittsburgh Pirates
MLBD2AR-ZG,Zack Greinke,Kansas City Royals
CHANGING OF THE GUARD,,
CTG-1,Mike Trout,Los Angeles Angels
CTG-2,Kris Bryant,Chicago Cubs
CTG-3,Bryce Harper,Washington Nationals
CTG-4,Buster Posey,San Francisco Giants
CTG-5,Carlos Correa,Houston Astros
CTG-6,Kyle Schwarber,Chicago Cubs
CTG-7,Giancarlo Stanton,Miami Marlins
CTG-8,Manny Machado,Baltimore Orioles
CTG-9,Madison Bumgarner,San Francisco Giants
CTG-10,Jose Fernandez,Miami Marlins
CELEBRATING 65 YEARS,,
65-1952,Jackie Robinson,Brooklyn Dodgers
65-1953,Satchel Paige,St. Louis Browns
65-1954,Ted Williams,Boston Red Sox
65-1955,Willie Mays,New York Giants
65-1973,Roberto Clemente,Pittsburgh Pirates

65-1977,Reggie Jackson,New York Yankees
65-1980,Rickey Henderson,Oakland Athletics
65-1989,Ken Griffey Jr.,Seattle Mariners
65-2011,Mike Trout,Los Angeles Angels
65-2012,Matt Harvey,New York Mets
BUNT PLAYER CARDS,,
Prince Fielder,Texas Rangers,
Evan Longoria,Tampa Bay Rays,
Max Scherzer,Washington Nationals,
Gerrit Cole,Pittsburgh Pirates,
Nolan Arenado,Colorado Rockies,
Alex Rodriguez,New York Yankees,
Joe Panik,San Franscico Giants,
A.J. Pollock,Arizona Diamondbacks,
Dee Gordon,Miami Marlins,
Xander Bogaerts,Boston Red Sox,
Jose Fernandez,Miami Marlins,
Paul Goldschmidt,Arizona Diamondbacks,
Jake Arrieta,Chicago Cubs,
Miguel Cabrera,Detroit Tigers,
Sonny Gray,Oakland Athletics,
Eric Hosmer,Kansas City Royals,
Miguel Sano,Minnesota Twins,
Manny Machado,Baltimore Orioles,
Noah Syndergaard,New York Mets,
Giancarlo Stanton,Miami Marlins,
Ryan Braun,Milwaukee Brewers,
Joey Votto,Cincinnati Reds,
Freddie Freeman,Atlanta Braves,
Alex Gordon,Kansas City Royals,
Luis Severino,New York Yankees,
