2018 TOPPS BASEBALL SERIES 1 CHECKLIST,,,
BASE,,,
1,Aaron Judge,New York Yankees®,
2,Clayton Kershaw,Los Angeles Dodgers®,League Leaders
3,Dylan Bundy,Baltimore Orioles®,
4,Kevin Pillar,Toronto Blue Jays®,
5,Chris Tillman,Baltimore Orioles®,
6,Dominic Smith,New York Mets®,Rookie
7,Clint Frazier,New York Yankees®,Rookie
8,,Detroit Tigers®,Team Cards
9,Jon Gray,Colorado RockiesTM,
10,Francisco Lindor,Cleveland Indians®,
11,Aaron Nola,Philadelphia Phillies®,
12,Joey Gallo,Texas Rangers®,League Leaders
13,Jay Bruce,Cleveland Indians®,
14,Amir Garrett,Cincinnati Reds®,
15,Andrelton Simmons,Angels®,
16,Daniel Coulombe,Oakland AthleticsTM,
17,Robbie Ray,Arizona Diamondbacks®,
18,Rafael Devers,Boston Red Sox®,Rookie
19,Garrett Richards,Angels®,
20,Chris Sale,Boston Red Sox®,
21,Harrison Bader,St. Louis Cardinals®,Rookie
22,Edinson Volquez,Miami Marlins®,
23,Jordy Mercer,Pittsburgh Pirates®,
24,Martin Maldonado,Angels®,
25,Manny Machado,Baltimore Orioles®,
26,Cesar Hernandez,Philadelphia Phillies®,
27,Josh Tomlin,Cleveland Indians®,
28,Jayson Werth,Washington Nationals®,
29,Hunter Renfroe,San Diego PadresTM,
30,Carlos Correa,Houston Astros®,
31,Corey Kluber,Cleveland Indians®,League Leaders
32,Jose Iglesias,Detroit Tigers®,
33,Dexter Fowler,St. Louis Cardinals®,
34,Luis Severino,New York Yankees®,League Leaders
35,Logan Forsythe,Los Angeles Dodgers®,
36,Anthony Rendon,Washington Nationals®,
37,Corey Kluber,Cleveland Indians®,League Leaders
38,Danny Salazar,Cleveland Indians®,
39,Alex Bregman,Houston Astros®,World Series
40,Carlos Santana,Cleveland Indians®,
41,Daniel Norris,Detroit Tigers®,
42,Cody Bellinger,Los Angeles Dodgers®,
43,Eduardo Rodriguez,Boston Red Sox®,
44,Trea Turner,Washington Nationals®,
45,Giancarlo Stanton,Miami Marlins®,League Leaders
46,Cam Bedrosian,Angels®,
47,Hunter Pence,San Francisco Giants®,
48,,Boston Red Sox®,Team Cards
49,Ervin Santana,Minnesota Twins®,

50,Anthony Rizzo,Chicago Cubs®,
51,Michael Wacha,St. Louis Cardinals®,
52,Brad Hand,San Diego PadresTM,
53,Alex Avila,Chicago Cubs®,
54,Chase Anderson,Milwaukee BrewersTM,
55,Raisel Iglesias,Cincinnati Reds®,
56,Rougned Odor,Texas Rangers®,
57,Scott Feldman,Cincinnati Reds®,
58,Ryan Zimmerman,Washington Nationals®,
59,Clayton Kershaw,Los Angeles Dodgers®,League Leaders
60,Starling Marte,Pittsburgh Pirates®,
61,Keon Broxton,Milwaukee BrewersTM,
62,Austin Hays,Baltimore Orioles®,Rookie
63,Amed Rosario,New York Mets®,Rookie
64,Giancarlo Stanton,Miami Marlins®,League Leaders
65,Alex Wood,Los Angeles Dodgers®,
66,Ian Kennedy,Kansas City Royals®,
67,Aledmys Diaz,St. Louis Cardinals®,
68,Billy Hamilton,Cincinnati Reds®,
69,Jed Lowrie,Oakland AthleticsTM,
70,Johnny Cueto,San Francisco Giants®,
71,Mike Foltynewicz,Atlanta BravesTM,
72,Cheslor Cuthbert,Kansas City Royals®,
73,,Miami Marlins®,Team Cards
74,Roberto Osuna,Toronto Blue Jays®,
75,Andrew Miller,Cleveland Indians®,
76,Eduardo Nunez,Boston Red Sox®,
77,Martin Prado,Miami Marlins®,
78,Carlos Carrasco,Cleveland Indians®,League Leaders
79,J.T. Realmuto,Miami Marlins®,
80,Dellin Betances,New York Yankees®,
81,Adam Wainwright,St. Louis Cardinals®,
82,Justin Smoak,Toronto Blue Jays®,
83,Howie Kendrick,Washington Nationals®,
84,Todd Frazier,New York Yankees®,
85,Antonio Senzatela,Colorado RockiesTM,
86,Eric Hosmer,Kansas City Royals®,
87,Brandon Phillips,Angels®,
88,Michael Conforto,New York Mets®,
89,Yasiel Puig,Los Angeles Dodgers®,
90,Miguel Cabrera,Detroit Tigers®,
91,Travis d'Arnaud,New York Mets®,
92,Charlie Blackmon,Colorado RockiesTM,League Leaders
93,Jack Flaherty,St. Louis Cardinals®,Rookie
94,Robbie Grossman,Minnesota Twins®,
95,Tyler Mahle,Cincinnati Reds®,Rookie
96,David Dahl,Colorado RockiesTM,
97,Dinelson Lamet,San Diego PadresTM,
98,,Chicago White Sox®,Team Cards
99,Greg Allen,Cleveland Indians®,Rookie
100,Giancarlo Stanton,Miami Marlins®,
101,Avisail Garcia,Chicago White Sox®,

102,Wil Myers,San Diego PadresTM,
103,Christian Vazquez,Boston Red Sox®,
104,Mitch Moreland,Boston Red Sox®,
105,Daniel Murphy,Washington Nationals®,
106,Jharel Cotton,Oakland AthleticsTM,
107,Jorge Polanco,Minnesota Twins®,
108,Justin Turner,Los Angeles Dodgers®,League Leaders
109,Starlin Castro,New York Yankees®,
110,Carlos Gonzalez,Colorado RockiesTM,
111,Aaron Judge,New York Yankees®,League Leaders
112,Pat Valaika,Colorado RockiesTM,
113,Gio Gonzalez,Washington Nationals®,
114,Cody Bellinger,Los Angeles Dodgers®,League Leaders
115,Zack Granite,Minnesota Twins®,Rookie
116,Ariel Miranda,Seattle MarinersTM,
117,Kendrys Morales,Toronto Blue Jays®,
118,Ian Happ,Chicago Cubs®,
119,,Angels®,Team Cards
120,Carlos Carrasco,Cleveland Indians®,
121,Rich Hill,Los Angeles Dodgers®,
122,Chris Owings,Arizona Diamondbacks®,
123,A.J. Ramos,New York Mets®,
124,Julio Urias,Los Angeles Dodgers®,
125,Yoenis Cespedes,New York Mets®,
126,National LeagueTM,National LeagueTM,Combo Cards
127,Byron Buxton,Minnesota Twins®,
128,Jake Marisnick,Houston Astros®,
129,Chris Sale,Boston Red Sox®,League Leaders
130,Brian Dozier,Minnesota Twins®,
131,Jonathan Schoop,Baltimore Orioles®,
132,Marcell Ozuna,Miami Marlins®,
133,Nomar Mazara,Texas Rangers®,
134,Lance Lynn,St. Louis Cardinals®,
135,,Atlanta BravesTM,Team Cards
136,Raudy Read,Washington Nationals®,Rookie
137,Michael Lorenzen,Cincinnati Reds®,
138,Luiz Gohara,Atlanta BravesTM,Rookie
139,Zach Davies,Milwaukee BrewersTM,League Leaders
140,Mookie Betts,Boston Red Sox®,
141,Brandon Drury,Arizona Diamondbacks®,
142,Adam Jones,Baltimore Orioles®,
143,James Paxton,Seattle MarinersTM,
144,Jean Segura,Seattle MarinersTM,
145,Michael Fulmer,Detroit Tigers®,
146,Zack Greinke,Arizona Diamondbacks®,League Leaders
147,Randal Grichuk,St. Louis Cardinals®,
148,Richard Urena,Toronto Blue Jays®,Rookie
149,John Jaso,Pittsburgh Pirates®,
150,Nolan Arenado,Colorado RockiesTM,
151,Ryan McMahon,Colorado RockiesTM,Rookie
152,Matt Barnes,Boston Red Sox®,
153,Scooter Gennett,Cincinnati Reds®,

154,George Springer,Houston Astros®,World Series
155,Matt Joyce,Oakland AthleticsTM,
156,,Milwaukee BrewersTM,Team Cards
157,Ichiro,Miami Marlins®,
158,Stephen Piscotty,St. Louis Cardinals®,
159,Joc Pederson,Los Angeles Dodgers®,
160,Masahiro Tanaka,New York Yankees®,
161,Matt Moore,San Francisco Giants®,
162,Matt Shoemaker,Angels®,
163,Mike Leake,Seattle MarinersTM,
164,Adeiny Hechavarria,Tampa Bay RaysTM,
165,Ty Blach,San Francisco Giants®,
166,Victor Robles,Washington Nationals®,Rookie
167,Dansby Swanson,Atlanta BravesTM,
168,Ricky Nolasco,Angels®,
169,Khris Davis,Oakland AthleticsTM,League Leaders
170,Christian Yelich,Miami Marlins®,
171,John Lackey,Chicago Cubs®,
172,Willson Contreras,Chicago Cubs®,
173,Mike Moustakas,Kansas City Royals®,
174,Jimmie Sherfy,Arizona Diamondbacks®,Rookie
175,Jose Quintana,Chicago Cubs®,
176,,Seattle MarinersTM,Team Cards
177,Walker Buehler,Los Angeles Dodgers®,Rookie
178,Matt Adams,Atlanta BravesTM,
179,Brandon Woodruff,Milwaukee BrewersTM,Rookie
180,Ryan Braun,Milwaukee BrewersTM,
181,Garrett Cooper,New York Yankees®,Rookie
182,Alex Bregman,Houston Astros®,
183,Matt Kemp,Atlanta BravesTM,
184,Mike Fiers,Houston Astros®,
185,Chance Sisco,Baltimore Orioles®,Rookie
186,Luis Perdomo,San Diego PadresTM,
187,Chad Kuhl,Pittsburgh Pirates®,
188,Matt Harvey,New York Mets®,
189,Jedd Gyorko,St. Louis Cardinals®,
190,Justin Upton,Angels®,
191,Chris Archer,Tampa Bay RaysTM,
192,Nolan Arenado,Colorado RockiesTM,League Leaders
193,Aaron Judge,New York Yankees®,League Leaders
194,Lonnie Chisenhall,Cleveland Indians®,
195,Avisail Garcia,Chicago White Sox®,League Leaders
196,Orlando Arcia,Milwaukee BrewersTM,
197,Maikel Franco,Philadelphia Phillies®,
198,Marcus Semien,Oakland AthleticsTM,
199,Shin-Soo Choo,Texas Rangers®,
200,Andrew McCutchen,Pittsburgh Pirates®,
201,Gregory Polanco,Pittsburgh Pirates®,
202,Brett Phillips,Milwaukee BrewersTM,
203,Odubel Herrera,Philadelphia Phillies®,
204,Brett Gardner,New York Yankees®,
205,Seattle MarinersTM,Seattle MarinersTM,Combo Cards

206,Nick Markakis,Atlanta BravesTM,
207,Jackson Stephens,Cincinnati Reds®,Rookie
208,Andrew Cashner,Texas Rangers®,
209,Eugenio Suarez,Cincinnati Reds®,
210,Brandon Belt,San Francisco Giants®,
211,Boston Red Sox®,Boston Red Sox®,Combo Cards
212,Lance McCullers,Houston Astros®,World Series
213,J.A. Happ,Toronto Blue Jays®,
214,Corey Knebel,Milwaukee BrewersTM,
215,Marwin Gonzalez,Houston Astros®,
216,A.J. Pollock,Arizona Diamondbacks®,
217,Erick Fedde,Washington Nationals®,Rookie
218,Khris Davis,Oakland AthleticsTM,League Leaders
219,J.P. Crawford,Philadelphia Phillies®,Rookie
220,Nelson Cruz,Seattle MarinersTM,
221,Steven Matz,New York Mets®,
222,Ivan Nova,Pittsburgh Pirates®,
223,Evan Longoria,Tampa Bay RaysTM,
224,Dillon Peters,Miami Marlins®,Rookie
225,Kyle Schwarber,Chicago Cubs®,
226,Nick Williams,Philadelphia Phillies®,Rookie
227,Corey Dickerson,Tampa Bay RaysTM,
228,Zack Wheeler,New York Mets®,
229,,Texas Rangers®,Team Cards
230,Trevor Story,Colorado RockiesTM,
231,Joe Mauer,Minnesota Twins®,
232,Nate Jones,Chicago White Sox®,
233,Stephen Strasburg,Washington Nationals®,
234,Brian Anderson,Miami Marlins®,Rookie
235,Mark Reynolds,Colorado RockiesTM,
236,CC Sabathia,New York Yankees®,
237,Mike Clevinger,Cleveland Indians®,
238,Jose Bautista,Toronto Blue Jays®,
239,,Cleveland Indians®,Team Cards
240,Robinson Cano,Seattle MarinersTM,
241,Nick Pivetta,Philadelphia Phillies®,
242,Craig Kimbrel,Boston Red Sox®,
243,James McCann,Detroit Tigers®,
244,Francisco Mejia,Cleveland Indians®,Rookie
245,Willie Calhoun,Texas Rangers®,Rookie
246,Yangervis Solarte,San Diego PadresTM,
247,Anthony Banda,Arizona Diamondbacks®,Rookie
248,Jake Lamb,Arizona Diamondbacks®,
249,Christian Arroyo,San Francisco Giants®,
250,Buster Posey,San Francisco Giants®,
251,Aaron Sanchez,Toronto Blue Jays®,
252,Tim Anderson,Chicago White Sox®,
253,Nelson Cruz,Seattle MarinersTM,League Leaders
254,Adrian Beltre,Texas Rangers®,
255,Zach Davies,Milwaukee BrewersTM,
256,Eric Hosmer,Kansas City Royals®,League Leaders
257,J.D. Martinez,Arizona Diamondbacks®,

258,Tyler Saladino,Chicago White Sox®,
259,Rhys Hoskins,Philadelphia Phillies®,Rookie
260,Rick Porcello,Boston Red Sox®,
261,Andrew Stevenson,Washington Nationals®,Rookie
262,American LeagueTM,American LeagueTM,Combo Cards
263,Chase Utley,Los Angeles Dodgers®,
264,Carlos Rodon,Chicago White Sox®,
265,Javier Baez,Chicago Cubs®,
266,Jon Lester,Chicago Cubs®,
267,Yoan Moncada,Chicago White Sox®,
268,Neil Walker,Milwaukee BrewersTM,
269,Greg Holland,Colorado RockiesTM,
270,Jackie Bradley Jr.,Boston Red Sox®,
271,Cam Gallagher,Kansas City Royals®,Rookie
272,Paul Blackburn,Oakland AthleticsTM,Rookie
273,Charlie Blackmon,Colorado RockiesTM,League Leaders
274,Jeff Samardzija,San Francisco Giants®,
275,George Springer,Houston Astros®,
276,Ozzie Albies,Atlanta BravesTM,Rookie
277,Aaron Slegers,Minnesota Twins®,Rookie
278,Lucas Sims,Atlanta BravesTM,Rookie
279,Jordan Zimmermann,Detroit Tigers®,
280,Jose Abreu,Chicago White Sox®,
281,Alex Verdugo,Los Angeles Dodgers®,Rookie
282,Ender Inciarte,Atlanta BravesTM,
283,Koji Uehara,Chicago Cubs®,
284,Jose Pirela,San Diego PadresTM,
285,Trey Mancini,Baltimore Orioles®,
286,,New York Yankees®,Team Cards
287,Mark Trumbo,Baltimore Orioles®,
288,Miguel Sano,Minnesota Twins®,
289,Jonathan Villar,Milwaukee BrewersTM,
290,Salvador Perez,Kansas City Royals®,
291,Marcell Ozuna,Miami Marlins®,League Leaders
292,,Baltimore Orioles®,Team Cards
293,Felipe Rivero,Pittsburgh Pirates®,
294,Jose Altuve,Houston Astros®,League Leaders
295,Zack Godley,Arizona Diamondbacks®,
296,Lewis Brinson,Milwaukee BrewersTM,
297,Kevin Kiermaier,Tampa Bay RaysTM,
298,Houston Astros®,Houston Astros®,Combo Cards
299,Luis Santos,Toronto Blue Jays®,Rookie
300,Mike Trout,Angels®,
301,Brandon Finnegan,Cincinnati Reds®,
302,Troy Tulowitzki,Toronto Blue Jays®,
303,Luis Severino,New York Yankees®,
304,Whit Merrifield,Kansas City Royals®,
305,Miguel Andujar,New York Yankees®,Rookie
306,Nicky Delmonico,Chicago White Sox®,Rookie
307,Daniel Murphy,Washington Nationals®,League Leaders
308,Cameron Rupp,Philadelphia Phillies®,
309,Josh Reddick,Houston Astros®,

310,Jason Kipnis,Cleveland Indians®,
311,Yulieski Gurriel,Houston Astros®,
312,Carlos Asuaje,San Diego PadresTM,
313,Raimel Tapia,Colorado RockiesTM,
314,,Colorado RockiesTM,Team Cards
315,Chris Rowley,Toronto Blue Jays®,Rookie
316,Max Fried,Atlanta BravesTM,Rookie
317,Chase Headley,New York Yankees®,
318,Danny Duffy,Kansas City Royals®,
319,David Peralta,Arizona Diamondbacks®,
320,Yasmani Grandal,Los Angeles Dodgers®,
321,Edwin Diaz,Seattle MarinersTM,
322,Parker Bridwell,Angels®,Rookie
323,Elvis Andrus,Texas Rangers®,
324,Jake Odorizzi,Tampa Bay RaysTM,
325,Khris Davis,Oakland AthleticsTM,
326,Joey Gallo,Texas Rangers®,
327,Jason Vargas,Kansas City Royals®,League Leaders
328,Tyler Flowers,Atlanta BravesTM,
329,George Springer,Houston Astros®,World Series
330,Ian Kinsler,Detroit Tigers®,
331,Zack Cozart,Cincinnati Reds®,
332,Alex Colome,Tampa Bay RaysTM,
333,Joe Musgrove,Houston Astros®,
334,Eddie Rosario,Minnesota Twins®,
335,Stephen Strasburg,Washington Nationals®,League Leaders
336,Bruce Maxwell,Oakland AthleticsTM,
337,Nick Ahmed,Arizona Diamondbacks®,
338,Brandon McCarthy,Los Angeles Dodgers®,
339,,Philadelphia Phillies®,Team Cards
340,Gary Sanchez,New York Yankees®,
341,J.D. Davis,Houston Astros®,Rookie
342,Sean Manaea,Oakland AthleticsTM,
343,Kevin Gausman,Baltimore Orioles®,
344,Wilmer Flores,New York Mets®,
345,Jose Reyes,New York Mets®,
346,Max Scherzer,Washington Nationals®,League Leaders
347,Kolten Wong,St. Louis Cardinals®,
348,Hisashi Iwakuma,Seattle MarinersTM,
349,,Washington Nationals®,Team Cards
350,Clayton Kershaw,Los Angeles Dodgers®,
BASE CARDS,CLEAR VARIATIONS,,
1,Aaron Judge,New York Yankees®,
6,Dominic Smith,New York Mets®,Rookie
7,Clint Frazier,New York Yankees®,Rookie
10,Francisco Lindor,Cleveland Indians®,
11,Aaron Nola,Philadelphia Phillies®,
13,Jay Bruce,Cleveland Indians®,
18,Rafael Devers,Boston Red Sox®,Rookie
20,Chris Sale,Boston Red Sox®,
21,Harrison Bader,St. Louis Cardinals®,Rookie

25,Manny Machado,Baltimore Orioles®,
30,Carlos Correa,Houston Astros®,
33,Dexter Fowler,St. Louis Cardinals®,
42,Cody Bellinger,Los Angeles Dodgers®,
44,Trea Turner,Washington Nationals®,
47,Hunter Pence,San Francisco Giants®,
50,Anthony Rizzo,Chicago Cubs®,
58,Ryan Zimmerman,Washington Nationals®,
60,Starling Marte,Pittsburgh Pirates®,
62,Austin Hays,Baltimore Orioles®,Rookie
63,Amed Rosario,New York Mets®,Rookie
68,Billy Hamilton,Cincinnati Reds®,
81,Adam Wainwright,St. Louis Cardinals®,
82,Justin Smoak,Toronto Blue Jays®,
86,Eric Hosmer,Kansas City Royals®,
88,Michael Conforto,New York Mets®,
89,Yasiel Puig,Los Angeles Dodgers®,
90,Miguel Cabrera,Detroit Tigers®,
93,Jack Flaherty,St. Louis Cardinals®,Rookie
95,Tyler Mahle,Cincinnati Reds®,Rookie
100,Giancarlo Stanton,Miami Marlins®,
102,Wil Myers,San Diego PadresTM,
105,Daniel Murphy,Washington Nationals®,
115,Zack Granite,Minnesota Twins®,Rookie
118,Ian Happ,Chicago Cubs®,
124,Julio Urias,Los Angeles Dodgers®,
125,Yoenis Cespedes,New York Mets®,
127,Byron Buxton,Minnesota Twins®,
130,Brian Dozier,Minnesota Twins®,
138,Luiz Gohara,Atlanta BravesTM,Rookie
140,Mookie Betts,Boston Red Sox®,
142,Adam Jones,Baltimore Orioles®,
148,Richard Urena,Toronto Blue Jays®,Rookie
150,Nolan Arenado,Colorado RockiesTM,
151,Ryan McMahon,Colorado RockiesTM,Rookie
157,Ichiro,Miami Marlins®,
160,Masahiro Tanaka,New York Yankees®,
166,Victor Robles,Washington Nationals®,Rookie
167,Dansby Swanson,Atlanta BravesTM,
170,Christian Yelich,Miami Marlins®,
172,Willson Contreras,Chicago Cubs®,
177,Walker Buehler,Los Angeles Dodgers®,Rookie
179,Brandon Woodruff,Milwaukee BrewersTM,Rookie
180,Ryan Braun,Milwaukee BrewersTM,
182,Alex Bregman,Houston Astros®,
183,Matt Kemp,Atlanta BravesTM,
185,Chance Sisco,Baltimore Orioles®,Rookie
190,Justin Upton,Angels®,
191,Chris Archer,Tampa Bay RaysTM,
200,Andrew McCutchen,Pittsburgh Pirates®,
219,J.P. Crawford,Philadelphia Phillies®,Rookie
220,Nelson Cruz,Seattle MarinersTM,

223,Evan Longoria,Tampa Bay RaysTM,
225,Kyle Schwarber,Chicago Cubs®,
226,Nick Williams,Philadelphia Phillies®,Rookie
231,Joe Mauer,Minnesota Twins®,
233,Stephen Strasburg,Washington Nationals®,
234,Brian Anderson,Miami Marlins®,Rookie
238,Jose Bautista,Toronto Blue Jays®,
240,Robinson Cano,Seattle MarinersTM,
244,Francisco Mejia,Cleveland Indians®,Rookie
245,Willie Calhoun,Texas Rangers®,Rookie
247,Anthony Banda,Arizona Diamondbacks®,Rookie
248,Jake Lamb,Arizona Diamondbacks®,
249,Christian Arroyo,San Francisco Giants®,
250,Buster Posey,San Francisco Giants®,
254,Adrian Beltre,Texas Rangers®,
257,J.D. Martinez,Arizona Diamondbacks®,
259,Rhys Hoskins,Philadelphia Phillies®,Rookie
261,Andrew Stevenson,Washington Nationals®,Rookie
265,Javier Baez,Chicago Cubs®,
267,Yoan Moncada,Chicago White Sox®,
275,George Springer,Houston Astros®,
276,Ozzie Albies,Atlanta BravesTM,Rookie
278,Lucas Sims,Atlanta BravesTM,Rookie
280,Jose Abreu,Chicago White Sox®,
281,Alex Verdugo,Los Angeles Dodgers®,Rookie
285,Trey Mancini,Baltimore Orioles®,
288,Miguel Sano,Minnesota Twins®,
290,Salvador Perez,Kansas City Royals®,
300,Mike Trout,Angels®,
303,Luis Severino,New York Yankees®,
305,Miguel Andujar,New York Yankees®,Rookie
306,Nicky Delmonico,Chicago White Sox®,Rookie
322,Parker Bridwell,Angels®,Rookie
325,Khris Davis,Oakland AthleticsTM,
326,Joey Gallo,Texas Rangers®,
330,Ian Kinsler,Detroit Tigers®,
340,Gary Sanchez,New York Yankees®,
341,J.D. Davis,Houston Astros®,Rookie
350,Clayton Kershaw,Los Angeles Dodgers®,
INSERT,,,
TOPPS SALUTE,,,
TS-1,Bryce Harper,Washington Nationals®,
TS-2,Carlos Correa,Houston Astros®,
TS-3,Joey Votto,Cincinnati Reds®,
TS-4,Corey Seager,Los Angeles Dodgers®,
TS-5,Adam Jones,Baltimore Orioles®,
TS-6,Chris Sale,Boston Red Sox®,
TS-7,Jose Altuve,Houston Astros®,

TS-8,Dexter Fowler,St. Louis Cardinals®
TS-9,George Springer,Houston Astros®
TS-10,Charlie Blackmon,Colorado RockiesTM
TS-11,Khris Davis,Oakland AthleticsTM
TS-12,Trevor Story,Colorado RockiesTM
TS-13,Alex Wood,Los Angeles Dodgers®
TS-14,Domingo Santana,Milwaukee BrewersTM
TS-15,Anthony Rizzo,Chicago Cubs®
TS-16,Paul Goldschmidt,Arizona Diamondbacks®
TS-17,Francisco Lindor,Cleveland Indians®
TS-18,Javier Baez,Chicago Cubs®
TS-19,Aaron Judge,New York Yankees®
TS-20,Ryon Healy,Oakland AthleticsTM
TS-21,Trey Mancini,Baltimore Orioles®
TS-22,Ben Gamel,Seattle MarinersTM
TS-23,Mitch Haniger,Seattle MarinersTM
TS-24,Matt Carpenter,St. Louis Cardinals®
TS-25,Cody Bellinger,Los Angeles Dodgers®
TS-26,Cal Ripken Jr.,Baltimore Orioles®
TS-27,Don Mattingly,New York Yankees®
TS-28,Frank Thomas,Chicago White Sox®
TS-29,Barry Larkin,Cincinnati Reds®
TS-30,John Smoltz,Atlanta BravesTM
TS-31,Brooks Robinson,Baltimore Orioles®
TS-32,Craig Biggio,Houston Astros®
TS-33,Jim Palmer,Baltimore Orioles®
TS-34,Roy Halladay,Philadelphia Phillies®
TS-35,Ivan Rodriguez,Texas Rangers®
TS-36,Roberto Alomar,Toronto Blue Jays®
TS-37,Darryl Strawberry,New York Mets®
TS-38,Johnny Damon,Boston Red Sox®
TS-39,Andres Galarraga,Colorado RockiesTM
TS-40,Eric Davis,Cincinnati Reds®
TS-41,George Brett,Kansas City Royals®
TS-42,Willie McCovey,San Francisco Giants®
TS-43,Andre Dawson,Chicago Cubs®
TS-44,Tom Seaver,New York Mets®
TS-45,Jose Canseco,Oakland AthleticsTM
TS-46,Nolan Arenado,Colorado RockiesTM
TS-47,Kris Bryant,Chicago Cubs®
TS-48,Miguel Sano,Minnesota Twins®
TS-49,Eric Thames,Milwaukee BrewersTM
TS-50,Kyle Seager,Seattle MarinersTM
TS-51,Michael Fulmer,Detroit Tigers®
TS-52,Joe Panik,San Francisco Giants®
TS-53,Jean Segura,Seattle MarinersTM
TS-54,Aledmys Diaz,St. Louis Cardinals®
TS-55,Kevin Kiermaier,Tampa Bay RaysTM
TS-56,Keon Broxton,Milwaukee BrewersTM
TS-57,Bradley Zimmer,Cleveland Indians®
TS-58,Christian Arroyo,San Francisco Giants®
TS-59,Mike Trout,Angels®

TS-60,Daniel Murphy,Washington Nationals®,
TS-61,Alex Bregman,Houston Astros®,
TS-62,Andrew Benintendi,Boston Red Sox®,
TS-63,Luis Severino,New York Yankees®,
TS-64,Didi Gregorius,New York Yankees®,
TS-65,Dellin Betances,New York Yankees®,
TS-66,Hunter Renfroe,San Diego PadresTM,
TS-67,Jose Berrios,Minnesota Twins®,
TS-68,Ken Giles,Houston Astros®,
TS-69,Dansby Swanson,Atlanta BravesTM,
TS-70,Ian Happ,Chicago Cubs®,
TS-71,Rafael Devers,Boston Red Sox®,Rookie
TS-72,Amed Rosario,New York Mets®,Rookie
TS-73,Nick Williams,Philadelphia Phillies®,Rookie
TS-74,Ozzie Albies,Atlanta BravesTM,Rookie
TS-75,Clint Frazier,New York Yankees®,Rookie
TS-76,J.P. Crawford,Philadelphia Phillies®,Rookie
TS-77,Dominic Smith,New York Mets®,Rookie
TS-78,Rhys Hoskins,Philadelphia Phillies®,Rookie
TS-79,Ryan McMahon,Colorado RockiesTM,Rookie
TS-80,Alex Verdugo,Los Angeles Dodgers®,Rookie
TS-81,Willie Calhoun,Texas Rangers®,Rookie
TS-82,Victor Robles,Washington Nationals®,Rookie
TS-83,Walker Buehler,Los Angeles Dodgers®,Rookie
TS-84,Luiz Gohara,Atlanta BravesTM,Rookie
TS-85,Francisco Mejia,Cleveland Indians®,Rookie
TS-86,Jack Flaherty,St. Louis Cardinals®,Rookie
TS-87,Tyler Mahle,Cincinnati Reds®,Rookie
TS-88,J.D. Davis,Houston Astros®,Rookie
TS-89,Lucas Sims,Atlanta BravesTM,Rookie
TS-90,Max Fried,Atlanta BravesTM,Rookie
TS-91,Brandon Woodruff,Milwaukee BrewersTM,Rookie
TS-92,Nicky Delmonico,Chicago White Sox®,Rookie
TS-93,Harrison Bader,St. Louis Cardinals®,Rookie
TS-94,Miguel Andujar,New York Yankees®,Rookie
TS-95,Parker Bridwell,Angels®,Rookie
TS-96,Zack Granite,Minnesota Twins®,Rookie
TS-97,Andrew Stevenson,Washington Nationals®,Rookie
TS-98,Austin Hays,Baltimore Orioles®,Rookie
TS-99,Chance Sisco,Baltimore Orioles®,Rookie
TS-100,Sandy Alcantara,St. Louis Cardinals®,Rookie
SUPERSTAR,SENSATIONS,,
SSS-1,Mike Trout,Angels®,
SSS-2,Jose Altuve,Houston Astros®,
SSS-3,Josh Donaldson,Toronto Blue Jays®,
SSS-4,Addison Russell,Chicago Cubs®,
SSS-5,Carlos Correa,Houston Astros®,
SSS-6,Corey Seager,Los Angeles Dodgers®,
SSS-7,Jose Bautista,Toronto Blue Jays®,
SSS-8,Wil Myers,San Diego PadresTM,
SSS-9,Manny Machado,Baltimore Orioles®,

SSS-10,Trea Turner,Washington Nationals®,
SSS-11,Yu Darvish,Los Angeles Dodgers®,
SSS-12,Clayton Kershaw,Los Angeles Dodgers®,
SSS-13,Miguel Sano,Minnesota Twins®,
SSS-14,Nelson Cruz,Seattle MarinersTM,
SSS-15,Chris Sale,Boston Red Sox®,
SSS-16,Yoan Moncada,Chicago White Sox®,Rookie
SSS-17,Miguel Cabrera,Detroit Tigers®,
SSS-18,Felix Hernandez,Seattle MarinersTM,
SSS-19,Freddie Freeman,Atlanta BravesTM,
SSS-20,Noah Syndergaard,New York Mets®,
SSS-21,Adam Jones,Baltimore Orioles®,
SSS-22,Gary Sanchez,New York Yankees®,
SSS-23,Nolan Arenado,Colorado RockiesTM,
SSS-24,Evan Longoria,Tampa Bay RaysTM,
SSS-25,Max Scherzer,Washington Nationals®,
SSS-26,Justin Verlander,Houston Astros®,
SSS-27,Andrew Benintendi,Boston Red Sox®,
SSS-28,Khris Davis,Oakland AthleticsTM,
SSS-29,Eric Hosmer,Kansas City Royals®,
SSS-30,Aaron Judge,New York Yankees®,
SSS-31,Bryce Harper,Washington Nationals®,
SSS-32,Yadier Molina,St. Louis Cardinals®,
SSS-33,Joey Votto,Cincinnati Reds®,
SSS-34,Paul Goldschmidt,Arizona Diamondbacks®,
SSS-35,Francisco Lindor,Cleveland Indians®,
SSS-36,Michael Conforto,New York Mets®,
SSS-37,Robinson Cano,Seattle MarinersTM,
SSS-38,Eric Thames,Milwaukee BrewersTM,
SSS-39,George Springer,Houston Astros®,
SSS-40,Cody Bellinger,Los Angeles Dodgers®,
SSS-41,Daniel Murphy,Washington Nationals®,
SSS-42,Kris Bryant,Chicago Cubs®,
SSS-43,Giancarlo Stanton,Miami Marlins®,
SSS-44,Anthony Rizzo,Chicago Cubs®,
SSS-45,Ichiro,Miami Marlins®,
SSS-46,Andrew McCutchen,Pittsburgh Pirates®,
SSS-47,Mookie Betts,Boston Red Sox®,
SSS-48,Matt Kemp,Atlanta BravesTM,
SSS-49,Yoenis Cespedes,New York Mets®,
SSS-50,Buster Posey,San Francisco Giants®,
MLB AWARDS,,,
MLBA-1,Jose Altuve,Houston Astros®,
MLBA-2,Giancarlo Stanton,Miami Marlins®,
MLBA-3,Craig Kimbrel,Boston Red Sox®,
MLBA-4,Kenley Jansen,Los Angeles Dodgers®,
MLBA-5,Anthony Rizzo,Chicago Cubs®,
MLBA-6,Mike Moustakas,Kansas City Royals®,
MLBA-7,Ryan Zimmerman,Washington Nationals®,
MLBA-8,Aaron Judge,New York Yankees®,Rookie
MLBA-9,Cody Bellinger,Los Angeles Dodgers®,Rookie

MLBA-10,Corey Kluber,Cleveland Indians®,
MLBA-11,Max Scherzer,Washington Nationals®,
MLBA-12,Jose Altuve,Houston Astros®,
MLBA-13,Giancarlo Stanton,Miami Marlins®,
MLBA-14,Martin Maldonado,Angels®,
MLBA-15,Tucker Barnhart,Cincinnati Reds®,
MLBA-16,Eric Hosmer,Kansas City Royals®,
MLBA-17,Paul Goldschmidt,Arizona Diamondbacks®,
MLBA-18,Brian Dozier,Minnesota Twins®,
MLBA-19,DJ LeMahieu,Colorado RockiesTM,
MLBA-20,Andrelton Simmons,Angels®,
MLBA-21,Brandon Crawford,San Francisco Giants®,
MLBA-22,Evan Longoria,Tampa Bay RaysTM,
MLBA-23,Nolan Arenado,Colorado RockiesTM,
MLBA-24,Alex Gordon,Kansas City Royals®,
MLBA-25,Marcell Ozuna,Miami Marlins®,
MLBA-26,Byron Buxton,Minnesota Twins®,
MLBA-27,Ender Inciarte,Atlanta BravesTM,
MLBA-28,Mookie Betts,Boston Red Sox®,
MLBA-29,Jason Heyward,Chicago Cubs®,
MLBA-30,Marcus Stroman,Toronto Blue Jays®,
MLBA-31,Zack Greinke,Arizona Diamondbacks®,
MLBA-32,Buster Posey,San Francisco Giants®,
MLBA-33,Gary Sanchez,New York Yankees®,
MLBA-34,Eric Hosmer,Kansas City Royals®,
MLBA-35,Paul Goldschmidt,Arizona Diamondbacks®,
MLBA-36,Daniel Murphy,Washington Nationals®,
MLBA-37,Jose Altuve,Houston Astros®,
MLBA-38,Corey Seager,Los Angeles Dodgers®,
MLBA-39,Francisco Lindor,Cleveland Indians®,
MLBA-40,George Springer,Houston Astros®,
MLBA-41,Justin Upton,Angels®,
MLBA-42,Aaron Judge,New York Yankees®,
MLBA-43,Marcell Ozuna,Miami Marlins®,
MLBA-44,Giancarlo Stanton,Miami Marlins®,
MLBA-45,Charlie Blackmon,Colorado RockiesTM,
MLBA-46,Nolan Arenado,Colorado RockiesTM,
MLBA-47,Jose Ramirez,Cleveland Indians®,
MLBA-48,Adam Wainwright,St. Louis Cardinals®,
MLBA-49,Nelson Cruz,Seattle MarinersTM,
MLBA-50,George Springer,Houston Astros®,
1983 TOPPS BASEBALL,,,
83-1,Ryne Sandberg,Chicago Cubs®,
83-2,Hank Aaron,Atlanta BravesTM,
83-3,Andrew McCutchen,Pittsburgh Pirates®,
83-4,Mookie Betts,Boston Red Sox®,
83-5,Jacob deGrom,New York Mets®,
83-6,Noah Syndergaard,New York Mets®,
83-7,Frank Thomas,Chicago White Sox®,
83-8,Khris Davis,Oakland AthleticsTM,
83-9,Alex Verdugo,Los Angeles Dodgers®,Rookie

83-10,Eric Thames,Milwaukee BrewersTM,
83-11,Matt Carpenter,St. Louis Cardinals®,
83-12,Carlos Martinez,St. Louis Cardinals®,
83-13,Mike Trout,Angels®,
83-14,Rafael Devers,Boston Red Sox®,Rookie
83-15,Ian Happ,Chicago Cubs®,Rookie
83-16,Clayton Kershaw,Los Angeles Dodgers®,
83-17,Dominic Smith,New York Mets®,Rookie
83-18,Nolan Ryan,Houston Astros®,
83-19,Nick Williams,Philadelphia Phillies®,Rookie
83-20,Alex Wood,Los Angeles Dodgers®,
83-21,Jake Arrieta,Chicago Cubs®,
83-22,Giancarlo Stanton,Miami Marlins®,
83-23,Kris Bryant,Chicago Cubs®,
83-24,Aaron Judge,New York Yankees®,
83-25,Yu Darvish,Los Angeles Dodgers®,
83-26,Brian Dozier,Minnesota Twins®,
83-27,Charlie Blackmon,Colorado RockiesTM,
83-28,Luis Severino,New York Yankees®,
83-29,Harrison Bader,St. Louis Cardinals®,Rookie
83-30,Rhys Hoskins,Philadelphia Phillies®,Rookie
83-31,Jose Altuve,Houston Astros®,
83-32,Manny Machado,Baltimore Orioles®,
83-33,Michael Fulmer,Detroit Tigers®,
83-34,Kyle Seager,Seattle MarinersTM,
83-35,Nelson Cruz,Seattle MarinersTM,
83-36,Stephen Strasburg,Washington Nationals®,
83-37,Miguel Sano,Minnesota Twins®,
83-38,Matt Kemp,Atlanta BravesTM,
83-39,Cal Ripken Jr.,Baltimore Orioles®,
83-40,Ozzie Albies,Atlanta BravesTM,Rookie
83-41,Miguel Cabrera,Detroit Tigers®,
83-42,Yadier Molina,St. Louis Cardinals®,
83-43,Andrew Benintendi,Boston Red Sox®,
83-44,Roy Halladay,Philadelphia Phillies®,
83-45,Josh Donaldson,Toronto Blue Jays®,
83-46,Dansby Swanson,Atlanta BravesTM,
83-47,Jose Berrios,Minnesota Twins®,
83-48,Darryl Strawberry,New York Mets®,
83-49,Freddie Freeman,Atlanta BravesTM,
83-50,Amed Rosario,New York Mets®,Rookie
83-51,Buster Posey,San Francisco Giants®,
83-52,Jeff Bagwell,Houston Astros®,
83-53,Willie Calhoun,Texas Rangers®,Rookie
83-54,Anthony Rizzo,Chicago Cubs®,
83-55,Justin Upton,Angels®,
83-56,Don Mattingly,New York Yankees®,
83-57,Barry Larkin,Cincinnati Reds®,
83-58,Nolan Arenado,Colorado RockiesTM,
83-59,Yoan Moncada,Chicago White Sox®,
83-60,Justin Turner,Los Angeles Dodgers®,
83-61,Felix Hernandez,Seattle MarinersTM,

83-62,Sandy Koufax,Los Angeles Dodgers®,,
83-63,Kenta Maeda,Los Angeles Dodgers®,,
83-64,Robinson Cano,Seattle MarinersTM,,
83-65,Edwin Encarnacion,Cleveland Indians®,,
83-66,Daniel Murphy,Washington Nationals®,,
83-67,Ichiro,Miami Marlins®,,
83-68,Derek Jeter,New York Yankees®,,
83-69,Tom Glavine,Atlanta BravesTM,,
83-70,Clint Frazier,New York Yankees®,,Rookie
83-71,Craig Kimbrel,Boston Red Sox®,,
83-72,Didi Gregorius,New York Yankees®,,
83-73,Adam Jones,Baltimore Orioles®,,
83-74,Gary Sanchez,New York Yankees®,,
83-75,Max Scherzer,Washington Nationals®,,
83-76,Ryan McMahon,Colorado RockiesTM,,Rookie
83-77,Byron Buxton,Minnesota Twins®,,
83-78,Masahiro Tanaka,New York Yankees®,,
83-79,Jose Canseco,Oakland AthleticsTM,,
83-80,George Springer,Houston Astros®,,
83-81,Kyle Schwarber,Chicago Cubs®,,
83-82,Trea Turner,Washington Nationals®,,
83-83,Paul Goldschmidt,Arizona Diamondbacks®,,
83-84,Bryce Harper,Washington Nationals®,,
83-85,Victor Robles,Washington Nationals®,,Rookie
83-86,Javier Baez,Chicago Cubs®,,
83-87,Cody Bellinger,Los Angeles Dodgers®,,
83-88,John Smoltz,Atlanta BravesTM,,
83-89,Bo Jackson,Kansas City Royals®,,
83-90,J.P. Crawford,Philadelphia Phillies®,,Rookie
83-91,Eric Hosmer,Kansas City Royals®,,
83-92,Carlos Correa,Houston Astros®,,
83-93,Chris Sale,Boston Red Sox®,,
83-94,Wil Myers,San Diego PadresTM,,
83-95,Francisco Lindor,Cleveland Indians®,,
83-96,Alex Bregman,Houston Astros®,,
83-97,Corey Seager,Los Angeles Dodgers®,,
83-98,Justin Verlander,Houston Astros®,,
83-99,Addison Russell,Chicago Cubs®,,
83-100,Wade Boggs,Boston Red Sox®,,
KRIS BRYANT HIGHLIGHTS (WALMART),,,,
KB-1,Kris Bryant,Chicago,Cubs®,
KB-2,Kris Bryant,Chicago,Cubs®,
KB-3,Kris Bryant,Chicago,Cubs®,
KB-4,Kris Bryant,Chicago,Cubs®,
KB-5,Kris Bryant,Chicago,Cubs®,
KB-6,Kris Bryant,Chicago,Cubs®,
KB-7,Kris Bryant,Chicago,Cubs®,
KB-8,Kris Bryant,Chicago,Cubs®,Rookie
KB-9,Kris Bryant,Chicago,Cubs®,
KB-10,Kris Bryant,Chicago,Cubs®,
KB-11,Kris Bryant,Chicago,Cubs®,

KB-12,Kris,Bryant,Chicago,Cubs®,,
KB-13,Kris,Bryant,Chicago,Cubs®,,
KB-14,Kris,Bryant,Chicago,Cubs®,,
KB-15,Kris,Bryant,Chicago,Cubs®,,
KB-16,Kris,Bryant,Chicago,Cubs®,,
KB-17,Kris,Bryant,Chicago,Cubs®,,
KB-18,Kris,Bryant,Chicago,Cubs®,,
KB-19,Kris,Bryant,Chicago,Cubs®,,
KB-20,Kris,Bryant,Chicago,Cubs®,,
KB-21,Kris,Bryant,Chicago,Cubs®,,
KB-22,Kris,Bryant,Chicago,Cubs®,,
KB-23,Kris,Bryant,Chicago,Cubs®,,
KB-24,Kris,Bryant,Chicago,Cubs®,,
KB-25,Kris,Bryant,Chicago,Cubs®,,
KB-26,Kris,Bryant,Chicago,Cubs®,,Rookie
KB-27,Kris,Bryant,Chicago,Cubs®,,Rookie
KB-28,Kris,Bryant,Chicago,Cubs®,,
KB-29,Kris,Bryant,Chicago,Cubs®,,
KB-30,Kris,Bryant,Chicago,Cubs®,,
DEREK JETER HIGHLIGHTS (TARGET),,,,,,
DJH-1,Derek Jeter,,New,York,Yankees®,
DJH-2,Derek Jeter,,New,York,Yankees®,
DJH-3,Derek Jeter,,New,York,Yankees®,Rookie
DJH-4,Derek Jeter,,New,York,Yankees®,
DJH-5,Derek Jeter,,New,York,Yankees®,
DJH-6,Derek Jeter,,New,York,Yankees®,
DJH-7,Derek Jeter,,New,York,Yankees®,
DJH-8,Derek Jeter,,New,York,Yankees®,
DJH-9,Derek Jeter,,New,York,Yankees®,
DJH-10,Derek Jeter,,New,York,Yankees®,
DJH-11,Derek Jeter,,New,York,Yankees®,
DJH-12,Derek Jeter,,New,York,Yankees®,
DJH-13,Derek Jeter,,New,York,Yankees®,
DJH-14,Derek Jeter,,New,York,Yankees®,
DJH-15,Derek Jeter,,New,York,Yankees®,
DJH-16,Derek Jeter,,New,York,Yankees®,
DJH-17,Derek Jeter,,New,York,Yankees®,
DJH-18,Derek Jeter,,New,York,Yankees®,
DJH-19,Derek Jeter,,New,York,Yankees®,
DJH-20,Derek Jeter,,New,York,Yankees®,
DJH-21,Derek Jeter,,New,York,Yankees®,
DJH-22,Derek Jeter,,New,York,Yankees®,
DJH-23,Derek Jeter,,New,York,Yankees®,
DJH-24,Derek Jeter,,New,York,Yankees®,
DJH-25,Derek Jeter,,New,York,Yankees®,
DJH-26,Derek Jeter,,New,York,Yankees®,
DJH-27,Derek Jeter,,New,York,Yankees®,
DJH-28,Derek Jeter,,New,York,Yankees®,
DJH-29,Derek Jeter,,New,York,Yankees®,
DJH-30,Derek Jeter,,New,York,Yankees®,

LEGENDS IN THE MAKING (RETAIL),,
LTM-AB,Andrew Benintendi,Boston Red Sox®
LTM-AJ,Aaron Judge,New York Yankees®
LTM-AM,Andrew McCutchen,Pittsburgh Pirates®
LTM-AR,Anthony Rizzo,Chicago Cubs®
LTM-BH,Bryce Harper,Washington Nationals®
LTM-BP,Buster Posey,San Francisco Giants®
LTM-CB,Cody Bellinger,Los Angeles Dodgers®
LTM-CC,Carlos Correa,Houston Astros®
LTM-CE,Corey Seager,Los Angeles Dodgers®
LTM-CS,Chris Sale,Boston Red Sox®
LTM-FF,Freddie Freeman,Atlanta BravesTM
LTM-FL,Francisco Lindor,Cleveland Indians®
LTM-GS,Giancarlo Stanton,Miami Marlins®
LTM-JA,Jose Altuve,Houston Astros®
LTM-JD,Josh Donaldson,Toronto Blue Jays®
LTM-JV,Joey Votto,Cincinnati Reds®
LTM-KB,Kris Bryant,Chicago Cubs®
LTM-MB,Mookie Betts,Boston Red Sox®
LTM-MC,Miguel Cabrera,Detroit Tigers®
LTM-MM,Manny Machado,Baltimore Orioles®
LTM-MS,Miguel Sano,Minnesota Twins®
LTM-MT,Mike Trout,Angels®
LTM-NA,Nolan Arenado,Colorado RockiesTM
LTM-NS,Noah Syndergaard,New York Mets®
LTM-PG,Paul Goldschmidt,Arizona Diamondbacks®
LTM-RC,Robinson Cano,Seattle MarinersTM
LTM-WM,Wil Myers,San Diego PadresTM
LTM-YD,Yu Darvish,Los Angeles Dodgers®
LTM-YM,Yadier Molina,St. Louis Cardinals®
LTM-YO,Yoan Moncada,Chicago White Sox®
MLB OPENING DAY (RETAIL),,
OD-1,Robinson Cano,Seattle MarinersTM
OD-2,Adrian Beltre,Texas Rangers®
OD-3,Carlos Correa,Houston Astros®
OD-4,Miguel Sano,Minnesota Twins®
OD-5,Cody Bellinger,Los Angeles Dodgers®
OD-6,Salvador Perez,Kansas City Royals®
OD-7,Wil Myers,San Diego PadresTM
OD-8,Mike Trout,Angels®
OD-9,Noah Syndergaard,New York Mets®
OD-10,Yadier Molina,St. Louis Cardinals®
OD-11,Giancarlo Stanton,Miami Marlins®
OD-12,Freddie Freeman,Atlanta BravesTM
OD-13,Buster Posey,San Francisco Giants®
OD-14,Francisco Lindor,Cleveland Indians®
OD-15,Andrew McCutchen,Pittsburgh Pirates®
OD-16,Miguel Cabrera,Detroit Tigers®
OD-17,Kris Bryant,Chicago Cubs®
OD-18,Josh Donaldson,Toronto Blue Jays®
OD-19,Nolan Arenado,Colorado RockiesTM

OD-20,Joey Votto,Cincinnati Reds®
OD-21,Evan Longoria,Tampa Bay RaysTM
OD-22,Aaron Judge,New York Yankees®
OD-23,Aaron Nola,Philadelphia Phillies®
OD-24,Khris Davis,Oakland AthleticsTM
OD-25,Bryce Harper,Washington Nationals®
OD-26,Yoan Moncada,Chicago White Sox®
OD-27,Andrew Benintendi,Boston Red Sox®
OD-28,Eric Thames,Milwaukee BrewersTM
OD-29,Manny Machado,Baltimore Orioles®
OD-30,Paul Goldschmidt,Arizona Diamondbacks®
TOPPS NOW TOP 10,,
TN-1,Aaron Judge,Rookie
TN-2,Aaron Judge,
TN-3,Aaron Judge,
TN-4,Aaron Judge,Rookie
TN-5,Derek Jeter,
TN-6,Derek Jeter,
TN-7,Cody Bellinger,Rookie
TN-8,Aaron Judge,
TN-9,Aaron Judge,
TN-10,Aaron Judge,Rookie
RELIC,,
MLB SPRING,TRAINING TEAM LOGO PATCH CARDS,
STP-AB,Andrew Benintendi,Boston Red Sox®
STP-ABE,Adrian Beltre,Texas Rangers®
STP-AJ,Aaron Judge,New York Yankees®
STP-AM,Andrew McCutchen,Pittsburgh Pirates®
STP-AN,Aaron Nola,Philadelphia Phillies®
STP-BH,Bryce Harper,Washington Nationals®
STP-BP,Buster Posey,San Francisco Giants®
STP-CB,Cody Bellinger,Los Angeles Dodgers®
STP-CC,Carlos Correa,Houston Astros®
STP-EL,Evan Longoria,Tampa Bay RaysTM
STP-ET,Eric Thames,Milwaukee BrewersTM
STP-FF,Freddie Freeman,Atlanta BravesTM
STP-FL,Francisco Lindor,Cleveland Indians®
STP-GS,Giancarlo Stanton,Miami Marlins®
STP-JD,Josh Donaldson,Toronto Blue Jays®
STP-JV,Joey Votto,Cincinnati Reds®
STP-KB,Kris Bryant,Chicago Cubs®
STP-KD,Khris Davis,Oakland AthleticsTM
STP-MCB,Miguel Cabrera,Detroit Tigers®
STP-MM,Manny Machado,Baltimore Orioles®
STP-MS,Miguel Sano,Minnesota Twins®
STP-MT,Mike Trout,Angels®
STP-NA,Nolan Arenado,Colorado RockiesTM
STP-NS,Noah Syndergaard,New York Mets®
STP-PG,Paul Goldschmidt,Arizona Diamondbacks®

STP-RC,Robinson Cano,Seattle MarinersTM,
STP-SP,Salvador Perez,Kansas City Royals®,
STP-WM,Wil Myers,San Diego PadresTM,
STP-YML,Yadier Molina,St. Louis Cardinals®,
STP-YMN,Yoan Moncada,Chicago White Sox®,
MLB ALL-STAR TEAM MEDALLION CARDS,,,
ASTM-AJ,Aaron Judge,New York Yankees®,
ASTM-BH,Bryce Harper,Washington Nationals®,
ASTM-BP,Buster Posey,San Francisco Giants®,
ASTM-CBE,Cody Bellinger,Los Angeles Dodgers®,
ASTM-CBL,Charlie Blackmon,Colorado RockiesTM,
ASTM-CC,Carlos Correa,Houston Astros®,
ASTM-CKE,Clayton Kershaw,Los Angeles Dodgers®,
ASTM-CKI,Craig Kimbrel,Boston Red Sox®,
ASTM-CKL,Corey Kluber,Cleveland Indians®,
ASTM-CSA,Chris Sale,Boston Red Sox®,
ASTM-CSE,Corey Seager,Los Angeles Dodgers®,
ASTM-DM,Daniel Murphy,Washington Nationals®,
ASTM-FL,Francisco Lindor,Cleveland Indians®,
ASTM-GSA,Gary Sanchez,New York Yankees®,
ASTM-GSP,George Springer,Houston Astros®,
ASTM-GST,Giancarlo Stanton,Miami Marlins®,
ASTM-JA,Jose Altuve,Houston Astros®,
ASTM-JV,Joey Votto,Cincinnati Reds®,
ASTM-LS,Luis Severino,New York Yankees®,
ASTM-MB,Mookie Betts,Boston Red Sox®,
ASTM-MC,Michael Conforto,New York Mets®,
ASTM-MSA,Miguel Sano,Minnesota Twins®,
ASTM-MSC,Max Scherzer,Washington Nationals®,
ASTM-NA,Nolan Arenado,Colorado RockiesTM,
ASTM-PG,Paul Goldschmidt,Arizona Diamondbacks®,
ASTM-RC,Robinson Cano,Seattle MarinersTM,
ASTM-RZ,Ryan Zimmerman,Washington Nationals®,
ASTM-SP,Salvador Perez,Kansas City Royals®,
ASTM-SS,Stephen Strasburg,Washington Nationals®,
ASTM-YM,Yadier Molina,St. Louis Cardinals®,
PLAYERS WEEKEND PATCH CARDS (RETAIL),,,
PWP-ABL,Adrian Beltre,Texas Rangers®,
PWP-ABN,Andrew Benintendi,Boston Red Sox®,
PWP-AJO,Adam Jones,Baltimore Orioles®,
PWP-AJU,Aaron Judge,New York Yankees®,
PWP-AM,Andrew McCutchen,Pittsburgh Pirates®,
PWP-AP,Albert Pujols,Angels®,
PWP-AR,Amed Rosario,New York Mets®,Rookie
PWP-ARI,Anthony Rizzo,Chicago Cubs®,
PWP-BB,Byron Buxton,Minnesota Twins®,
PWP-BP,Buster Posey,San Francisco Giants®,
PWP-CL,Charlie Blackmon,Colorado RockiesTM,
PWP-CSE,Corey Seager,Los Angeles Dodgers®,
PWP-DM,Daniel Murphy,Washington Nationals®,

PWP-EH,Eric Hosmer,Kansas City Royals®,
PWP-EL,Evan Longoria,Tampa Bay RaysTM,
PWP-ET,Eric Thames,Milwaukee BrewersTM,
PWP-FF,Freddie Freeman,Atlanta BravesTM,
PWP-FL,Francisco Lindor,Cleveland Indians®,
PWP-GSA,Gary Sanchez,New York Yankees®,
PWP-GSP,George Springer,Houston Astros®,
PWP-GST,Giancarlo Stanton,Miami Marlins®,
PWP-I,Ichiro,Miami Marlins®,
PWP-JA,Jose Altuve,Houston Astros®,
PWP-JB,Jose Bautista,Toronto Blue Jays®,
PWP-JD,Josh Donaldson,Toronto Blue Jays®,
PWP-JG,Jacob deGrom,New York Mets®,
PWP-JR,Jose Abreu,Chicago White Sox®,
PWP-JVO,Joey Votto,Cincinnati Reds®,
PWP-JZ,Javier Baez,Chicago Cubs®,
PWP-KB,Kris Bryant,Chicago Cubs®,
PWP-KC,Kyle Schwarber,Chicago Cubs®,
PWP-KD,Khris Davis,Oakland AthleticsTM,
PWP-KS,Kyle Seager,Seattle MarinersTM,
PWP-MA,Masahiro Tanaka,New York Yankees®,
PWP-MB,Mookie Betts,Boston Red Sox®,
PWP-MCB,Miguel Cabrera,Detroit Tigers®,
PWP-MK,Matt Kemp,Atlanta BravesTM,
PWP-MM,Manny Machado,Baltimore Orioles®,
PWP-MT,Mike Trout,Angels®,
PWP-NA,Nolan Arenado,Colorado RockiesTM,
PWP-NC,Nelson Cruz,Seattle MarinersTM,
PWP-PG,Paul Goldschmidt,Arizona Diamondbacks®,
PWP-RC,Robinson Cano,Seattle MarinersTM,
PWP-RD,Rafael Devers,Boston Red Sox®,Rookie
PWP-RH,Rhys Hoskins,Philadelphia Phillies®,Rookie
PWP-SP,Salvador Perez,Kansas City Royals®,
PWP-WM,Wil Myers,San Diego PadresTM,
PWP-YD,Yu Darvish,Los Angeles Dodgers®,
PWP-YML,Yadier Molina,St. Louis Cardinals®,
PWP-YP,Yasiel Puig,Los Angeles Dodgers®,
IN THE NAME RELICS,,,
ITN-BH,Bryce Harper,Washington Nationals®,
ITN-BP,Buster Posey,San Francisco Giants®,
ITN-CBE,Cody Bellinger,Los Angeles Dodgers®,
ITN-CBL,Charlie Blackmon,Colorado RockiesTM,
ITN-CC,Carlos Correa,Houston Astros®,
ITN-CKE,Clayton Kershaw,Los Angeles Dodgers®,
ITN-CKI,Craig Kimbrel,Boston Red Sox®,
ITN-CKL,Corey Kluber,Cleveland Indians®,
ITN-CM,Carlos Martinez,St. Louis Cardinals®,
ITN-CSA,Chris Sale,Boston Red Sox®,
ITN-CSE,Corey Seager,Los Angeles Dodgers®,
ITN-DK,Dallas Keuchel,Houston Astros®,
ITN-DM,Daniel Murphy,Washington Nationals®,

ITN-FL,Francisco Lindor,Cleveland Indians®
ITN-GSA,Gary Sanchez,New York Yankees®
ITN-GSP,George Springer,Houston Astros®
ITN-GST,Giancarlo Stanton,Miami Marlins®
ITN-JA,Jose Altuve,Houston Astros®
ITN-JR,Jose Ramirez,Cleveland Indians®
ITN-JS,Justin Smoak,Toronto Blue Jays®
ITN-JT,Justin Turner,Los Angeles Dodgers®
ITN-JV,Joey Votto,Cincinnati Reds®
ITN-KJ,Kenley Jansen,Los Angeles Dodgers®
ITN-LM,Lance McCullers,Houston Astros®
ITN-LS,Luis Severino,New York Yankees®
ITN-MBE,Mookie Betts,Boston Red Sox®
ITN-MBR,Michael Brantley,Cleveland Indians®
ITN-MC,Michael Conforto,New York Mets®
ITN-MF,Michael Fulmer,Detroit Tigers®
ITN-MM,Mike Moustakas,Kansas City Royals®
ITN-MO,Marcell Ozuna,Miami Marlins®
ITN-MSA,Miguel Sano,Minnesota Twins®
ITN-MSC,Max Scherzer,Washington Nationals®
ITN-NA,Nolan Arenado,Colorado RockiesTM
ITN-PG,Paul Goldschmidt,Arizona Diamondbacks®
ITN-RC,Robinson Cano,Seattle MarinersTM
ITN-RZ,Ryan Zimmerman,Washington Nationals®
ITN-SC,Starlin Castro,New York Yankees®
ITN-SP,Salvador Perez,Kansas City Royals®
ITN-SS,Stephen Strasburg,Washington Nationals®
ITN-YM,Yadier Molina,St. Louis Cardinals®
ITN-ZG,Zack Greinke,Arizona Diamondbacks®
CUT SIGNATURES,,
CS-AL,Al Lopez,Chicago White Sox®
CS-BD,Bill Dickey,New York Yankees®
CS-BG,Burleigh Grimes,Brooklyn DodgersTM
CS-BH,Billy Herman,Chicago Cubs®
CS-BL,Buck Leonard,
CS-CG,Charlie Gehringer,Detroit Tigers®
CS-CM,Connie Mack,Philadelphia AthleticsTM
CS-CY,Cy Young,Boston Red Sox®
CS-DD,Dizzy Dean,St. Louis Cardinals®
CS-DR,Don Drysdale,Los Angeles Dodgers®
CS-EA,Earl Averill,Cleveland Indians®
CS-EB,Ernie Banks,Chicago Cubs®
CS-EM,Eddie Mathews,Milwaukee BravesTM
CS-ES,Enos Slaughter,St. Louis Cardinals®
CS-FF,Frankie Frisch,St. Louis Cardinals®
CS-GE,George Kell,Detroit Tigers®
CS-GK,"George ""High Pockets"" KelNlyew York GiantsTM",
CS-HC,Happy Chandler,Major League Baseball®
CS-HG,Hank Greenberg,Detroit Tigers®
CS-JH,"Jim ""Catfish"" Hunter",Oakland AthleticsTM
CS-JM,Johnny Mize,St. Louis Cardinals®

CS-JR,Jackie Robinson,Brooklyn DodgersTM
CS-JS,Joe Sewell,Cleveland Indians®
CS-LA,Luke Appling,Chicago White Sox®
CS-LD,Larry Doby,Cleveland Indians®
CS-LM,Lee MacPhail,Major League Baseball®
CS-MI,Monte Irvin,New York GiantsTM
CS-NF,Nellie Fox,Chicago White Sox®
CS-PR,Pee Wee Reese,Brooklyn DodgersTM
CS-PZ,Phil Rizzuto,New York Yankees®
CS-RC,Roberto Clemente,Pittsburgh Pirates®
CS-RF,Rick Ferrell,St. Louis BrownsTM
CS-RM,Roger Maris,New York Yankees®
CS-SC,Stan Coveleski,Cleveland Indians®
CS-SM,Stan Musial,St. Louis Cardinals®
CS-SP,Satchel Paige,Cleveland Indians®
CS-TC,Ty Cobb,Detroit Tigers®
CS-TW,Ted Williams,Boston Red Sox®
CS-WH,Waite Hoyt,New York Yankees®
CS-WS,Warren Spahn,Milwaukee BravesTM
MAJOR LEAGUE MATERIAL CARDS,,
MLM-AB,Andrew Benintendi,Boston Red Sox®
MLM-AE,Alex Bregman,Houston Astros®
MLM-AG,Adrian Gonzalez,Los Angeles Dodgers®
MLM-AJ,Adam Jones,Baltimore Orioles®
MLM-AM,Andrew McCutchen,Pittsburgh Pirates®
MLM-AP,Albert Pujols,Angels®
MLM-AR,Addison Russell,Chicago Cubs®
MLM-AZ,Anthony Rizzo,Chicago Cubs®
MLM-BC,Brandon Crawford,San Francisco Giants®
MLM-BH,Bryce Harper,Washington Nationals®
MLM-BP,Buster Posey,San Francisco Giants®
MLM-BZ,Ben Zobrist,Chicago Cubs®
MLM-CA,Chris Sale,Boston Red Sox®
MLM-CAR,Chris Archer,Tampa Bay RaysTM
MLM-CB,Cody Bellinger,Los Angeles Dodgers®
MLM-CC,Carlos Correa,Houston Astros®
MLM-CI,Craig Kimbrel,Boston Red Sox®
MLM-CK,Clayton Kershaw,Los Angeles Dodgers®
MLM-CL,Charlie Blackmon,Colorado RockiesTM
MLM-CM,Carlos Martinez,St. Louis Cardinals®
MLM-CS,Corey Seager,Los Angeles Dodgers®
MLM-CU,Corey Kluber,Cleveland Indians®
MLM-DB,Dellin Betances,New York Yankees®
MLM-DE,Dustin Pedroia,Boston Red Sox®
MLM-DG,Didi Gregorius,New York Yankees®
MLM-DK,Dallas Keuchel,Houston Astros®
MLM-DM,Daniel Murphy,Washington Nationals®
MLM-DP,David Price,Boston Red Sox®
MLM-DS,Dansby Swanson,Atlanta BravesTM
MLM-EE,Edwin Encarnacion,Cleveland Indians®
MLM-EL,Evan Longoria,Tampa Bay RaysTM

MLM-ET,Eric Thames,Milwaukee BrewersTM
MLM-FF,Freddie Freeman,Atlanta BravesTM
MLM-GA,Gary Sanchez,New York Yankees®
MLM-GS,George Springer,Houston Astros®
MLM-GT,Giancarlo Stanton,Miami Marlins®
MLM-HJR,Hyun-Jin Ryu,Los Angeles Dodgers®
MLM-HR,Hanley Ramirez,Boston Red Sox®
MLM-I,Ichiro,Miami Marlins®
MLM-IH,Ian Happ,Chicago Cubs®
MLM-JA,Jose Altuve,Houston Astros®
MLM-JB,Javier Baez,Chicago Cubs®
MLM-JE,Josh Bell,Pittsburgh Pirates®
MLM-JG,Jon Gray,Colorado RockiesTM
MLM-JH,Jason Heyward,Chicago Cubs®
MLM-JI,Jose Bautista,Toronto Blue Jays®
MLM-JL,Justin Verlander,Houston Astros®
MLM-JM,J.D. Martinez,Arizona Diamondbacks®
MLM-JR,Jackie Bradley Jr.,Boston Red Sox®
MLM-JT,Jameson Taillon,Pittsburgh Pirates®
MLM-JU,Justin Upton,Angels®
MLM-JV,Joey Votto,Cincinnati Reds®
MLM-KB,Kris Bryant,Chicago Cubs®
MLM-KE,Kyle Seager,Seattle MarinersTM
MLM-KK,Kevin Kiermaier,Tampa Bay RaysTM
MLM-KM,Kenta Maeda,Los Angeles Dodgers®
MLM-KS,Kyle Schwarber,Chicago Cubs®
MLM-LS,Luis Severino,New York Yankees®
MLM-MA,Masahiro Tanaka,New York Yankees®
MLM-MB,Mookie Betts,Boston Red Sox®
MLM-MC,Miguel Cabrera,Detroit Tigers®
MLM-MF,Michael Fulmer,Detroit Tigers®
MLM-MM,Manny Machado,Baltimore Orioles®
MLM-MN,Michael Conforto,New York Mets®
MLM-MO,Marcell Ozuna,Miami Marlins®
MLM-MOL,Matt Olson,Oakland AthleticsTM
MLM-MS,Marcus Stroman,Toronto Blue Jays®
MLM-MT,Mike Trout,Angels®
MLM-NA,Nolan Arenado,Colorado RockiesTM
MLM-NC,Nelson Cruz,Seattle MarinersTM
MLM-NS,Noah Syndergaard,New York Mets®
MLM-OA,Orlando Arcia,Milwaukee BrewersTM
MLM-RB,Ryan Braun,Milwaukee BrewersTM
MLM-RC,Robinson Cano,Seattle MarinersTM
MLM-RZ,Ryan Zimmerman,Washington Nationals®
MLM-SA,Starling Marte,Pittsburgh Pirates®
MLM-SC,Starlin Castro,New York Yankees®
MLM-SP,Salvador Perez,Kansas City Royals®
MLM-TP,Tommy Pham,St. Louis Cardinals®
MLM-TT,Trea Turner,Washington Nationals®
MLM-TU,Troy Tulowitzki,Toronto Blue Jays®
MLM-VM,Victor Martinez,Detroit Tigers®
MLM-WC,Willson Contreras,Chicago Cubs®

MLM-WM,Wil Myers,San Diego PadresTM,,
MLM-XB,Xander Bogaerts,Boston Red Sox®,,
MLM-YC,Yoenis Cespedes,New York Mets®,,
MLM-YM,Yadier Molina,St. Louis Cardinals®,,
MLM-YP,Yasiel Puig,Los Angeles Dodgers®,,
POSTSEASON PERFORMANCE RELIC,,CARDS,,
PSP-AB,Andrew Benintendi,Boston Red Sox®,,
PSP-AC,Aroldis Chapman,New York Yankees®,,
PSP-AI,Anthony Rizzo,Chicago Cubs®,,
PSP-AR,Addison Russell,Chicago Cubs®,,
PSP-BH,Bryce Harper,Washington Nationals®,,
PSP-CC,Carlos Correa,Houston Astros®,,
PSP-CK,Clayton Kershaw,Los Angeles Dodgers®,,
PSP-CS,Corey Seager,Los Angeles Dodgers®,,
PSP-DG,Didi Gregorius,New York Yankees®,,
PSP-DK,Dallas Keuchel,Houston Astros®,,
PSP-DM,Daniel Murphy,Washington Nationals®,,
PSP-GS,Gary Sanchez,New York Yankees®,,
PSP-JA,Jose Altuve,Houston Astros®,,
PSP-JB,Javier Baez,Chicago Cubs®,,
PSP-JM,J.D. Martinez,Arizona Diamondbacks®,,
PSP-JT,Justin Turner,Los Angeles Dodgers®,,
PSP-JV,Justin Verlander,Houston Astros®,,
PSP-KB,Kris Bryant,Chicago Cubs®,,
PSP-LS,Luis Severino,New York Yankees®,,
PSP-MB,Mookie Betts,Boston Red Sox®,,
PSP-MT,Masahiro Tanaka,New York Yankees®,,
PSP-PG,Paul Goldschmidt,Arizona Diamondbacks®,,
PSP-RD,Rafael Devers,Boston Red Sox®,,Rookie
PSP-TB,Trevor Bauer,Cleveland Indians®,,
PSP-WC,Willson Contreras,Chicago Cubs®,,
PSP-YD,Yu Darvish,Los Angeles Dodgers®,,
PSP-YP,Yasiel Puig,Los Angeles Dodgers®,,
WORLD CHAMPION RELIC CARDS,,,,
WCR-AB,Alex Bregman,Houston,Astros®,
WCR-CC,Carlos Correa,Houston,Astros®,
WCR-DK,Dallas Keuchel,Houston,Astros®,
WCR-EG,Evan Gattis,Houston,Astros®,
WCR-GS,George Springer,Houston,Astros®,
WCR-JA,Jose Altuve,Houston,Astros®,
WCR-JM,Joe Musgrove,Houston,Astros®,
WCR-JR,Josh Reddick,Houston,Astros®,
WCR-JV,Justin Verlander,Houston,Astros®,
WCR-KG,Ken Giles,Houston,Astros®,
WCR-MG,Marwin Gonzalez,Houston,Astros®,
WCR-YG,Yuli Gurriel,Houston,Astros®,
AUTOGRAPH RELIC,,,,

PLAYERS WEEKEND PATCH CARDS AUTOGRAPH (RETAIL),,,
PWPA-ABL,Adrian Beltre,Texas Rangers®,
PWPA-AJO,Adam Jones,Baltimore Orioles®,
PWPA-AR,Amed Rosario,New York Mets®,Rookie
PWPA-ARI,Anthony Rizzo,Chicago Cubs®,
PWPA-BB,Byron Buxton,Minnesota Twins®,
PWPA-BP,Buster Posey,San Francisco Giants®,
PWPA-CB,Charlie Blackmon,Colorado RockiesTM,
PWPA-CSE,Corey Seager,Los Angeles Dodgers®,
PWPA-EL,Evan Longoria,Tampa Bay RaysTM,
PWPA-ET,Eric Thames,Milwaukee BrewersTM,
PWPA-FF,Freddie Freeman,Atlanta BravesTM,
PWPA-GSA,Gary Sanchez,New York Yankees®,
PWPA-GSP,George Springer,Houston Astros®,
PWPA-I,Ichiro,Miami Marlins®,
PWPA-JA,Jose Altuve,Houston Astros®,
PWPA-JD,Josh Donaldson,Toronto Blue Jays®,
PWPA-JG,Jacob DeGrom,New York Mets®,
PWPA-JVO,Joey Votto,Cincinnati Reds®,
PWPA-JZ,Javier Baez,Chicago Cubs®,
PWPA-KB,Kris Bryant,Chicago Cubs®,
PWPA-KD,Khris Davis,Oakland AthleticsTM,
PWPA-KS,Kyle Seager,Seattle MarinersTM,
PWPA-KY,Kyle Schwarber,Chicago Cubs®,
PWPA-MA,Masahiro Tanaka,New York Yankees®,
PWPA-MM,Manny Machado,Baltimore Orioles®,
PWPA-MT,Mike Trout,Angels®,
PWPA-PG,Paul Goldschmidt,Arizona Diamondbacks®,
PWPA-RD,Rafael Devers,Boston Red Sox®,Rookie
PWPA-RH,Rhys Hoskins,Philadelphia Phillies®,Rookie
MLB SPRING,TRAINING TEAM LOGO PATCH CARDS AUTOGRAPH,,
STAP-ABE,Adrian Beltre,Texas Rangers®,
STAP-AN,Aaron Nola,Philadelphia Phillies®,
STAP-BP,Buster Posey,San Francisco Giants®,
STAP-CC,Carlos Correa,Houston Astros®,
STAP-EL,Evan Longoria,Tampa Bay RaysTM,
STAP-ET,Eric Thames,Milwaukee BrewersTM,
STAP-FF,Freddie Freeman,Atlanta BravesTM,
STAP-JD,Josh Donaldson,Toronto Blue Jays®,
STAP-JV,Joey Votto,Cincinnati Reds®,
STAP-KB,Kris Bryant,Chicago Cubs®,
STAP-KD,Khris Davis,Oakland AthleticsTM,
STAP-MM,Manny Machado,Baltimore Orioles®,
STAP-MS,Miguel Sano,Minnesota Twins®,
STAP-MT,Mike Trout,Angels®,
STAP-NS,Noah Syndergaard,New York Mets®,
STAP-PG,Paul Goldschmidt,Arizona Diamondbacks®,
STAP-YMN,Yoan Moncada,Chicago White Sox®,
MLB ALL-STAR TEAM MEDALLION CARDS AUTOGRAPH,,,

ASTMA-BP,Buster Posey,San Francisco Giants®,
ASTMA-CBE,Cody Bellinger,Los Angeles Dodgers®,
ASTMA-CBL,Charlie Blackmon,Colorado RockiesTM,
ASTMA-CC,Carlos Correa,Houston Astros®,
ASTMA-CKI,Craig Kimbrel,Boston Red Sox®,
ASTMA-CKL,Corey Kluber,Cleveland Indians®,
ASTMA-CSA,Chris Sale,Boston Red Sox®,
ASTMA-CSE,Corey Seager,Los Angeles Dodgers®,
ASTMA-GSA,Gary Sanchez,New York Yankees®,
ASTMA-GSP,George Springer,Houston Astros®,
ASTMA-JV,Joey Votto,Cincinnati Reds®,
ASTMA-LS,Luis Severino,New York Yankees®,
ASTMA-MSA,Miguel Sano,Minnesota Twins®,
ASTMA-MSC,Max Scherzer,Washington Nationals®,
ASTMA-PG,Paul Goldschmidt,Arizona Diamondbacks®,
TOPPS REVERENCE AUTOGRAPH PATCH CARDS,,,
TRAP-ADA,Andre Dawson,Chicago Cubs®,
TRAP-AJO,Adam Jones,Baltimore Orioles®,
TRAP-AMR,Amed Rosario,New York Mets®,Rookie
TRAP-BL,Barry Larkin,Cincinnati Reds®,
TRAP-CF,Clint Frazier,New York Yankees®,Rookie
TRAP-CJ,Chipper Jones,Atlanta BravesTM,
TRAP-CKL,Corey Kluber,Cleveland Indians®,
TRAP-CR,Cal Ripken Jr.,Baltimore Orioles®,
TRAP-DMA,Don Mattingly,New York Yankees®,
TRAP-DRU,Andruw Jones,Atlanta BravesTM,
TRAP-DS,Dansby Swanson,Atlanta BravesTM,
TRAP-FF,Freddie Freeman,Atlanta BravesTM,
TRAP-FT,Frank Thomas,Chicago White Sox®,
TRAP-I,Ichiro,Miami Marlins®,
TRAP-IH,Ian Happ,Chicago Cubs®,
TRAP-JDA,Johnny Damon,Boston Red Sox®,
TRAP-JDG,Jacob deGrom,New York Mets®,
TRAP-JV,Joey Votto,Cincinnati Reds®,
TRAP-KD,Khris Davis,Oakland AthleticsTM,
TRAP-KSC,Kyle Schwarber,Chicago Cubs®,
TRAP-KSE,Kyle Seager,Seattle MarinersTM,
TRAP-MM,Manny Machado,Baltimore Orioles®,
TRAP-MP,Mike Piazza,New York Mets®,
TRAP-MTR,Mike Trout,Angels®,
TRAP-NR,Nolan Ryan,Texas Rangers®,
TRAP-NS,Noah Syndergaard,New York Mets®,
TRAP-PG,Paul Goldschmidt,Arizona DiamondbacksTM,
TRAP-RS,Ryne Sandberg,Chicago Cubs®,
TRAP-SC,Steve Carlton,Philadelphia Phillies®,
TRAP-WB,Wade Boggs,Boston Red Sox®,
MAJOR LEAGUE MATERIAL AUTOGRAPH CARDS,,,
MLMA-AI,Aledmys Diaz,St. Louis Cardinals®,
MLMA-AR,Anthony Rizzo,Chicago Cubs®,
MLMA-AW,Alex Wood,Los Angeles Dodgers®,

MLMA-BG,Ben Gamel,Seattle MarinersTM,
MLMA-BZ,Bradley Zimmer,Cleveland Indians®,
MLMA-CA,Christian Arroyo,San Francisco Giants®,
MLMA-CB,Cody Bellinger,Los Angeles Dodgers®,
MLMA-CE,Corey Seager,Los Angeles Dodgers®,
MLMA-CF,Clint Frazier,New York Yankees®,Rookie
MLMA-CL,Charlie Blackmon,Colorado RockiesTM,
MLMA-CS,Chris Sale,Boston Red Sox®,
MLMA-CU,Corey Kluber,Cleveland Indians®,
MLMA-DG,Didi Gregorius,New York Yankees®,
MLMA-ET,Eric Thames,Milwaukee BrewersTM,
MLMA-FB,Franklin Barreto,Oakland AthleticsTM,
MLMA-FF,Freddie Freeman,Atlanta BravesTM,
MLMA-GS,George Springer,Houston Astros®,
MLMA-IH,Ian Happ,Chicago Cubs®,
MLMA-JA,Jose Altuve,Houston Astros®,
MLMA-JS,Jean Segura,Seattle MarinersTM,
MLMA-JZ,Javier Baez,Chicago Cubs®,
MLMA-KB,Kris Bryant,Chicago Cubs®,
MLMA-KD,Khris Davis,Oakland AthleticsTM,
MLMA-KE,Kyle Seager,Seattle MarinersTM,
MLMA-LS,Luis Severino,New York Yankees®,
MLMA-NS,Noah Syndergaard,New York Mets®,
MLMA-PD,Paul DeJong,St. Louis Cardinals®,
MLMA-PG,Paul Goldschmidt,Arizona Diamondbacks®,
MLMA-RD,Rafael Devers,Boston Red Sox®,Rookie
MLMA-RG,Randal Grichuk,St. Louis Cardinals®,
MLMA-RH,Ryon Healy,Oakland AthleticsTM,
MLMA-SM,Starling Marte,Pittsburgh Pirates®,
MLMA-TM,Trey Mancini,Baltimore Orioles®,
WORLD CHAMPION AUTOGRAPH RELIC CARDS,,,
WCAR-AR,Alex Bregman,Houston Astros®,
WCAR-CC,Carlos Correa,Houston Astros®,
WCAR-EG,Evan Gattis,Houston Astros®,
WCAR-GS,George Springer,Houston Astros®,
WCAR-JM,Joe Musgrove,Houston Astros®,
WCAR-YU,Yuli Gurriel,Houston Astros®,
POSTSEASON PERFORMANCE AUTOGRAPH RELIC CARDS,,,
PSAR-AB,Andrew Benintendi,Boston Red Sox®,
PSAR-AR,Anthony Rizzo,Chicago Cubs®,
PSAR-CB,Cody Bellinger,Los Angeles Dodgers®,
PSAR-CC,Carlos Correa,Houston Astros®,
PSAR-DG,Didi Gregorius,New York Yankees®,
PSAR-GB,Greg Bird,New York Yankees®,
PSAR-GS,Gary Sanchez,New York Yankees®,
PSAR-JA,Jose Altuve,Houston Astros®,
PSAR-JB,Javier Baez,Chicago Cubs®,
PSAR-JM,J.D. Martinez,Arizona Diamondbacks®,
PSAR-JR,Jay Bruce,Cleveland Indians®,
PSAR-LS,Luis Severino,New York Yankees®,

PSAR-PG,Paul Goldschmidt,Arizona Diamondbacks®,
PSAR-RD,Rafael Devers,Boston Red Sox®,
PSAR-WC,Willson Contreras,Chicago Cubs®,
AUTOGRAPH,,,
TOPPS SALUTE AUTOGRAPHS,,,
SA-ADA,Andre Dawson,Chicago Cubs®,
SA-ADI,Aledmys Diaz,St. Louis Cardinals®,
SA-AG,Andres Galarraga,Colorado RockiesTM,
SA-AH,Austin Hays,Baltimore Orioles®,Rookie
SA-AJO,Adam Jones,Baltimore Orioles®,
SA-ARI,Anthony Rizzo,Chicago Cubs®,
SA-ARO,Amed Rosario,New York Mets®,Rookie
SA-AS,Andrew Stevenson,Washington Nationals®,Rookie
SA-AV,Alex Verdugo,Los Angeles Dodgers®,Rookie
SA-AW,Alex Wood,Los Angeles Dodgers®,
SA-BG,Ben Gamel,Seattle MarinersTM,
SA-BL,Barry Larkin,Cincinnati Reds®,
SA-BRO,Brooks Robinson,Baltimore Orioles®,
SA-BW,Brandon Woodruff,Milwaukee BrewersTM,Rookie
SA-BZ,Bradley Zimmer,Cleveland Indians®,
SA-CAR,Christian Arroyo,San Francisco Giants®,
SA-CBE,Cody Bellinger,Los Angeles Dodgers®,
SA-CBI,Craig Biggio,Houston Astros®,
SA-CBL,Charlie Blackmon,Colorado RockiesTM,
SA-CC,Carlos Correa,Houston Astros®,
SA-CF,Clint Frazier,New York Yankees®,Rookie
SA-CJ,Chipper Jones,Atlanta BravesTM,
SA-CR,Cal Ripken Jr.,Baltimore Orioles®,
SA-CSA,Chris Sale,Boston Red Sox®,
SA-CSI,Chance Sisco,Baltimore Orioles®,Rookie
SA-DB,Dellin Betances,New York Yankees®,
SA-DFO,Dexter Fowler,St. Louis Cardinals®,
SA-DG,Didi Gregorius,New York Yankees®,
SA-DMA,Don Mattingly,New York Yankees®,
SA-DO,David Ortiz,Boston Red Sox®,
SA-DSA,Domingo Santana,Milwaukee BrewersTM,
SA-DSM,Dominic Smith,New York Mets®,Rookie
SA-DST,Darryl Strawberry,New York Mets®,
SA-DSW,Dansby Swanson,Atlanta BravesTM,
SA-ED,Eric Davis,Cincinnati Reds®,
SA-ET,Eric Thames,Milwaukee BrewersTM,
SA-FM,Francisco Mejia,Cleveland Indians®,Rookie
SA-FT,Frank Thomas,Chicago White Sox®,
SA-HB,Harrison Bader,St. Louis Cardinals®,Rookie
SA-HR,Hunter Renfroe,San Diego PadresTM,
SA-IH,Ian Happ,Chicago Cubs®,
SA-IR,Ivan Rodriguez,Texas Rangers®,
SA-JBR,Jose Berrios,Minnesota Twins®,

SA-JBZ,Javier Baez,Chicago Cubs®,
SA-JCA,Jose Canseco,Oakland AthleticsTM,
SA-JCR,J.P. Crawford,Philadelphia Phillies®,Rookie
SA-JD,J.D. Davis,Houston Astros®,Rookie
SA-JDA,Johnny Damon,Boston Red Sox®,
SA-JL,Jack Flaherty,St. Louis Cardinals®,Rookie
SA-JPL,Jim Palmer,Baltimore Orioles®,
SA-JPN,Joe Panik,San Francisco Giants®,
SA-JSE,Jean Segura,Seattle MarinersTM,
SA-JSM,John Smoltz,Atlanta BravesTM,
SA-JTH,Jim Thome,Cleveland Indians®,
SA-JV,Joey Votto,Cincinnati Reds®,
SA-KBO,Keon Broxton,Milwaukee BrewersTM,
SA-KBR,Kris Bryant,Chicago Cubs®,
SA-KD,Khris Davis,Oakland AthleticsTM,
SA-KS,Kyle Seager,Seattle MarinersTM,
SA-LI,Lucas Sims,Atlanta BravesTM,Rookie
SA-LS,Luis Severino,New York Yankees®,
SA-MA,Miguel Andujar,New York Yankees®,Rookie
SA-MC,Matt Carpenter,St. Louis Cardinals®,
SA-MF,Michael Fulmer,Detroit Tigers®,
SA-MH,Mitch Haniger,Seattle MarinersTM,
SA-MR,Max Fried,Atlanta BravesTM,Rookie
SA-MT,Mike Trout,Angels®,
SA-ND,Nicky Delmonico,Chicago White Sox®,Rookie
SA-OA,Ozzie Albies,Atlanta BravesTM,Rookie
SA-OV,Omar Vizquel,Cleveland Indians®,
SA-PB,Parker Bridwell,Angels®,Rookie
SA-PG,Paul Goldschmidt,Arizona Diamondbacks®,
SA-RA,Roberto Alomar,Toronto Blue Jays®,
SA-RD,Rafael Devers,Boston Red Sox®,Rookie
SA-RHE,Ryon Healy,Oakland AthleticsTM,
SA-RHO,Rhys Hoskins,Philadelphia Phillies®,Rookie
SA-RM,Ryan McMahon,Colorado RockiesTM,Rookie
SA-SA,Sandy Alcantara,St. Louis Cardinals®,Rookie
SA-TH,Tyler Mahle,Cincinnati Reds®,Rookie
SA-TM,Trey Mancini,Baltimore Orioles®,
SA-VR,Victor Robles,Washington Nationals®,Rookie
SA-WC,Willie Calhoun,Texas Rangers®,Rookie
SA-ZG,Zack Granite,Minnesota Twins®,Rookie
MLB OPENING DAY AUTOGRAPHS (RETAIL),,,
ODA-AB,Andrew Benintendi,Boston Red Sox®,
ODA-AE,Adrian Beltre,Texas Rangers®,
ODA-CB,Cody Bellinger,Los Angeles Dodgers®,
ODA-CC,Carlos Correa,Houston Astros®,
ODA-EL,Evan Longoria,Tampa Bay RaysTM,
ODA-ET,Eric Thames,Milwaukee BrewersTM,
ODA-FF,Freddie Freeman,Atlanta BravesTM,
ODA-JD,Josh Donaldson,Toronto Blue Jays®,
ODA-JV,Joey Votto,Cincinnati Reds®,
ODA-KB,Kris Bryant,Chicago Cubs®,

ODA-KD,Khris Davis,Oakland AthleticsTM,
ODA-MM,Manny Machado,Baltimore Orioles®,
ODA-MT,Mike Trout,Angels®,
ODA-NS,Noah Syndergaard,New York Mets®,
ODA-PG,Paul Goldschmidt,Arizona Diamondbacks®,
ODA-YO,Yoan Moncada,Chicago White Sox®,
1983 TOPPS,BASEBALL AUTOGRAPH,,
83A-ABR,Alex Bregman,Houston Astros®,
83A-ADI,Aledmys Diaz,St. Louis Cardinals®,
83A-AN,Aaron Nola,Philadelphia Phillies®,
83A-AP,Andy Pettitte,New York Yankees®,
83A-ARO,Amed Rosario,New York Mets®,Rookie
83A-BF,Brandon Finnegan,Cincinnati Reds®,
83A-BL,Barry Larkin,Cincinnati Reds®,
83A-CF,Clint Frazier,New York Yankees®,Rookie
83A-CR,Cal Ripken Jr.,Baltimore Orioles®,
83A-CSE,Corey Seager,Los Angeles Dodgers®,
83A-DD,David Dahl,Colorado RockiesTM,
83A-DMA,Don Mattingly,New York Yankees®,
83A-ET,Eric Thames,Milwaukee BrewersTM,
83A-GB,Greg Bird,New York Yankees®,
83A-HA,Hank Aaron,Atlanta BravesTM,
83A-HR,Hunter Renfroe,San Diego PadresTM,
83A-IH,Ian Happ,Chicago Cubs®,
83A-JBA,Jeff Bagwell,Houston Astros®,
83A-JBZ,Javier Baez,Chicago Cubs®,
83A-JCA,Jose Canseco,Oakland AthleticsTM,
83A-JHO,Jeff Hoffman,Colorado RockiesTM,
83A-KBR,Kris Bryant,Chicago Cubs®,
83A-KD,Khris Davis,Oakland AthleticsTM,
83A-KGL,Koda Glover,Washington Nationals®,
83A-KSE,Kyle Seager,Seattle MarinersTM,
83A-LW,Luke Weaver,St. Louis Cardinals®,
83A-MMA,Manny Machado,Baltimore Orioles®,
83A-MMG,Mark McGwire,Oakland AthleticsTM,
83A-MTR,Mike Trout,Angels®,
83A-OAL,Ozzie Albies,Atlanta BravesTM,Rookie
83A-OV,Omar Vizquel,Cleveland Indians®,
83A-TAN,Tim Anderson,Chicago White Sox®,
83A-TGS,Tyler Glasnow,Pittsburgh Pirates®,
83A-TS,Trevor Story,Colorado RockiesTM,
83A-ABA,Anthony Banda,Arizona Diamondbacks®,Rookie
83A-ADU,Adam Duvall,Cincinnati Reds®,
83A-AJN,Andruw Jones,Atlanta BravesTM,
83A-AJO,Adam Jones,Baltimore Orioles®,
83A-ASL,Aaron Slegers,Minnesota Twins®,Rookie
83A-AST,Andrew Stevenson,Washington Nationals®,Rookie
83A-AV,Alex Verdugo,Los Angeles Dodgers®,Rookie
83A-AW,Alex Wood,Los Angeles Dodgers®,
83A-BG,Ben Gamel,Seattle MarinersTM,
83A-BP,Boog Powell,Oakland AthleticsTM,

83A-BPH,Brett Phillips,Milwaukee BrewersTM,,
83A-BW,Brandon Woodruff,Milwaukee BrewersTM,,Rookie
83A-CCA,Carlos Carrasco,Cleveland Indians®,,
83A-CSA,Chris Sale,Boston Red Sox®,,
83A-DGE,Domingo German,New York Yankees®,,
83A-DSI,Dominic Smith,New York Mets®,,Rookie
83A-DSM,Drew Smyly,Seattle MarinersTM,,
83A-DST,Darryl Strawberry,New York Mets®,,
83A-ED,Eric Davis,Cincinnati Reds®,,
83A-FME,Francisco Mejia,Cleveland Indians®,,Rookie
83A-GC,Garrett Cooper,New York Yankees®,,Rookie
83A-GMA,Greg Maddux,Atlanta BravesTM,,
83A-GS,Gary Sanchez,New York Yankees®,,
83A-HB,Harrison Bader,St. Louis Cardinals®,,Rookie
83A-JBR,Jose Berrios,Minnesota Twins®,,
83A-JCR,J.P. Crawford,Philadelphia Phillies®,,Rookie
83A-JD,J.D. Davis,Houston Astros®,,Rookie
83A-JE,Jerad Eickhoff,Philadelphia Phillies®,,
83A-JF,Jacob Faria,Tampa Bay RaysTM,,
83A-JHA,Josh Hader,Milwaukee BrewersTM,,
83A-JST,Jackson Stephens,Cincinnati Reds®,,Rookie
83A-JTH,Jim Thome,Cleveland Indians®,,
83A-JW,Jesse Winker,Cincinnati Reds®,,
83A-KBO,Keon Broxton,Milwaukee BrewersTM,,
83A-LG,Lucas Giolito,Chicago White Sox®,,
83A-MA,Miguel Andujar,New York Yankees®,,Rookie
83A-MC,Mike Clevinger,Cleveland Indians®,,
83A-MF,Max Fried,Atlanta BravesTM,,Rookie
83A-MK,Max Kepler,Minnesota Twins®,,
83A-ML,Mark Leiter,Philadelphia Phillies®,,
83A-MO,Matt Olson,Oakland AthleticsTM,,
83A-ND,Nicky Delmonico,Chicago White Sox®,,Rookie
83A-PB,Paul Blackburn,Oakland AthleticsTM,,Rookie
83A-PBR,Parker Bridwell,Angels®,,Rookie
83A-PD,Paul DeJong,St. Louis Cardinals®,,
83A-RD,Rafael Devers,Boston Red Sox®,,Rookie
83A-RM,Ryan McMahon,Colorado RockiesTM,,Rookie
83A-RS,Ryne Sandberg,Chicago Cubs®,,
83A-SS,Steven Souza Jr.,Tampa Bay RaysTM,,
83A-TW,Tyler Wade,New York Yankees®,,Rookie
83A-VR,Victor Robles,Washington Nationals®,,Rookie
83A-WB,Wade Boggs,Boston Red Sox®,,
83A-ZG,Zack Granite,Minnesota Twins®,,Rookie
WORLD CHAMPION AUTOGRAPH CARDS,,,,
WCA-AR,Alex Bregman,Houston,Astros®,
WCA-CC,Carlos Correa,Houston,Astros®,
WCA-GS,George Springer,Houston,Astros®,
WCA-JM,Joe Musgrove,Houston,Astros®,
WCA-KG,Ken Giles,Houston,Astros®,
WCA-YG,Yuli Gurriel,Houston,Astros®,

POSTSEASON PERFORMANCE AUTOGRAPH CARDS,,,
PSPA-CB,Cody Bellinger,Los Angeles Dodgers®,
PSPA-DG,Didi Gregorius,New York Yankees®,
PSPA-GB,Greg Bird,New York Yankees®,
PSPA-GS,Gary Sanchez,New York Yankees®,
PSPA-JB,Javier Baez,Chicago Cubs®,
PSPA-JL,Jake Lamb,Arizona Diamondbacks®,
PSPA-JR,Jay Bruce,Cleveland Indians®,
PSPA-KB,Kris Bryant,Chicago Cubs®,
PSPA-PG,Paul Goldschmidt,Arizona Diamondbacks®,
PSPA-RD,Rafael Devers,Boston Red Sox®,
MLB AWARDS AUTOGRAPH (RETAIL),,,
MLBA-AG,Alex Gordon,Kansas City Royals®,
MLBA-AR,Anthony Rizzo,Chicago Cubs®,
MLBA-BB,Byron Buxton,Minnesota Twins®,
MLBA-BP,Buster Posey,San Francisco Giants®,
MLBA-CB,Charlie Blackmon,Colorado RockiesTM,
MLBA-CBE,Cody Bellinger,Los Angeles Dodgers®,Rookie
MLBA-CK,Corey Kluber,Cleveland Indians®,
MLBA-CKI,Craig Kimbrel,Boston Red Sox®,
MLBA-EI,Ender Inciarte,Atlanta BravesTM,
MLBA-EL,Evan Longoria,Tampa Bay RaysTM,
MLBA-GSA,Gary Sanchez,New York Yankees®,
MLBA-GSP,George Springer,Houston Astros®,
MLBA-JR,Jose Ramirez,Cleveland Indians®,
MLBA-MST,Marcus Stroman,Toronto Blue Jays®,
MLBA-PG,Paul Goldschmidt,Arizona Diamondbacks®,
MLBA-PGO,Paul Goldschmidt,Arizona Diamondbacks®,
DEREK JETER HIGHLIGHTS AUTOGRAPH (TARGET),,,
DJH-1,Derek Jeter,New York Yankees®,
DJH-2,Derek Jeter,New York Yankees®,
DJH-3,Derek Jeter,New York Yankees®,
DJH-4,Derek Jeter,New York Yankees®,
DJH-5,Derek Jeter,New York Yankees®,
DJH-6,Derek Jeter,New York Yankees®,
DJH-7,Derek Jeter,New York Yankees®,
DJH-8,Derek Jeter,New York Yankees®,
DJH-9,Derek Jeter,New York Yankees®,
DJH-10,Derek Jeter,New York Yankees®,
DJH-11,Derek Jeter,New York Yankees®,
DJH-12,Derek Jeter,New York Yankees®,
DJH-13,Derek Jeter,New York Yankees®,
DJH-14,Derek Jeter,New York Yankees®,
DJH-15,Derek Jeter,New York Yankees®,
KRIS BRYANT HIGHLIGHTS AUTOGRAPH (WALMART),,,
KBH-1,Kris Bryant,Chicago Cubs®,
KBH-2,Kris Bryant,Chicago Cubs®,
KBH-3,Kris Bryant,Chicago Cubs®,
KBH-4,Kris Bryant,Chicago Cubs®,

KBH-5,Kris,Bryant,Chicago,Cubs®
KBH-6,Kris,Bryant,Chicago,Cubs®
KBH-7,Kris,Bryant,Chicago,Cubs®
KBH-8,Kris,Bryant,Chicago,Cubs®
KBH-9,Kris,Bryant,Chicago,Cubs®
KBH-10,Kris,Bryant,Chicago,Cubs®
LEGENDS IN THE MAKING AUTOGRAPH (RETAIL),,,,
LTMA-AR,Anthony Rizzo,,Chicago Cubs®,
LTMA-CA,Chris Sale,,Boston Red Sox®,
LTMA-CB,Cody Bellinger,,Los Angeles Dodgers®,
LTMA-CC,Carlos Correa,,Houston Astros®,
LTMA-CS,Corey Seager,,Los Angeles Dodgers®,
LTMA-FF,Freddie Freeman,,Atlanta BravesTM,
LTMA-JV,Joey Votto,,Cincinnati Reds®,
LTMA-KB,Kris Bryant,,Chicago Cubs®,
LTMA-MM,Manny Machado,,Baltimore Orioles®,
LTMA-MT,Mike Trout,,Angels®,
LTMA-NS,Noah Syndergaard,,New York Mets®,
LTMA-PG,Paul Goldschmidt,,Arizona Diamondbacks®,
LTMA-YM,Yoan Moncada,,Chicago White Sox®,
HOME RUN CHALLENGE,,,,
HRC-AD,Adam Duvall,,Cincinnati Reds®,
HRC-AE,Anthony Rendon,,Washington Nationals®,
HRC-AJ,Aaron Judge,,New York Yankees®,
HRC-AM,Andrew McCutchen,,Pittsburgh Pirates®,
HRC-AO,Adam Jones,,Baltimore Orioles®,
HRC-AR,Anthony Rizzo,,Chicago Cubs®,
HRC-BD,Brian Dozier,,Minnesota Twins®,
HRC-BH,Bryce Harper,,Washington Nationals®,
HRC-CB,Cody Bellinger,,Los Angeles Dodgers®,
HRC-CD,Corey Dickerson,,Tampa Bay RaysTM,
HRC-CL,Charlie Blackmon,,Colorado RockiesTM,
HRC-EE,Edwin Encarnacion,,Cleveland Indians®,
HRC-ET,Eric Thames,,Milwaukee BrewersTM,
HRC-FF,Freddie Freeman,,Atlanta BravesTM,
HRC-GA,Gary Sanchez,,New York Yankees®,
HRC-GP,George Springer,,Houston Astros®,
HRC-GS,Giancarlo Stanton,,Miami Marlins®,
HRC-JA,Jose Abreu,,Chicago White Sox®,
HRC-JB,Jay Bruce,,Cleveland Indians®,
HRC-JC,Jonathan Schoop,,Baltimore Orioles®,
HRC-JG,Joey Gallo,,Texas Rangers®,
HRC-JL,Jake Lamb,,Arizona Diamondbacks®,
HRC-JM,J.D. Martinez,,Arizona Diamondbacks®,
HRC-JS,Justin Smoak,,Toronto Blue Jays®,
HRC-JU,Justin Upton,,Angels®,
HRC-JV,Joey Votto,,Cincinnati Reds®,
HRC-KB,Kris Bryant,,Chicago Cubs®,
HRC-KD,Khris Davis,,Oakland AthleticsTM,
HRC-LM,Logan Morrison,,Tampa Bay RaysTM,

HRC-MA,Manny Machado,Baltimore Orioles®
HRC-MC,Michael Conforto,New York Mets®
HRC-MD,Matt Davidson,Chicago White Sox®
HRC-MM,Mike Moustakas,Kansas City Royals®
HRC-MN,Mike Napoli,Texas Rangers®
HRC-MO,Marcell Ozuna,Miami Marlins®
HRC-MR,Mark Reynolds,Colorado RockiesTM
HRC-MS,Miguel Sano,Minnesota Twins®
HRC-MT,Mike Trout,Angels®
HRC-NA,Nolan Arenado,Colorado RockiesTM
HRC-NC,Nelson Cruz,Seattle MarinersTM
HRC-PG,Paul Goldschmidt,Arizona Diamondbacks®
HRC-RO,Rougned Odor,Texas Rangers®
HRC-RZ,Ryan Zimmerman,Washington Nationals®
HRC-SC,Scott Schebler,Cincinnati Reds®
HRC-SS,Steven Souza Jr.,Tampa Bay RaysTM
HRC-TM,Trey Mancini,Baltimore Orioles®
HRC-TS,Travis Shaw,Milwaukee BrewersTM
HRC-WC,Willson Contreras,Chicago Cubs®
HRC-WM,Wil Myers,San Diego PadresTM
HRC-YA,Yonder Alonso,Seattle MarinersTM
SKETCH CARD ARTISTS LIST,,
Bob Stevlic,,
Carlos Cabaleiro,,
Todd Aaron Smith,,
Darrin Pepe,,
Michael James Horgan,,
Lee Brown,,
Matt Stewart,,
Gerry Garcia,,
Juan Rosales,,
Phil Hassewer,,
