2017 TOPPS BASEBALL UPDATE SERIES,,,,
BASE,,,,
US1,Aaron Judge,New York Yankees,Rookie,MLB HR Derby
US2,Domingo German,New York Yankees,Rookie,
US3,Paul Sewald,New York Mets,Rookie,
,Tyler Pill,New York Mets,Rookie,
US4,Matt Chapman,Oakland Athletics,Rookie,
US5,Casey Fien,Philadelphia Phillies,,
US6,Ramon Torres,Kansas City Royals,Rookie,
US7,Willy Garcia,Chicago White Sox,Rookie,
,Adam Engel,Chicago White Sox,Rookie,
US8,Yulieski Gurriel,Houston Astros,Rookie,Rookie Debut
US9,George Springer,Houston Astros,,MLB All-Stars
US10,Ian Happ,Chicago Cubs,Rookie,
US11,Gary Sanchez,New York Yankees,,MLB HR Derby
US12,Lisalverto Bonilla,Cincinnati Reds,,
US13,Brian McCann,Houston Astros,,
US14,BLAST OFF!,Houston Astros,,
US15,Kyle Higashioka,New York Yankees,Rookie,
US16,Rafael Bautista,Washington Nationals,Rookie,
US17,Chris Archer,Tampa Bay Rays,,MLB All-Stars
US18,Mookie Betts,Boston Red Sox,,MLB All-Stars
US19,Eric Skoglund,Kansas City Royals,Rookie,
US20,Jason Vargas,Kansas City Royals,,MLB All-Stars
US21,Christian Arroyo,San Francisco Giants,Rookie,Rookie Debut
US22,Hunter Renfroe,San Diego Padres,Rookie,Rookie Debut
US23,Derek Holland,Chicago White Sox,,
US24,Joe Smith,Toronto Blue Jays,,
US25,Christian Arroyo,San Francisco Giants,Rookie,
US26,Steve Pearce,Toronto Blue Jays,,
US27,Nolan Arenado,Colorado Rockies,,MLB All-Stars
US28,Drew Robinson,Texas Rangers,,Rookie
US29,Drew Steckenrider,Miami Marlins,Rookie,
US30,Danny Ortiz,Pittsburgh Pirates,Rookie,
US31,Danny Santana,Atlanta Braves,,
US32,Luis Torrens,San Diego Padres,Rookie,
US33,Salvador Perez,Kansas City Royals,,MLB All-Stars
US34,Nelson Cruz,Seattle Mariners,,MLB All-Stars
US35,Dinelson Lamet,San Diego Padres,Rookie,
US36,Adam Lind,Washington Nationals,,
US37,Ian Happ,Chicago Cubs,Rookie,Rookie Debut
US38,Cody Bellinger,Los Angeles Dodgers,Rookie,MLB All-Stars
US39,Charlie Morton,Houston Astros,,
US40,Pat Neshek,Philadelphia Phillies,,
US41,Mitch Haniger,Arizona Diamondbacks,Rookie,Rookie Debut
US42,Seth Smith,Baltimore Orioles,,
US43,Joey Votto,Cincinnati Reds,,MLB All-Stars
US44,Chicago Cubs,Chicago Cubs,,
US45,Johan Camargo,Atlanta Braves,Rookie,
US46,Dylan Covey,Chicago White Sox,Rookie,
US47,Yadier Molina,St. Louis Cardinals,,MLB All-Stars
US48,Ariel Hernandez,Cincinnati Reds,Rookie,
US49,Austin Bibens-Dirkx,Texas Rangers,Rookie,
US50,Cody Bellinger,Los Angeles Dodgers,Rookie,
US51,Jorge Bonifacio,Kansas City Royals,Rookie,
US52,Michael Fulmer,Detroit Tigers,,MLB All-Stars
US53,Barrett Astin,Cincinnati Reds,Rookie,
US54,Ronald Torreyes,New York Yankees,,
US55,Luis Severino,New York Yankees,,MLB All-Stars
US56,Jake Junis,Kansas City Royals,Rookie,
US57,CHARGED-UP BATTERY,Toronto Blue Jays,,
US58,Ervin Santana,Minnesota Twins,,
US59,Matt Joyce,Oakland Athletics,,
US60,Kyle Freeland,Colorado Rockies,Rookie,
US61,Matt Szczur,San Diego Padres,,
US62,Travis Wood,Kansas City Royals,,
US63,Andrew Cashner,Texas Rangers,,
US64,Corey Kluber,Cleveland Indians,,MLB All-Stars
US65,Giancarlo Stanton,Miami Marlins,,MLB HR Derby
US66,Jose Osuna,Pittsburgh Pirates,Rookie,
US67,Avisail Garcia,Chicago White Sox,,MLB All-Stars
US68,Jered Weaver,San Diego Padres,,
US69,Alex Avila,Detroit Tigers,,
US70,Josh Reddick,Houston Astros,,
US71,Junichi Tazawa,Miami Marlins,,
US72,Joaquin Benoit,Philadelphia Phillies,,
US73,Jason Grilli,Texas Rangers,,
US74,Ryne Stanek,Tampa Bay Rays,Rookie,
US75,Jake Buchanan,Cincinnati Reds,,
US76,Miguel Montero,Toronto Blue Jays,,
US77,Mike Moustakas,Kansas City Royals,,MLB All-Stars
US78,Jarlin Garcia,Miami Marlins,Rookie,
US79,Nick Goody,Cleveland Indians,,
US80,Ichiro,Miami Marlins,,
US81,Clay Buchholz,Philadelphia Phillies,,

US82,Matt Boyd,Detroit Tigers,,
US83,Carlos Ruiz,Seattle Mariners,,
US84,Michael Brantley,Cleveland Indians,,MLB All-Stars
US85,Tommy Milone,New York Mets,,
US86,Clayton Richard,San Diego Padres,,
US87,Chris Sale,Boston Red Sox,,MLB All-Stars
US88,Jorge Soler,Kansas City Royals,,
US89,Casey Lawrence,Seattle Mariners,Rookie,
US90,Derek Fisher,Houston Astros,Rookie,
US91,Jordan Montgomery,New York Yankees,Rookie,
US92,Anthony Alford,Toronto Blue Jays,Rookie,
US93,Jesse Chavez,Angels,,
US94,Justin Upton,Detroit Tigers,,MLB All-Stars
US95,Stephen Strasburg,Washington Nationals,,MLB All-Stars
US96,Brett Phillips,Milwaukee Brewers,Rookie,
US97,Alexi Amarista,Colorado Rockies,,
US98,Andrew Moore,Seattle Mariners,Rookie,
US99,Aaron Judge,New York Yankees,Rookie,Rookie Debut
US100,Chris Sale,Boston Red Sox,,
US101,Magneuris Sierra,St. Louis Cardinals,Rookie,
US102,Dovydas Neverauskas,Pittsburgh Pirates,Rookie,
,Gift Ngoepe,Pittsburgh Pirates,Rookie,
US103,Matt Adams,Atlanta Braves,,
US104,Sam Gaviglio,Seattle Mariners,Rookie,
US105,John Brebbia,St. Louis Cardinals,Rookie,
US106,Kendrys Morales,Toronto Blue Jays,,
US107,Andrew Bailey,Angels,,
US108,Wilson Ramos,Tampa Bay Rays,,
US109,Ben Revere,Angels,,
US110,Corey Seager,Los Angeles Dodgers,,MLB All-Stars
US111,“MEAT” OF THE METS,New York Mets,,
US112,Ryan Zimmerman,Washington Nationals,,MLB All-Stars
US113,Franklin Barreto,Oakland Athletics,Rookie,Rookie Debut
US114,Pat Neshek,Philadelphia Phillies,,MLB All-Stars
US115,“M” IS FOR “MASHING”,American LeagueTM,,
US116,Tyler Glasnow,Pittsburgh Pirates,Rookie,Rookie Debut
US117,Neftali Feliz,Kansas City Royals,,
US118,Bradley Zimmer,Cleveland Indians,Rookie,Rookie Debut
US119,Greg Holland,Colorado Rockies,,
US120,Carlos Beltran,Houston Astros,,
US121,Daniel Murphy,Washington Nationals,,MLB All-Stars
US122,COMING TO AMERICA,American LeagueTM,,
US123,Colby Rasmus,Tampa Bay Rays,,
US124,Nick Hundley,San Francisco Giants,,
US125,Yoan Moncada,Boston Red Sox,Rookie,Rookie Debut
US126,Austin Slater,San Francisco Giants,Rookie,
US127,Antonio Senzatela,Colorado Rockies,Rookie,
US128,Ervin Santana,Minnesota Twins,,MLB All-Stars
US129,Brooks Pounders,Angels,,
US130,Zack Greinke,Arizona Diamondbacks,,MLB All-Stars
US131,Doug Fister,Boston Red Sox,,
US132,Dallas Keuchel,Houston Astros,,MLB All-Stars
US133,Keynan Middleton,Angels,Rookie,
US134,Justin Bour,Miami Marlins,,MLB HR Derby
US135,Chase De Jong,Seattle Mariners,Rookie,
US136,Josh Harrison,Pittsburgh Pirates,,MLB All-Stars
US137,Daniel Hudson,Pittsburgh Pirates,,
US138,Logan Verrett,Baltimore Orioles,,
US139,Luis Castillo,Cincinnati Reds,Rookie,
US140,Sal Romano,Cincinnati Reds,Rookie,
US141,Bryce Harper,Washington Nationals,,MLB All-Stars
US142,Tzu-Wei Lin,Boston Red Sox,Rookie,
US143,Trevor Cahill,San Diego Padres,,
US144,Charlie Blackmon,Colorado Rockies,,MLB All-Stars
US145,Dillon Overton,San Diego Padres,,
US146,David Dahl,Colorado Rockies,Rookie,Rookie Debut
US147,Jose Alvarado,Tampa Bay Rays,Rookie,
,Austin Pruitt,Tampa Bay Rays,Rookie,
US148,THE NEXT DYNASTY,New York Yankees,,
US149,James Pazos,Seattle Mariners,,
US150,Alex Bregman,Houston Astros,Rookie,Rookie Debut
US151,Yandy Diaz,Cleveland Indians,Rookie,
US152,Robinson Cano,Seattle Mariners,,MLB All-Stars
US153,Robbie Ray,Arizona Diamondbacks,,MLB All-Stars
US154,Franklin Gutierrez,Los Angeles Dodgers,,
US155,RUN AND HIT,Cincinnati Reds,,
US156,Yu Darvish,Texas Rangers,,MLB All-Stars
US157,Corey Dickerson,Tampa Bay Rays,,MLB All-Stars
US158,Phillip Ervin,Cincinnati Reds,Rookie,
US159,JT Riddle,Miami Marlins,Rookie,
US160,Ben Lively,Philadelphia Phillies,Rookie,
,Andrew Knapp,Philadelphia Phillies,Rookie,
US161,Justin Haley,Minnesota Twins,Rookie,
US162,Sean Newcomb,Atlanta Braves,Rookie,
US163,Edinson Volquez,Miami Marlins,,
US164,Carlos Martinez,St. Louis Cardinals,,MLB All-Stars
US165,Boone Logan,Cleveland Indians,,

US166,Aaron Judge,New York Yankees,Rookie,MLB All-Stars
US167,Drew Smyly,Seattle Mariners,,
US168,Michael Conforto,New York Mets,,MLB All-Stars
US169,A.J. Ellis,Miami Marlins,,
US170,Cameron Maybin,Angels,,
US171,Brock Stassi,Philadelphia Phillies,Rookie,
US172,Jason Hammel,Kansas City Royals,,
US173,Chris Coghlan,Toronto Blue Jays,,
US174,Brandon Moss,Kansas City Royals,,
US175,Jose Altuve,Houston Astros,,MLB All-Stars
US176,HISTORY MAKERS,Chicago Cubs,,
US177,Jake Lamb,Arizona Diamondbacks,,MLB All-Stars
US178,Stuart Turner,Cincinnati Reds,Rookie,
US179,Pierce Johnson,Chicago Cubs,Rookie,
US180,Mike Moustakas,Kansas City Royals,,MLB HR Derby
US181,Emilio Pagan,Seattle Mariners,Rookie,
US182,Jaime Garcia,Atlanta Braves,,
US183,Taylor Motter,Seattle Mariners,,
US184,Jean Segura,Seattle Mariners,,
US185,BIRDS IN THE GARDEN,St. Louis Cardinals,,
US186,Jose De Leon,Tampa Bay Rays,Rookie,
US187,Jaycob Brugman,Oakland Athletics,Rookie,
US188,Trevor Plouffe,Tampa Bay Rays,,
US189,Chad Bell,Detroit Tigers,Rookie,
US190,Brad Goldberg,Chicago White Sox,Rookie,
US191,Corey Knebel,Milwaukee Brewers,,MLB All-Stars
US192,Jacob May,Chicago White Sox,Rookie,
US193,Orlando Arcia,Milwaukee Brewers,Rookie,Rookie Debut
US194,Derek Fisher,Houston Astros,Rookie,Rookie Debut
US195,Fernando Rodney,Arizona Diamondbacks,,
US196,Brad Hand,San Diego Padres,,MLB All-Stars
US197,Dellin Betances,New York Yankees,,MLB All-Stars
US198,Chih-Wei Hu,Tampa Bay Rays,Rookie,
US199,Brett Cecil,St. Louis Cardinals,,
US200,Yoan Moncada,Chicago White Sox,Rookie,
US201,Nolan Fontana,Angels,Rookie,
US202,Kenley Jansen,Los Angeles Dodgers,,MLB All-Stars
US203,Joe Blanton,Washington Nationals,,
US204,Chris Heston,Minnesota Twins,,
US205,Zack Cozart,Cincinnati Reds,,MLB All-Stars
US206,PARTNERS IN POP,Milwaukee Brewers,,
US207,Kurt Suzuki,Atlanta Braves,,
US208,Randy Rosario,Minnesota Twins,Rookie,
US209,Josh Hader,Milwaukee Brewers,Rookie,
US210,Sammy Solis,Washington Nationals,,
US211,Rookie Davis,Cincinnati Reds,Rookie,
US212,Jose Quintana,Chicago Cubs,,
US213,Yovani Gallardo,Seattle Mariners,,
US214,Cody Bellinger,Los Angeles Dodgers,Rookie,Rookie Debut
US215,Joe Jimenez,Detroit Tigers,Rookie,
US216,J.P. Howell,Toronto Blue Jays,,
US217,Howie Kendrick,Philadelphia Phillies,,
US218,Greg Holland,Colorado Rockies,,MLB All-Stars
US219,Paul DeJong,St. Louis Cardinals,Rookie,
US220,Jeff Locke,Miami Marlins,,
US221,Mark Zagunis,Chicago Cubs,Rookie,
US222,Jose Ramirez,Cleveland Indians,,MLB All-Stars
US223,Clayton Kershaw,Los Angeles Dodgers,,MLB All-Stars
US224,Wade Davis,Chicago Cubs,,MLB All-Stars
US225,Andrew Benintendi,Boston Red Sox,Rookie,Rookie Debut
US226,Lewis Brinson,Milwaukee Brewers,Rookie,
US227,Trey Mancini,Baltimore Orioles,Rookie,Rookie Debut
US228,Wade Davis,Chicago Cubs,,
US229,Tyson Ross,Texas Rangers,,
US230,DJ LeMahieu,Colorado Rockies,,MLB All-Stars
US231,Reynaldo Lopez,Chicago White Sox,Rookie,
US232,Marcell Ozuna,Miami Marlins,,MLB All-Stars
US233,Taijuan Walker,Arizona Diamondbacks,,
US234,Francisco Lindor,Cleveland Indians,,MLB All-Stars
US235,Nick Pivetta,Philadelphia Phillies,Rookie,
,Ricardo Pinto,Philadelphia Phillies,Rookie,
US236,Starlin Castro,New York Yankees,,MLB All-Stars
US237,Buster Posey,San Francisco Giants,,MLB All-Stars
US238,Chris Bostick,Pittsburgh Pirates,Rookie,
US239,Neil Ramirez,New York Mets,,
US240,Jacob Faria,Tampa Bay Rays,Rookie,
US241,Ryon Healy,Oakland Athletics,Rookie,Rookie Debut
US242,Mike Hauschild,Texas Rangers,Rookie,
US243,Hector Velazquez,Boston Red Sox,Rookie,
US244,Justin Turner,Los Angeles Dodgers,,MLB All-Stars
US245,Yonder Alonso,Oakland Athletics,,MLB All-Stars
US246,Marc Rzepczynski,Seattle Mariners,,
US247,Dansby Swanson,Atlanta Braves,Rookie,Rookie Debut
US248,Ender Inciarte,Atlanta Braves,,MLB All-Stars
US249,Alex Reyes,St. Louis Cardinals,Rookie,Rookie Debut
US250,Daniel Robertson,Tampa Bay Rays,Rookie,
US251,Daniel Descalso,Arizona Diamondbacks,,

US252,Mike Dunn,Colorado Rockies,,
US253,Matt Belisle,Minnesota Twins,,
US254,Amir Garrett,Cincinnati Reds,Rookie,Rookie Debut
US255,Stefan Crichton,Baltimore Orioles,Rookie,
US256,Mike Ohlman,Toronto Blue Jays,Rookie,
US257,Alex Wood,Los Angeles Dodgers,,MLB All-Stars
US258,Francis Martes,Houston Astros,Rookie,
US259,Tyler Austin,New York Yankees,Rookie,Rookie Debut
US260,Carlos Correa,Houston Astros,,MLB All-Stars
US261,Max Scherzer,Washington Nationals,,MLB All-Stars
US262,Fernando Salas,New York Mets,,
US263,Brian Duensing,Chicago Cubs,,
US264,Boog Powell,Seattle Mariners,Rookie,
US265,Eric Young Jr.,Angels,,
US266,Jett Bandy,Milwaukee Brewers,,
US267,Jhoulys Chacin,San Diego Padres,,
US268,Miguel Sano,Minnesota Twins,,MLB HR Derby
US269,Craig Kimbrel,Boston Red Sox,,MLB All-Stars
US270,Gary Sanchez,New York Yankees,,MLB All-Stars
US271,Jesse Winker,Cincinnati Reds,Rookie,
US272,Justin Smoak,Toronto Blue Jays,,MLB All-Stars
US273,Dwight Smith,Toronto Blue Jays,Rookie,
US274,Mitch Moreland,Boston Red Sox,,
US275,Bradley Zimmer,Cleveland Indians,Rookie,
US276,Allen Cordoba,San Diego Padres,Rookie,
,Franchy Cordero,San Diego Padres,Rookie,
US277,Paul Goldschmidt,Arizona Diamondbacks,,MLB All-Stars
US278,Rajai Davis,Oakland Athletics,,
US279,Franklin Barreto,Oakland Athletics,Rookie,
US280,Brett Anderson,Chicago Cubs,,
US281,Luke Voit,St. Louis Cardinals,Rookie,
US282,Michael Martinez,Cleveland Indians,,
US283,Adam Eaton,Washington Nationals,,
US284,Peter Bourjos,Tampa Bay Rays,,
US285,Scott Feldman,Cincinnati Reds,,
US286,Jeff Hoffman,Colorado Rockies,Rookie,Rookie Debut
US287,Mark Leiter Jr.,Philadelphia Phillies,Rookie,
US288,Miguel Sano,Minnesota Twins,,MLB All-Stars
US289,Sam Travis,Boston Red Sox,Rookie,
US290,Anthony Rendon,Washington Nationals,,
US291,Andrew Miller,Cleveland Indians,,MLB All-Stars
US292,Jonathan Schoop,Baltimore Orioles,,MLB All-Stars
US293,Tuffy Gosewisch,Seattle Mariners,,
US294,Bobby Wahl,Oakland Athletics,Rookie,
US295,Ben Taylor,Boston Red Sox,Rookie,
US296,Giancarlo Stanton,Miami Marlins,,MLB All-Stars
US297,Reymin Guduan,Houston Astros,Rookie,
,Jordan Jankowski,Houston Astros,Rookie,
US298,Brett Eibner,Los Angeles Dodgers,,
US299,Charlie Blackmon,Colorado Rockies,,MLB HR Derby
US300,Cody Bellinger,Los Angeles Dodgers,Rookie,MLB HR Derby
BASE CLEAR VARIATION,,,,
US2,Domingo German,New York Yankees,Rookie,
US4,Matt Chapman,Oakland Athletics,Rookie,
US6,Ramon Torres,Kansas City Royals,Rookie,
US10,Ian Happ,Chicago Cubs,Rookie,
US13,Brian McCann,Houston Astros,,
US15,Kyle Higashioka,New York Yankees,Rookie,
US16,Rafael Bautista,Washington Nationals,Rookie,
US19,Eric Skoglund,Kansas City Royals,Rookie,
US25,Christian Arroyo,San Francisco Giants,Rookie,
US28,Drew Robinson,Texas Rangers,Rookie,
US29,Drew Steckenrider,Miami Marlins,Rookie,
US30,Danny Ortiz,Pittsburgh Pirates,Rookie,
US32,Luis Torrens,San Diego Padres,Rookie,
US35,Dinelson Lamet,San Diego Padres,Rookie,
US40,Pat Neshek,Philadelphia Phillies,,
US45,Johan Camargo,Atlanta Braves,Rookie,
US46,Dylan Covey,Chicago White Sox,Rookie,
US48,Ariel Hernandez,Cincinnati Reds,Rookie,
US49,Austin Bibens-Dirkx,Texas Rangers,Rookie,
US50,Cody Bellinger,Los Angeles Dodgers,Rookie,
US51,Jorge Bonifacio,Kansas City Royals,Rookie,
US53,Barrett Astin,Cincinnati Reds,Rookie,
US54,Ronald Torreyes,New York Yankees,,
US56,Jake Junis,Kansas City Royals,Rookie,
US60,Kyle Freeland,Colorado Rockies,Rookie,
US63,Andrew Cashner,Texas Rangers,,
US66,Jose Osuna,Pittsburgh Pirates,Rookie,
US70,Josh Reddick,Houston Astros,,
US74,Ryne Stanek,Tampa Bay Rays,Rookie,
US78,Jarlin Garcia,Miami Marlins,Rookie,
US89,Casey Lawrence,Seattle Mariners,Rookie,
US90,Derek Fisher,Houston Astros,Rookie,
US91,Jordan Montgomery,New York Yankees,Rookie,

US92,Anthony Alford,Toronto Blue Jays,Rookie
US96,Brett Phillips,Milwaukee Brewers,Rookie
US98,Andrew Moore,Seattle Mariners,Rookie
US100,Chris Sale,Boston Red Sox,
US101,Magneuris Sierra,St. Louis Cardinals,Rookie
US103,Matt Adams,Atlanta Braves,
US104,Sam Gaviglio,Seattle Mariners,Rookie
US105,John Brebbia,St. Louis Cardinals,Rookie
US106,Kendrys Morales,Toronto Blue Jays,
US120,Carlos Beltran,Houston Astros,
US126,Austin Slater,San Francisco Giants,Rookie
US127,Antonio Senzatela,Colorado Rockies,Rookie
US133,Keynan Middleton,Angels,Rookie
US135,Chase De Jong,Seattle Mariners,Rookie
US139,Luis Castillo,Cincinnati Reds,Rookie
US140,Sal Romano,Cincinnati Reds,Rookie
US142,Tzu-Wei Lin,Boston Red Sox,Rookie
US151,Yandy Diaz,Cleveland Indians,Rookie
US158,Phillip Ervin,Cincinnati Reds,Rookie
US159,JT Riddle,Miami Marlins,Rookie
US161,Justin Haley,Minnesota Twins,Rookie
US162,Sean Newcomb,Atlanta Braves,Rookie
US163,Edinson Volquez,Miami Marlins,
US170,Cameron Maybin,Angels,
US171,Brock Stassi,Philadelphia Phillies,Rookie
US178,Stuart Turner,Cincinnati Reds,Rookie
US179,Pierce Johnson,Chicago Cubs,Rookie
US181,Emilio Pagan,Seattle Mariners,Rookie
US184,Jean Segura,Seattle Mariners,
US186,Jose De Leon,Tampa Bay Rays,Rookie
US187,Jaycob Brugman,Oakland Athletics,Rookie
US189,Chad Bell,Detroit Tigers,Rookie
US190,Brad Goldberg,Chicago White Sox,Rookie
US192,Jacob May,Chicago White Sox,Rookie
US198,Chih-Wei Hu,Tampa Bay Rays,Rookie
US200,Yoan Moncada,Chicago White Sox,Rookie
US201,Nolan Fontana,Angels,Rookie
US208,Randy Rosario,Minnesota Twins,Rookie
US209,Josh Hader,Milwaukee Brewers,Rookie
US211,Rookie Davis,Cincinnati Reds,Rookie
US212,Jose Quintana,Chicago Cubs,
US215,Joe Jimenez,Detroit Tigers,Rookie
US219,Paul DeJong,St. Louis Cardinals,Rookie
US221,Mark Zagunis,Chicago Cubs,Rookie
US226,Lewis Brinson,Milwaukee Brewers,Rookie
US231,Reynaldo Lopez,Chicago White Sox,
US233,Taijuan Walker,Arizona Diamondbacks,
US238,Chris Bostick,Pittsburgh Pirates,Rookie
US240,Jacob Faria,Tampa Bay Rays,Rookie
US242,Mike Hauschild,Texas Rangers,Rookie
US243,Hector Velazquez,Boston Red Sox,Rookie
US250,Daniel Robertson,Tampa Bay Rays,Rookie
US255,Stefan Crichton,Baltimore Orioles,Rookie
US256,Mike Ohlman,Toronto Blue Jays,Rookie
US258,Francis Martes,Houston Astros,Rookie
US264,Boog Powell,Seattle Mariners,Rookie
US271,Jesse Winker,Cincinnati Reds,Rookie
US273,Dwight Smith,Toronto Blue Jays,Rookie
US274,Mitch Moreland,Boston Red Sox,
US275,Bradley Zimmer,Cleveland Indians,Rookie
US279,Franklin Barreto,Oakland Athletics,Rookie
US281,Luke Voit,St. Louis Cardinals,Rookie
US283,Adam Eaton,Washington Nationals,
US287,Mark Leiter Jr.,Philadelphia Phillies,Rookie
US289,Sam Travis,Boston Red Sox,Rookie
US294,Bobby Wahl,Oakland Athletics,Rookie
US295,Ben Taylor,Boston Red Sox,Rookie
INSERT,,,
TOPPS SALUTE,,,
USS-1,Mike Trout,Angels,
USS-2,Jose Altuve,Houston Astros,
USS-3,Nelson Cruz,Seattle Mariners,
USS-4,Francisco Lindor,Cleveland Indians,
USS-5,Koda Glover,Washington Nationals,Rookie
USS-6,Manny Machado,Baltimore Orioles,
USS-7,Ichiro,Miami Marlins,
USS-8,Jesse Winker,Cincinnati Reds,Rookie
USS-9,Ian Happ,Chicago Cubs,Rookie
USS-10,Clayton Kershaw,Los Angeles Dodgers,
USS-11,Mitch Haniger,Seattle Mariners,Rookie
USS-12,Mitch Haniger,Seattle Mariners,Rookie
USS-13,Tim Anderson,Chicago White Sox,
USS-14,Franklin Barreto,Oakland Athletics,Rookie

USS-15,Jeff Hoffman,Colorado Rockies,Rookie
USS-16,Alex Bregman,Houston Astros,
USS-17,George Springer,Houston Astros,
USS-18,Antonio Senzatela,Colorado Rockies,Rookie
USS-19,Lewis Brinson,Milwaukee Brewers,Rookie
USS-20,Chris Sale,Boston Red Sox,
USS-21,Sean Newcomb,Atlanta Braves,Rookie
USS-22,Manny Margot,San Diego Padres,Rookie
USS-23,Bradley Zimmer,Cleveland Indians,Rookie
USS-24,Javier Baez,Chicago Cubs,
USS-25,Masahiro Tanaka,New York Yankees,
USS-26,Gerrit Cole,Pittsburgh Pirates,
USS-27,Kendrys Morales,Toronto Blue Jays,
USS-28,Max Scherzer,Washington Nationals,
USS-29,Andrew Benintendi,Boston Red Sox,Rookie
USS-30,Bryce Harper,Washington Nationals,
USS-31,Dansby Swanson,Atlanta Braves,Rookie
USS-32,Josh Reddick,Houston Astros,
USS-33,Keon Broxton,Milwaukee Brewers,
USS-34,Amir Garrett,Cincinnati Reds,Rookie
USS-35,Jordan Montgomery,New York Yankees,Rookie
USS-36,Marcell Ozuna,Miami Marlins,
USS-37,Starling Marte,Pittsburgh Pirates,
USS-38,Michael Pineda,New York Yankees,
USS-39,Nomar Mazara,Texas Rangers,
USS-40,Daniel Murphy,Washington Nationals,
USS-41,Christian Arroyo,San Francisco Giants,Rookie
USS-42,Billy Hamilton,Cincinnati Reds,
USS-43,Cody Bellinger,Los Angeles Dodgers,Rookie
USS-44,Randal Grichuk,St. Louis Cardinals,
USS-45,Ryan Braun,Milwaukee Brewers,
USS-46,Jose Bautista,Toronto Blue Jays,
USS-47,Andrew McCutchen,Pittsburgh Pirates,
USS-48,Mark Trumbo,Baltimore Orioles,
USS-49,Kyle Freeland,Colorado Rockies,Rookie
USS-50,Anthony Rizzo,Chicago Cubs,
MLB MVP AWARD INSERT,,,
MVP-1,Mike Trout,Angels,
MVP-2,Roger Clemens,Boston Red Sox,
MVP-3,Rickey Henderson,Oakland Athletics,
MVP-4,Clayton Kershaw,Los Angeles Dodgers,
MVP-5,Frank Thomas,Chicago White Sox,
MVP-6,Sandy Koufax,Los Angeles Dodgers,
MVP-7,Chipper Jones,Atlanta Braves,
MVP-8,Ichiro,Seattle Mariners,
MVP-9,Roger Maris,New York Yankees,
MVP-10,Kris Bryant,Chicago Cubs,
MVP-11,Ken Griffey Jr.,Seattle Mariners,
MVP-12,Jackie Robinson,Brooklyn Dodgers,
MVP-13,Reggie Jackson,Oakland Athletics,
MVP-14,Joey Votto,Cincinnati Reds,
MVP-15,Cal Ripken Jr.,Baltimore Orioles,
MVP-16,Brooks Robinson,Baltimore Orioles,
MVP-17,Babe Ruth,New York Yankees,
MVP-18,Bryce Harper,Washington Nationals,
MVP-19,Roberto Clemente,Pittsburgh Pirates,
MVP-20,Carl Yastrzemski,Boston Red Sox,
MVP-21,George Brett,Kansas City Royals,
MVP-22,Josh Donaldson,Toronto Blue Jays,
MVP-23,Don Mattingly,New York Yankees,
MVP-24,Buster Posey,San Francisco Giants,
MVP-25,Ty Cobb,Detroit Tigers,
MVP-26,Ernie Banks,Chicago Cubs,
MVP-27,Lou Gehrig,New York Yankees,
MVP-28,Ted Williams,Boston Red Sox,
MVP-29,Johnny Bench,Cincinnati Reds,
MVP-30,Hank Aaron,Milwaukee Braves,
TOPPS ALL ROOKIE CUP,,,
ARC-1,Chipper Jones,Atlanta Braves,
ARC-2,Stephen Strasburg,Washington Nationals,
ARC-3,Eddie Murray,Baltimore Orioles,
ARC-4,Andre Dawson,Montreal Expos,
ARC-5,Mike Trout,Angels,
ARC-6,Ichiro,Seattle Mariners,
ARC-7,Ryan Braun,Milwaukee Brewers,
ARC-8,Derek Jeter,New York Yankees,
ARC-9,Willie McCovey,San Francisco Giants,
ARC-10,Joe Mauer,Minnesota Twins,
ARC-11,Jeff Bagwell,Houston Astros,
ARC-12,Evan Longoria,Tampa Bay Rays,
ARC-13,Cal Ripken Jr.,Baltimore Orioles,
ARC-14,Cal Ripken Jr.,Baltimore Orioles,
ARC-15,Ivan Rodriguez,Texas Rangers,
ARC-16,Ryne Sandberg,Chicago Cubs,
ARC-17,Johnny Bench,Cincinnati Reds,

ARC-18,Tom Seaver,New York Mets,
ARC-19,Andrew McCutchen,Pittsburgh Pirates,
ARC-20,Yasiel Puig,Los Angeles Dodgers,
ARC-21,Anthony Rizzo,Chicago Cubs,
ARC-22,Ken Griffey Jr.,Seattle Mariners,
ARC-23,Buster Posey,San Francisco Giants,
ARC-24,Tony Pérez,Cincinnati Reds,
ARC-25,Carlton Fisk,Boston Red Sox,
ARC-26,Fernando Valenzuela,Los Angeles Dodgers,
ARC-27,Mike Piazza,Los Angeles Dodgers,
ARC-28,Dustin Pedroia,Boston Red Sox,
ARC-29,Tim Raines,Montreal Expos,
ARC-30,Noah Syndergaard,New York Mets,
ARC-31,Billy Williams,Chicago Cubs,
ARC-32,Joey Votto,Cincinnati Reds,
ARC-33,Justin Verlander,Detroit Tigers,
ARC-34,George Springer,Houston Astros,
ARC-35,Jose Canseco,Oakland Athletics,
ARC-36,Nomar Garciaparra,Boston Red Sox,
ARC-37,Gary Carter,Montreal Expos,
ARC-38,Kris Bryant,Chicago Cubs,
ARC-39,Nolan Arenado,Colorado Rockies,
ARC-40,Masahiro Tanaka,New York Yankees,
ARC-41,Mark McGwire,Oakland Athletics,
ARC-42,Giancarlo Stanton,Miami MarlinsTM,
ARC-43,Ozzie Smith,San Diego Padres,
ARC-44,Prince Fielder,Milwaukee Brewers,
ARC-45,Bryce Harper,Washington Nationals,
ARC-46,Yu Darvish,Texas Rangers,
ARC-47,Joe Morgan,Houston Astros,
ARC-48,Rod Carew,Minnesota Twins,
ARC-49,Albert Pujols,St. Louis Cardinals,
ARC-50,Carlos Correa,Houston Astros,
UNTOUCHABLES,,,
U-1,Pedro Martinez,Montreal Expos,
U-2,Jake Arrieta,Chicago Cubs,
U-3,Warren Spahn,Milwaukee Braves,
U-4,Justin Verlander,Detroit Tigers,
U-5,Roy Halladay,Toronto Blue Jays,
U-6,Tom Glavine,Atlanta Braves,
U-7,CC Sabathia,Cleveland Indians,
U-8,Bartolo Colon,Los Angeles Angels,
U-9,Felix Hernandez,Seattle Mariners,
U-10,Sandy Koufax,Los Angeles Dodgers,
U-11,Dallas Keuchel,Houston Astros,
U-12,Greg Maddux,Atlanta Braves,
U-13,John Smoltz,Atlanta Braves,
U-14,Tim Lincecum,San Francisco Giants,
U-15,Roger Clemens,Boston Red Sox,
U-16,Steve Carlton,Philadelphia Phillies,
U-17,Pedro Martinez,Boston Red Sox,
U-18,Roy Halladay,Philadelphia Phillies,
U-19,Randy Johnson,Arizona Diamondbacks,
U-20,Jim Palmer,Baltimore Orioles,
U-21,Clayton Kershaw,Los Angeles Dodgers,
U-22,Max Scherzer,Washington Nationals,
U-23,Tom Seaver,New York Mets,
U-24,Roger Clemens,Toronto Blue Jays,
U-25,Randy Johnson,Seattle Mariners,
U-26,Rick Porcello,Boston Red Sox,
U-27,Corey Kluber,Cleveland Indians,
U-28,Greg Maddux,Chicago Cubs,
U-29,Whitey Ford,New York Yankees,
U-30,Roger Clemens,New York Yankees,
1987 ROOKIES AND TRADES,,,
US87-1,Bryce Harper,Washington Nationals,
US87-2,Amir Garrett,Cincinnati Reds,Rookie
US87-3,Noah Syndergaard,New York Mets,
US87-4,Manny Machado,Baltimore Orioles,
US87-5,Adam Eaton,Washington Nationals,
US87-6,Starlin Castro,New York Yankees,
US87-7,Dexter Fowler,St. Louis Cardinals,
US87-8,Dallas Keuchel,Houston Astros,
US87-9,Brandon Phillips,Atlanta Braves,
US87-10,Mike Trout,Angels,
US87-11,Edwin Diaz,Seattle Mariners,Rookie
US87-12,Dee Gordon,Miami Marlins,
US87-13,Mitch Haniger,Seattle Mariners,Rookie
US87-14,Koda Glover,Washington Nationals,Rookie
US87-15,Jean Segura,Seattle Mariners,
US87-16,Jeff Hoffman,Colorado Rockies,Rookie
US87-17,Antonio Senzatela,Colorado Rockies,Rookie
US87-18,Magneuris Sierra,St. Louis Cardinals,Rookie
US87-19,Matt Holliday,New York Yankees,

US87-20,Kris Bryant,Chicago Cubs,
US87-21,Matt Wieters,Washington Nationals,
US87-22,Dylan Bundy,Baltimore Orioles,
US87-23,Billy Hamilton,Cincinnati Reds,
US87-24,Orlando Arcia,Milwaukee Brewers,Rookie
US87-25,Andrew Benintendi,Boston Red Sox,Rookie
US87-26,Jake Lamb,Arizona Diamondbacks,
US87-27,Jesse Winker,Cincinnati Reds,Rookie
US87-28,Marcell Ozuna,Miami Marlins,
US87-29,Chris Sale,Boston Red Sox,
US87-30,Christian Arroyo,San Francisco Giants,Rookie
US87-31,Edwin Encarnacion,Cleveland Indians,
US87-32,Yonder Alonso,Oakland Athletics,
US87-33,Jose Ramirez,Atlanta Braves,
US87-34,Cody Bellinger,Los Angeles Dodgers,Rookie
US87-35,Aaron Judge,New York Yankees,Rookie
US87-36,Eric Thames,Milwaukee Brewers,
US87-37,Christian Yelich,Miami Marlins,
US87-38,Lucas Giolito,Chicago White Sox,
US87-39,Corey Seager,Los Angeles Dodgers,
US87-40,Ian Desmond,Colorado Rockies,
US87-41,Aroldis Chapman,New York Yankees,
US87-42,Jordan Montgomery,New York Yankees,Rookie
US87-43,Khris Davis,Oakland Athletics,
US87-44,Joey Gallo,Texas Rangers,
US87-45,Franklin Barreto,Oakland Athletics,Rookie
US87-46,Bradley Zimmer,Cleveland Indians,Rookie
US87-47,Lewis Brinson,Milwaukee Brewers,Rookie
US87-48,Ian Happ,Chicago Cubs,Rookie
US87-49,Sean Newcomb,Atlanta Braves,Rookie
US87-50,Adalberto Mejia,Minnesota Twins,Rookie
POSTSEASON CELEBRATION,,,
PC-1,Toronto Blue Jays,Toronto Blue Jays,
PC-2,San Francisco Giants,San Francisco Giants,
PC-3,Philadelphia Phillies,Philadelphia Phillies,
PC-4,Detroit Tigers,Detroit Tigers,
PC-5,Chicago White Sox,Chicago White Sox,
PC-6,New York Mets,New York Mets,
PC-7,St. Louis Cardinals,St. Louis Cardinals,
PC-8,New York Yankees,New York Yankees,
PC-9,Oakland Athletics,Oakland Athletics,
PC-10,St. Louis Cardinals,St. Louis Cardinals,
PC-11,San Francisco Giants,San Francisco Giants,
PC-12,Boston Red Sox,Boston Red Sox,
PC-13,Oakland Athletics,Oakland Athletics,
PC-14,Pittsburgh Pirates,Pittsburgh Pirates,
PC-15,Kansas City Royals,Kansas City Royals,
PC-16,New York Yankees,New York Yankees,
PC-17,Chicago Cubs,Chicago Cubs,
PC-18,Angels,Angels,
PC-19,Philadelphia Phillies,Philadelphia Phillies,
PC-20,Boston Red Sox,Boston Red Sox,
PC-21,Boston Red Sox,Boston Red Sox,
PC-22,San Francisco Giants,San Francisco Giants,
PC-23,Pittsburgh Pirates,Pittsburgh Pirates,
PC-24,New York Yankees,New York Yankees,
PC-25,Brooklyn Dodgers,Brooklyn Dodgers,
HEROES OF AUTUMN,,,
HA-1,Randy Johnson,Arizona Diamondbacks,
HA-2,Frank Robinson,Baltimore Orioles,
HA-3,Anthony Rizzo,Chicago Cubs,
HA-4,Roberto Alomar,Toronto Blue Jays,
HA-5,Albert Pujols,St. Louis Cardinals,
HA-6,Luis Gonzalez,Arizona Diamondbacks,
HA-7,George Brett,Kansas City Royals,
HA-8,Sandy Koufax,Los Angeles Dodgers,
HA-9,Andy Pettitte,New York Yankees,
HA-10,Reggie Jackson,New York Yankees,
HA-11,Babe Ruth,New York Yankees,
HA-12,Ben Zobrist,Chicago Cubs,
HA-13,Brooks Robinson,Baltimore Orioles,
HA-14,Willie Stargell,Pittsburgh Pirates,
HA-15,Dennis Eckersley,Oakland Athletics,
HA-16,Pedro Martinez,Boston Red Sox,
HA-17,Tom Glavine,Atlanta Braves,
HA-18,Buster Posey,San Francisco Giants,
HA-19,Johnny Bench,Cincinnati Reds,
HA-20,Rickey Henderson,Oakland Athletics,
HA-21,Derek Jeter,New York Yankees,
HA-22,Roger Clemens,New York Yankees,
HA-23,John Smoltz,Atlanta Braves,
HA-24,David Ortiz,Boston Red Sox,
HA-25,Jackie Robinson,Brooklyn Dodgers,
STORIED WORLD SERIES,,,

SWS-1,1907,Chicago Cubs,Chicago Cubs,
SWS-2,1999,New York YankeesNew York Yankees,,
SWS-3,1963,Los Angeles DodgersLos Angeles Dodgers,,
SWS-4,1984,Detroit Tigers,Detroit Tigers,
SWS-5,1905,New York Giants New York Giants,,
SWS-6,1967,St. Louis CardinalsSt. Louis Cardinals,,
SWS-7,1979,Pittsburgh Pirates Pittsburgh Pirates,,
SWS-8,2004,Boston Red Sox Boston Red Sox,,
SWS-9,1932,New York YankeesNew York Yankees,,
SWS-10,1961,New York YankeesNew York Yankees,,
SWS-11,1995,Atlanta Braves,Atlanta Braves,
SWS-12,1954,New York Giants New York Giants,,
SWS-13,1970,Baltimore Orioles Baltimore Orioles,,
SWS-14,2016,Chicago Cubs,Chicago Cubs,
SWS-15,1936,New York YankeesNew York Yankees,,
SWS-16,1939,New York YankeesNew York Yankees,,
SWS-17,1989,Oakland Athletics Oakland Athletics,,
SWS-18,1948,Cleveland IndiansCleveland Indians,,
SWS-19,1969,New York Mets New York Mets,,
SWS-20,1986,New York Mets New York Mets,,
SWS-21,1955,Brooklyn DodgersBrooklyn Dodgers,,
SWS-22,1942,St. Louis CardinalsSt. Louis Cardinals,,
SWS-23,1909,Pittsburgh Pirates Pittsburgh Pirates,,
SWS-24,1998,New York YankeesNew York Yankees,,
SWS-25,1927,New York YankeesNew York Yankees,,
MLB NETWORK,,,,
MLBN-4,Tim Flannery,,MLB,Network
MLBN-8,Christopher Russo,,MLB,Network
MLBN-12,Tom Verducci,,MLB,Network
MLBN-13,Joel Sherman,,MLB,Network
MLBN-21,Matt Yallof,,MLB,Network
MLBN-23,Paul Severino,,MLB,Network
MLBN-26,Scott Braun,,MLB,Network
MLBN-28,Heidi Watney,,MLB,Network
MLBN-30,Ken Rosenthal,,MLB,Network
COMMEMORATIVE RELICS,,,,
MLB MVP AWARD CARDS,,,,
MVPR-AD,Andre Dawson,,Chicago Cubs,
MVPR-AM,Andrew McCutchen,,Pittsburgh Pirates,
MVPR-AP,Albert Pujols,,St. Louis Cardinals,
MVPR-AR,Alex Rodriguez,,New York Yankees,
MVPR-BH,Bryce Harper,,Washington Nationals,
MVPR-BL,Barry Larkin,,Cincinnati Reds,
MVPR-BP,Buster Posey,,San Francisco Giants,
MVPR-BRO,Brooks Robinson,,Baltimore Orioles,
MVPR-CJ,Chipper Jones,,Atlanta Braves,
MVPR-CK,Clayton Kershaw,,Los Angeles Dodgers,
MVPR-CRI,Cal Ripken Jr.,,Baltimore Orioles,
MVPR-CRJ,Cal Ripken Jr.,,Baltimore Orioles,
MVPR-CY,Carl Yastrzemski,,Boston Red Sox,
MVPR-DM,Don Mattingly,,New York Yankees,
MVPR-EBA,Ernie Banks,,Chicago Cubs,
MVPR-EBN,Ernie Banks,,Chicago Cubs,
MVPR-FRB,Frank Robinson,,Cincinnati Reds,
MVPR-FRO,Frank Robinson,,Baltimore Orioles,
MVPR-FT,Frank Thomas,,Chicago White Sox,
MVPR-GB,George Brett,,Kansas City Royals,
MVPR-HA,Hank Aaron,,Milwaukee Braves,
MVPR-I,Ichiro,,Seattle Mariners,
MVPR-IR,Ivan Rodriguez,,Texas Rangers,
MVPR-JB2,Johnny Bench,,Cincinnati Reds,
MVPR-JBA,Jeff Bagwell,,Houston Astros,
MVPR-JBE,Johnny Bench,,Cincinnati Reds,
MVPR-JC,Jose Canseco,,Oakland Athletics,
MVPR-JD,Josh Donaldson,,Toronto Blue Jays,
MVPR-JM,Joe Morgan,,Cincinnati Reds,
MVPR-JR,Jackie Robinson,,Brooklyn Dodgers,
MVPR-JVE,Justin Verlander,,Detroit Tigers,
MVPR-JVO,Joey Votto,,Cincinnati Reds,
MVPR-KB,Kris Bryant,,Chicago Cubs,
MVPR-KG,Ken Griffey Jr.,,Seattle Mariners,
MVPR-MC,Miguel Cabrera,,Detroit Tigers,
MVPR-MTO,Mike Trout,,Angels,
MVPR-MTR,Mike Trout,,Angels,
MVPR-RCA,Rod Carew,,Minnesota Twins,
MVPR-RCE,Roberto Clemente,,Pittsburgh Pirates,
MVPR-RCL,Roger Clemens,,Boston Red Sox,
MVPR-RH,Rickey Henderson,,Oakland Athletics,
MVPR-RJ,Reggie Jackson,,Oakland Athletics,
MVPR-RM,Roger Maris,,New York Yankees,
MVPR-RS,Ryne Sandberg,,Chicago Cubs,
MVPR-RY,Robin Yount,,Milwaukee Brewers,
MVPR-SK,Sandy Koufax,,Los Angeles Dodgers,

MVPR-TWI,Ted Williams,Boston Red Sox
MVPR-TWL,Ted Williams,Boston Red Sox
MVPR-WM,Willie McCovey,San Francisco Giants
MVPR-WS,Willie Stargell,Pittsburgh Pirates
HANK AARON AWARD CARDS,,
HA-AP,Albert Pujols,St. Louis Cardinals
HA-AR,Alex Rodriguez,New York Yankees
HA-BH,Bryce Harper,Washington Nationals
HA-BP,Buster Posey,San Francisco Giants
HA-DJE,Derek Jeter,New York Yankees
HA-DJT,Derek Jeter,New York Yankees
HA-DO,David Ortiz,Boston Red Sox
HA-GS,Giancarlo Stanton,Miami Marlins
HA-JB,Jose Bautista,Toronto Blue Jays
HA-JD,Josh Donaldson,Toronto Blue Jays
HA-JV,Joey Votto,Cincinnati Reds
HA-KB,Kris Bryant,Chicago Cubs
HA-MC,Miguel Cabrera,Detroit Tigers
HA-MT,Mike Trout,Angels
HA-PG,Paul Goldschmidt,Arizona Diamondbacks
RELICS,,
ALL STAR STITCHES,,
ASR-AG,Avisail Garcia,Chicago White Sox
ASR-AJ,Aaron Judge,New York Yankees
ASR-AM,Andrew Miller,Cleveland Indians
ASR-AW,Alex Wood,Los Angeles Dodgers
ASR-BH,Bryce Harper,Washington Nationals
ASR-BHA,Brad Hand,San Diego Padres
ASR-BK,Brandon Kintzler,Minnesota Twins
ASR-BP,Buster Posey,San Francisco Giants
ASR-CA,Chris Archer,Tampa Bay Rays
ASR-CB,Cody Bellinger,Los Angeles Dodgers
ASR-CBL,Charlie Blackmon,Colorado Rockies
ASR-CC,Carlos Correa,Houston Astros
ASR-CD,Corey Dickerson,Tampa Bay Rays
ASR-CK,Clayton Kershaw,Los Angeles Dodgers
ASR-CKI,Craig Kimbrel,Boston Red Sox
ASR-CKL,Corey Kluber,Cleveland Indians
ASR-CKN,Corey Knebel,Milwaukee Brewers
ASR-CM,Carlos Martinez,St. Louis Cardinals
ASR-CS,Corey Seager,Los Angeles Dodgers
ASR-CSA,Chris Sale,Boston Red Sox
ASR-DB,Dellin Betances,New York Yankees
ASR-DK,Dallas Keuchel,Houston Astros
ASR-DL,DJ LeMahieu,Colorado Rockies
ASR-DM,Daniel Murphy,Washington Nationals
ASR-EI,Ender Inciarte,Atlanta Braves
ASR-ES,Ervin Santana,Minnesota Twins
ASR-FL,Francisco Lindor,Cleveland Indians
ASR-GH,Greg Holland,Colorado Rockies
ASR-GS,Giancarlo Stanton,Miami Marlins
ASR-GSA,Gary Sanchez,New York Yankees
ASR-GSP,George Springer,Houston Astros
ASR-JA,Jose Altuve,Houston Astros
ASR-JH,Josh Harrison,Pittsburgh Pirates
ASR-JL,Jake Lamb,Arizona Diamondbacks
ASR-JR,Jose Ramirez,Cleveland Indians
ASR-JS,Jonathan Schoop,Baltimore Orioles
ASR-JSM,Justin Smoak,Toronto Blue Jays
ASR-JT,Justin Turner,Los Angeles Dodgers
ASR-JU,Justin Upton,Detroit Tigers
ASR-JV,Jason Vargas,Kansas City Royals
ASR-JVO,Joey Votto,Cincinnati Reds
ASR-KJ,Kenley Jansen,Los Angeles Dodgers
ASR-LM,Lance McCullers,Houston Astros
ASR-LS,Luis Severino,New York Yankees
ASR-MB,Mookie Betts,Boston Red Sox
ASR-MBR,Michael Brantley,Cleveland Indians
ASR-MC,Michael Conforto,New York Mets
ASR-MF,Michael Fulmer,Detroit Tigers
ASR-MM,Mike Moustakas,Kansas City Royals
ASR-MO,Marcell Ozuna,Miami Marlins
ASR-MS,Max Scherzer,Washington Nationals
ASR-MSA,Miguel Sano,Minnesota Twins
ASR-NA,Nolan Arenado,Colorado Rockies
ASR-NC,Nelson Cruz,Seattle Mariners
ASR-PG,Paul Goldschmidt,Arizona Diamondbacks
ASR-RC,Robinson Cano,Seattle Mariners
ASR-RO,Roberto Osuna,Toronto Blue Jays
ASR-RR,Robbie Ray,Arizona Diamondbacks
ASR-RZ,Ryan Zimmerman,Washington Nationals
ASR-SC,Starlin Castro,New York Yankees
ASR-SP,Salvador Perez,Kansas City Royals
ASR-SS,Stephen Strasburg,Washington Nationals

ASR-WD,Wade Davis,Chicago Cubs,
ASR-YA,Yonder Alonso,Oakland Athletics,
ASR-YD,Yu Darvish,Texas Rangers,
ASR-YM,Yadier Molina,St. Louis Cardinals,
ASR-ZC,Zack Cozart,Cincinnati Reds,
ASR-ZG,Zack Greinke,Arizona Diamondbacks,
ALL STAR JUMBO PATCHES,,,
ASJ-AJ,Aaron Judge,New York Yankees,Rookie
ASJ-AM,Andrew Miller,Cleveland Indians,
ASJ-BH,Bryce Harper,Washington Nationals,
ASJ-BP,Buster Posey,San Francisco Giants,
ASJ-CB,Cody Bellinger,Los Angeles Dodgers,Rookie
ASJ-CBL,Charlie Blackmon,Colorado Rockies,
ASJ-CC,Carlos Correa,Houston Astros,
ASJ-CD,Corey Dickerson,Tampa Bay Rays,
ASJ-CK,Clayton Kershaw,Los Angeles Dodgers,
ASJ-CKI,Craig Kimbrel,Boston Red Sox,
ASJ-CKL,Corey Kluber,Cleveland Indians,
ASJ-CM,Carlos Martinez,St. Louis Cardinals,
ASJ-CS,Corey Seager,Los Angeles Dodgers,
ASJ-CSA,Chris Sale,Boston Red Sox,
ASJ-DB,Dellin Betances,New York Yankees,
ASJ-DK,Dallas Keuchel,Houston Astros,
ASJ-DM,Daniel Murphy,Washington Nationals,
ASJ-FL,Francisco Lindor,Cleveland Indians,
ASJ-GS,Giancarlo Stanton,Miami Marlins,
ASJ-GSA,Gary Sanchez,New York Yankees,
ASJ-GSP,George Springer,Houston Astros,
ASJ-JA,Jose Altuve,Houston Astros,
ASJ-JL,Jake Lamb,Arizona Diamondbacks,
ASJ-JR,Jose Ramirez,Cleveland Indians,
ASJ-JSM,Justin Smoak,Toronto Blue Jays,
ASJ-JT,Justin Turner,Los Angeles Dodgers,
ASJ-JU,Justin Upton,Detroit Tigers,
ASJ-JVO,Joey Votto,Cincinnati Reds,
ASJ-KJ,Kenley Jansen,Los Angeles Dodgers,
ASJ-LM,Lance McCullers,Houston Astros,
ASJ-LS,Luis Severino,New York Yankees,
ASJ-MB,Mookie Betts,Boston Red Sox,
ASJ-MBR,Michael Brantley,Cleveland Indians,
ASJ-MC,Michael Conforto,New York Mets,
ASJ-MF,Michael Fulmer,Detroit Tigers,
ASJ-MM,Mike Moustakas,Kansas City Royals,
ASJ-MO,Marcell Ozuna,Miami Marlins,
ASJ-MS,Max Scherzer,Washington Nationals,
ASJ-MSA,Miguel Sano,Minnesota Twins,
ASJ-NA,Nolan Arenado,Colorado Rockies,
ASJ-NC,Nelson Cruz,Seattle Mariners,
ASJ-PG,Paul Goldschmidt,Arizona Diamondbacks,
ASJ-RC,Robinson Cano,Seattle Mariners,
ASJ-RZ,Ryan Zimmerman,Washington Nationals,
ASJ-SC,Starlin Castro,New York Yankees,
ASJ-SP,Salvador Perez,Kansas City Royals,
ASJ-SS,Stephen Strasburg,Washington Nationals,
ASJ-YD,Yu Darvish,Texas Rangers,
ASJ-YM,Yadier Molina,St. Louis Cardinals,
ASJ-ZG,Zack Greinke,Arizona Diamondbacks,
ALL STAR STITCHES DUALS,,,
ASD-AC,Jose Altuve,Houston Astros,
ASD-AC,Carlos Correa,Houston Astros,
ASD-BS,Cody Bellinger,Los Angeles Dodgers,
ASD-BS,Corey Seager,Los Angeles Dodgers,
ASD-CS,George Springer,Houston Astros,
ASD-CS,Carlos Correa,Houston Astros,
ASD-JB,Cody Bellinger,Los Angeles Dodgers,
ASD-JB,Aaron Judge,New York Yankees,
ASD-JS,Gary Sanchez,New York Yankees,
ASD-JS,Aaron Judge,New York Yankees,
ASD-MC,Mookie Betts,Boston Red Sox,
ASD-MC,Chris Sale,Boston Red Sox,
ASD-OS,Giancarlo Stanton,Miami Marlins,
ASD-OS,Marcell Ozuna,Miami Marlins,
ASD-SS,Stephen Strasburg,Washington Nationals,
ASD-SS,Max Scherzer,Washington Nationals,
ALL STAR STITCHES TRIPLES,,,
AST-ACS,George Springer,Houston Astros,
AST-ACS,Jose Altuve,Houston Astros,
AST-ACS,Carlos Correa,Houston Astros,
AST-CMC,Mookie Betts,Boston Red Sox,
AST-CMC,Chris Sale,Boston Red Sox,
AST-CMC,Craig Kimbrel,Boston Red Sox,
AST-GGL,Paul Goldschmidt,Arizona Diamondbacks,
AST-GGL,Zack Greinke,Arizona Diamondbacks,
AST-GGL,Jake Lamb,Arizona Diamondbacks,

AST-KBS,Cody Bellinger,Los Angeles Dodgers
AST-KBS,Clayton Kershaw,Los Angeles Dodgers
AST-KBS,Corey Seager,Los Angeles Dodgers
AST-KLR,Jose Ramirez,Cleveland Indians
AST-KLR,Corey Kluber,Cleveland Indians
AST-KLR,Francisco Lindor,Cleveland Indians
AST-PHB,Buster Posey,San Francisco Giants
AST-PHB,Cody Bellinger,Los Angeles Dodgers
AST-PHB,Bryce Harper,Washington Nationals
AST-SHS,Bryce Harper,Washington Nationals
AST-SHS,Stephen Strasburg,Washington Nationals
AST-SHS,Max Scherzer,Washington Nationals
AST-SJS,Gary Sanchez,New York Yankees
AST-SJS,Aaron Judge,New York Yankees
AST-SJS,Luis Severino,New York Yankees
AST-SKS,Chris Sale,Boston Red Sox
AST-SKS,Max Scherzer,Washington Nationals
AST-SKS,Clayton Kershaw,Los Angeles Dodgers
AST-ZHM,Ryan Zimmerman,Washington Nationals
AST-ZHM,Daniel Murphy,Washington Nationals
AST-ZHM,Bryce Harper,Washington Nationals
IN THE NAME RELICS,,
OTN-AD,Adam Duvall,Cincinnati Reds
OTN-AE,Alcides Escobar,Kansas City Royals
OTN-AG,Adrian Gonzalez,Los Angeles Dodgers
OTN-AJ,Adam Jones,Baltimore Orioles
OTN-AM,Andrew McCutchen,Pittsburgh Pirates
OTN-AP,Albert Pujols,Angels
OTN-ARI,Anthony Rizzo,Chicago Cubs
OTN-ARU,Addison Russell,Chicago Cubs
OTN-AW,Adam Wainwright,St. Louis Cardinals
OTN-BH,Billy Hamilton,Cincinnati Reds
OTN-CA,Chris Archer,Tampa Bay Rays
OTN-CC,Carlos Correa,Houston Astros
OTN-CD,Corey Dickerson,Tampa Bay Rays
OTN-CGO,Carlos Gonzalez,Colorado Rockies
OTN-CGR,Curtis Granderson,New York Mets
OTN-CK,Corey Kluber,Cleveland Indians
OTN-CS,Carlos Santana,Cleveland Indians
OTN-CY,Christian Yelich,Miami Marlins
OTN-DK,Dallas Keuchel,Houston Astros
OTN-DL,DJ LeMahieu,Colorado Rockies
OTN-EI,Ender Inciarte,Atlanta Braves
OTN-EL,Evan Longoria,Tampa Bay Rays
OTN-FF,Freddie Freeman,Atlanta Braves
OTN-FH,Felix Hernandez,Seattle Mariners
OTN-GC,Gerrit Cole,Pittsburgh Pirates
OTN-GP,Gregory Polanco,Pittsburgh Pirates
OTN-GSP,George Springer,Houston Astros
OTN-GST,Giancarlo Stanton,Miami Marlins
OTN-HI,Hisashi Iwakuma,Seattle Mariners
OTN-HJR,Hyun-Jin Ryu,Los Angeles Dodgers
OTN-HR,Hanley Ramirez,Boston Red Sox
OTN-I,Ichiro,Miami Marlins
OTN-JBR,Jackie Bradley Jr.,Boston Red Sox
OTN-JBU,Jose Bautista,Toronto Blue Jays
OTN-JF,Jeurys Familia,New York Mets
OTN-JG,Jon Gray,Colorado Rockies
OTN-JHA,Josh Harrison,Pittsburgh Pirates
OTN-JHE,Jason Heyward,Chicago Cubs
OTN-JMR,J.D. Martinez,Detroit Tigers
OTN-JMU,Joe Mauer,Minnesota Twins
OTN-JPE,Joc Pederson,Los Angeles Dodgers
OTN-JPR,Jurickson Profar,Texas Rangers
OTN-JS,Jonathan Schoop,Baltimore Orioles
OTN-JTA,Jameson Taillon,Pittsburgh Pirates
OTN-JTE,Julio Teheran,Atlanta Braves
OTN-JU,Justin Upton,Detroit Tigers
OTN-JV,Joey Votto,Cincinnati Reds
OTN-Jd,Jacob deGrom,New York Mets
OTN-KG,Kevin Gausman,Baltimore Orioles
OTN-KK,Kevin Kiermaier,Tampa Bay Rays
OTN-KS,Kyle Seager,Seattle Mariners
OTN-KW,Kolten Wong,St. Louis Cardinals
OTN-MB,Mookie Betts,Boston Red Sox
OTN-MCA,Miguel Cabrera,Detroit Tigers
OTN-MCO,Michael Conforto,New York Mets
OTN-MH,Matt Harvey,New York Mets
OTN-MM,Manny Machado,Baltimore Orioles
OTN-MS,Miguel Sano,Minnesota Twins
OTN-MW,Michael Wacha,St. Louis Cardinals
OTN-NA,Nolan Arenado,Colorado Rockies
OTN-NCA,Nick Castellanos,Detroit Tigers
OTN-NCR,Nelson Cruz,Seattle Mariners
OTN-NS,Noah Syndergaard,New York Mets
OTN-RB,Ryan Braun,Milwaukee Brewers

OTN-RC,Robinson Cano,Seattle Mariners,
OTN-RI,Raisel Iglesias,Cincinnati Reds,
OTN-SG,Sonny Gray,Oakland Athletics,
OTN-SM,Starling Marte,Pittsburgh Pirates,
OTN-SP,Salvador Perez,Kansas City Royals,
OTN-TD,Travis d'Arnaud,New York Mets,
OTN-TG,Tyler Glasnow,Pittsburgh Pirates,Rookie
OTN-TT,Troy Tulowitzki,Toronto Blue Jays,
OTN-WF,Wilmer Flores,New York Mets,
OTN-WM,Wil Myers,San Diego Padres,
OTN-XB,Xander Bogaerts,Boston Red Sox,
OTN-YC,Yoenis Cespedes,New York Mets,
OTN-YG,Yan Gomes,Cleveland Indians,
OTN-YM,Yadier Molina,St. Louis Cardinals,
OTN-ZW,Zack Wheeler,New York Mets,
CUT SIGNATURES,,,
CS-DD,Dizzy Dean,St. Louis Cardinals,
CS-DS,Duke Snider,Brooklyn Dodgers,
CS-EB,Ernie Banks,Chicago Cubs,
CS-HG,Hank Greenberg,Detroit Tigers,
CS-JH,"Jim ""Catfish"" Hunter",Oakland Athletics,
CS-SM,Stan Musial,St. Louis Cardinals,
CS-TW,Ted Williams,Boston Red Sox,
CS-WSP,Warren Spahn,Milwaukee Braves,
AUTOGRAPH RELIC,,,
ALL STAR STITCHES AUTOGRAPH CARDS,,,
ASAR-AJ,Aaron Judge,New York Yankees,Rookie
ASAR-BH,Bryce Harper,Washington Nationals,
ASAR-BP,Buster Posey,San Francisco Giants,
ASAR-CB,Cody Bellinger,Los Angeles Dodgers,Rookie
ASAR-CBL,Charlie Blackmon,Colorado Rockies,
ASAR-CC,Carlos Correa,Houston Astros,
ASAR-CK,Clayton Kershaw,Los Angeles Dodgers,
ASAR-CS,Corey Seager,Los Angeles Dodgers,
ASAR-CSA,Chris Sale,Boston Red Sox,
ASAR-FL,Francisco Lindor,Cleveland Indians,
ASAR-GS,George Springer,Houston Astros,
ASAR-JA,Jose Altuve,Houston Astros,
ASAR-JV,Joey Votto,Cincinnati Reds,
ASAR-MC,Michael Conforto,New York Mets,
ASAR-MS,Miguel Sano,Minnesota Twins,
ALL STAR STITCHES DUAL AUTOGRAPH CARDS,,,
ASDA-AC,Jose Altuve,Houston Astros,
ASDA-AC,Carlos Correa,Houston Astros,
ASDA-AS,Jose Altuve,Houston Astros,
ASDA-AS,George Springer,Houston Astros,
ASDA-BS,Cody Bellinger,Los Angeles Dodgers,Rookie
ASDA-BS,Corey Seager,Los Angeles Dodgers,
ASDA-JB,Cody Bellinger,Los Angeles Dodgers,Rookie
ASDA-JB,Aaron Judge,New York Yankees,Rookie
ASDA-KS,Clayton Kershaw,Los Angeles Dodgers,
ASDA-KS,Corey Seager,Los Angeles Dodgers,
ASDA-LK,Corey Kluber,Cleveland Indians,
ASDA-LK,Francisco Lindor,Cleveland Indians,
ALL STAR AUTOGRAPHED JUMBO PATCH,,,
ASJA-AJ,Aaron Judge,New York Yankees,Rookie
ASJA-BH,Bryce Harper,Washington Nationals,
ASJA-BP,Buster Posey,San Francisco Giants,
ASJA-CB,Cody Bellinger,Los Angeles Dodgers,Rookie
ASJA-CC,Carlos Correa,Houston Astros,
ASJA-CK,Clayton Kershaw,Los Angeles Dodgers,
ASJA-CS,Corey Seager,Los Angeles Dodgers,
ASJA-FL,Francisco Lindor,Cleveland Indians,
ASJA-JV,Joey Votto,Cincinnati Reds,
MLB MVP AWARD CARDS AUTOGRAPH PARALLEL,,,
MVPR-JVO,Joey Votto,Cincinnati Reds,
MVPR-RJ,Reggie Jackson,New York Yankees,
MVPR-JC,Jose Canseco,Oakland Athletics,
MVPR-BL,Barry Larkin,Cincinnati Reds,
MVPR-RCA,Rod Carew,Minnesota Twins,
MVPR-JBA,Jeff Bagwell,Houston Astros,
MVPR-DM,Don Mattingly,New York Yankees,
MVPR-RH,Rickey Henderson,Oakland Athletics,
MVPR-BH,Bryce Harper,Washington Nationals,
MVPR-KB,Kris Bryant,Chicago Cubs,
MVPR-CK,Clayton Kershaw,Los Angeles Dodgers,
MVPR-BP,Buster Posey,San Francisco Giants,
MVPR-FT,Frank Thomas,Chicago White Sox,
MVPR-CJ,Chipper Jones,Atlanta Braves,

MVPR-MTO,Mike Trout,Angels,
HANK AARON AWARD CARDS AUTOGRAPH PARALLEL,,,
HA-MT,Mike Trout,Angels,
HA-DJT,Derek Jeter,New York Yankees,
HA-DJE,Derek Jeter,,
HA-JV,Joey Votto,Cincinnati Reds,
HA-BP,Buster Posey,San Francisco Giants,
HA-KB,Kris Bryant,Chicago Cubs,
HA-BH,Bryce Harper,Washington Nationals,
HA-PG,Paul Goldschmidt,Arizona Diamondbacks,
HA-DO,David Ortiz,Boston Red Sox,
AUTOGRAPH,,,
TOPPS SALUTE AUTOGRAPH CARDS,,,
SA-AB,Andrew Benintendi,Boston Red Sox,Rookie
SA-ABE,Andrew Benintendi,Boston Red Sox,Rookie
SA-ABR,Alex Bregman,Houston Astros,Rookie
SA-AG,Amir Garrett,Cincinnati Reds,Rookie
SA-AJ,Aaron Judge,New York Yankees,Rookie
SA-ARI,Anthony Rizzo,Chicago Cubs,
SA-AS,Antonio Senzatela,Colorado Rockies,Rookie
SA-BHM,Billy Hamilton,Cincinnati Reds,
SA-BHR,Bryce Harper,Washington Nationals,
SA-BZ,Bradley Zimmer,Cleveland Indians,Rookie
SA-CA,Christian Arroyo,San Francisco Giants,Rookie
SA-CB,Cody Bellinger,Los Angeles Dodgers,Rookie
SA-CK,Clayton Kershaw,Los Angeles Dodgers,
SA-CS,Chris Sale,Boston Red Sox,
SA-CSE,Corey Seager,Los Angeles Dodgers,
SA-DR,Daniel Robertson,Tampa Bay Rays,Rookie
SA-FL,Francisco Lindor,Cleveland Indians,
SA-GS,George Springer,Houston Astros,
SA-IH,Ian Happ,Chicago Cubs,Rookie
SA-JA,Jose Altuve,Houston Astros,
SA-JBZ,Javier Baez,Chicago Cubs,
SA-JH,Jeff Hoffman,Colorado Rockies,Rookie
SA-JJ,Joe Jimenez,Detroit Tigers,Rookie
SA-JM,Jordan Montgomery,New York Yankees,Rookie
SA-JR,Josh Reddick,Houston Astros,
SA-JW,Jesse Winker,Cincinnati Reds,Rookie
SA-KM,Kendrys Morales,Toronto Blue Jays,
SA-LB,Lewis Brinson,Milwaukee Brewers,Rookie
SA-MHN,Mitch Haniger,Seattle Mariners,Rookie
SA-MMA,Manny Machado,Baltimore Orioles,
SA-MMR,Manny Margot,San Diego Padres,Rookie
SA-MP,Michael Pineda,New York Yankees,
SA-MTO,Mike Trout,Angels,
SA-RG,Randal Grichuk,St. Louis Cardinals,
SA-SM,Starling Marte,Pittsburgh Pirates,
SA-SN,Sean Newcomb,Atlanta Braves,Rookie
1987 ROOKIES AND TRADES AUTOGRAPH VARIATION,,,
87A-AA,Anthony Alford,Toronto Blue Jays,Rookie
87A-ABE,Andrew Benintendi,Boston Red Sox,Rookie
87A-ABR,Alex Bregman,Houston Astros,Rookie
87A-AG,Amir Garrett,Cincinnati Reds,Rookie
87A-AJ,Aaron Judge,New York Yankees,Rookie
87A-AS,Antonio Senzatela,Colorado Rockies,Rookie
87A-BH,Bryce Harper,Washington Nationals,
87A-BPH,Brett Phillips,Milwaukee Brewers,Rookie
87A-BZ,Bradley Zimmer,Cleveland Indians,Rookie
87A-CA,Christian Arroyo,San Francisco Giants,Rookie
87A-CB,Cody Bellinger,Los Angeles Dodgers,Rookie
87A-CE,Carl Edwards Jr.,Chicago Cubs,Rookie
87A-CSA,Chris Sale,Boston Red Sox,
87A-CSE,Corey Seager,Los Angeles Dodgers,
87A-DL,Dinelson Lamet,San Diego Padres,Rookie
87A-EE,Edwin Encarnacion,Cleveland Indians,
87A-ERS,Eddie Rosario,Minnesota Twins,
87A-ET,Eric Thames,Milwaukee Brewers,
87A-FB,Franklin Barreto,Oakland Athletics,Rookie
87A-IH,Ian Happ,Chicago Cubs,Rookie
87A-JBN,Jorge Bonifacio,Kansas City Royals,Rookie
87A-JJ,Joe Jimenez,Detroit Tigers,Rookie
87A-JM,Jordan Montgomery,New York Yankees,Rookie
87A-JW,Jesse Winker,Cincinnati Reds,Rookie
87A-KB,Kris Bryant,Chicago Cubs,
87A-KD,Khris Davis,Oakland Athletics,
87A-KGL,Koda Glover,Washington Nationals,Rookie
87A-LB,Lewis Brinson,Milwaukee Brewers,Rookie
87A-MS,Magneuris Sierra,St. Louis Cardinals,Rookie
87A-MT,Mike Trout,Angels,
87A-NS,Noah Syndergaard,New York Mets,

87A-PD,Paul DeJong,St. Louis Cardinals,,Rookie
87A-PV,Pat Valaika,Colorado Rockies,,Rookie
87A-RSE,Rob Segedin,Los Angeles Dodgers,,Rookie
87A-SN,Sean Newcomb,Atlanta Braves,,Rookie
87A-ST,Sam Travis,Boston Red Sox,,Rookie
87A-YM,Yoan Moncada,Chicago White Sox,,Rookie
MLB NETWORK AUTOGRAPH PARALLEL,,,,
MLBN-8,Christopher Russo,MLB,Network,
MLBN-12,Tom Verducci,MLB,Network,
MLBN-13,Joel Sherman,MLB,Network,
MLBN-21,Matt Yallof,MLB,Network,
MLBN-23,Paul Severino,MLB,Network,
MLBN-26,Scott Braun,MLB,Network,
MLBN-28,Heidi Watney,MLB,Network,
MLBN-30,Ken Rosenthal,MLB,Network,
