Card Set,Number,Player,Team,Seq.
Autographs,1,Kobe Bryant,Los Angeles Lakers,
Autographs,2,Kevin Durant,Oklahoma City Thunder,
Autographs,3,Blake Griffin,Los Angeles Clippers,
Autographs,4,Kyrie Irving,Cleveland Cavaliers,
Autographs,5,Anthony Davis,New Orleans Hornets,
Autographs,6,Michael Kidd-Gilchrist,Kentucky Colonels,
Autographs,7,Brandon Knight,Detroit Pistons,
Autographs,8,Alex English,Denver Nuggets,
Autographs,9,World B. Free,Philadelphia 76ers,
Autographs,10,Kenneth Faried,Denver Nuggets,
Autographs,11,Iman Shumpert,New York Knicks,
Autographs,12,MarShon Brooks,Brooklyn Nets,
Autographs,13,Austin Rivers,New Orleans Hornets,
Autographs,14,Meyers Leonard,Portland Trail Blazers,
Autographs,15,Clyde Lovellette,Minneapolis Lakers,
Autographs,16,Gary Payton,Seattle Supersonics,
Autographs,17,George McGinnis,Indiana Pacers,
Autographs,18,Kendall Marshall,Phoenix Suns,
Autographs,19,John Starks,New York Knicks,
Autographs,20,Terrence Ross,Toronto Raptors,
Autographs,21,Bernard James,Dallas Mavericks,
Autographs,22,Reggie Jackson,Oklahoma City Thunder,
Autographs,23,Sean Elliott,San Antonio Spurs,
Autographs,24,Tyler Honeycutt,Sacramento Kings,
Autographs,25,Jonas Valanciunas,Toronto Raptors,
Autographs,26,Jared Sullinger,Boston Celtics,
Autographs,27,Kenny Anderson,New Jersey Nets,
Autographs,28,Marco Belinelli,Chicago Bulls,
Autographs,29,Michael Finley,Dallas Mavericks,
Autographs,30,Peja Stojakovic,Sacramento Kings,
Autographs,31,Rex Chapman,Charlotte Hornets,
Autographs,32,Reggie Theus,Chicago Bulls,
Autographs,33,Robert Sacre,Los Angeles Lakers,
Autographs,34,Sidney Moncrief,Milwaukee Bucks,
Autographs,35,Tristan Thompson,Cleveland Cavaliers,
Autographs,36,Jimmer Fredette,Sacramento Kings,
Autographs,37,Steve Kerr,Chicago Bulls,
Autographs,38,Tom Chambers,Utah Jazz,
Autographs,39,Terry Porter,Portland Trail Blazers,
Autographs,40,Nikola Vucevic,Orlando Magic,
Autographs,41,Kemba Walker,Charlotte Bobcats,
Autographs,42,Lance Thomas,New Orleans Hornets,
Autographs,43,Vlade Divac,Los Angeles Lakers,
Autographs,44,Tyler Zeller,Cleveland Cavaliers,
Autographs,45,Zydrunas Ilgauskas,Cleveland Cavaliers,
Autographs,46,Tony Wroten,Memphis Grizzlies,
Autographs,47,Ivan Johnson,Atlanta Hawks,
Autographs,48,Jan Vesely,Washington Wizards,
Autographs,49,Jared Cunningham,Dallas Mavericks,
Autographs,50,Jeff Hornacek,Phoenix Suns,
Autographs,51,Justin Hamilton,Miami Heat,
Autographs,52,Will Barton,Portland Trail Blazers,
Autographs,53,Kurt Rambis,Los Angeles Lakers,
Autographs,54,Kareem Abdul-Jabbar,Milwaukee Bucks,
Autographs,55,Miles Plumlee,Indiana Pacers,
Autographs,56,Lenny Wilkens,Cleveland Cavaliers,
Autographs,57,Fab Melo,Boston Celtics,
Autographs,58,Kevin Willis,Atlanta Hawks,
Autographs,59,Kim English,Detroit Pistons,
Autographs,60,Harry Gallatin,New York Knicks,
Autographs,61,Quincy Miller,Denver Nuggets,
Autographs,62,Ralph Sampson,Houston Rockets,
Autographs,63,Thomas Robinson,Sacramento Kings,
Autographs,64,Walter Berry,New Jersey Nets,
Autographs,65,Nate Archibald,Kansas City Kings,
Autographs,66,Lavoy Allen,Philadelphia 76ers,
Autographs,67,Quincy Acy,Toronto Raptors,
Autographs,68,John Henson,Milwaukee Bucks,
Autographs,69,Alec Burks,Utah Jazz,
Autographs,70,Allan Houston,New York Knicks,
Autographs,71,Andrew Goudelock,Los Angeles Lakers,
Autographs,72,Andrew Nicholson,Orlando Magic,
Autographs,73,Chandler Parsons,Houston Rockets,
Autographs,74,Larry Johnson,Charlotte Hornets,
Autographs,75,Mike Scott,Atlanta Hawks,
Autographs,76,DeAndre Liggins,Oklahoma City Thunder,
Autographs,77,Norris Cole,Miami Heat,
Autographs,78,Perry Jones,Oklahoma City Thunder,
Autographs,79,Rolando Blackman,Dallas Mavericks,
Autographs,80,Royce White,Houston Rockets,
Autographs,81,Shelvin Mack,Washington Wizards,
Autographs,82,Terrence Jones,Kentucky Colonels,
Autographs,83,Tyshawn Taylor,Brooklyn Nets,
Autographs,84,Evan Fournier,Denver Nuggets,
Autographs,85,Charles Jenkins,Golden State Warriors,
Autographs,86,Darius Johnson-Odom,Los Angeles Lakers,
Autographs,87,Greg Stiemsma,Minnesota Timberwolves,
Autographs,88,Arnett Moultrie,Philadelphia 76ers,
Autographs,89,Bradley Beal,Washington Wizards,
Autographs,90,Jeremy Lamb,Houston Rockets,
Autographs,91,Marquis Teague,Chicago Bulls,
Autographs,92,Jeff Taylor,Charlotte Bobcats,
Autographs,93,Festus Ezeli,Golden State Warriors,
Autographs,94,Jae Crowder,Dallas Mavericks,
Autographs,95,Draymond Green,Golden State Warriors,
Autographs,96,Dion Waiters,Cleveland Cavaliers,
Autographs,97,Chris Singleton,Washington Wizards,
Autographs,98,Jimmy Butler,Chicago Bulls,
Autographs,99,Malcolm Lee,Minnesota Timberwolves,
Autographs,100,E'Twaun Moore,Houston Rockets,
Autographs Silver,1,Kobe Bryant,Los Angeles Lakers,25
Autographs Silver,2,Kevin Durant,Oklahoma City Thunder,25
Autographs Silver,3,Blake Griffin,Los Angeles Clippers,25
Autographs Silver,4,Kyrie Irving,Cleveland Cavaliers,25
Autographs Silver,5,Anthony Davis,New Orleans Hornets,25
Autographs Silver,6,Michael Kidd-Gilchrist,Kentucky Colonels,25
Autographs Silver,7,Brandon Knight,Detroit Pistons,25
Autographs Silver,8,Alex English,Denver Nuggets,25
Autographs Silver,9,World B. Free,Philadelphia 76ers,25
Autographs Silver,10,Kenneth Faried,Denver Nuggets,25
Autographs Silver,11,Iman Shumpert,New York Knicks,25
Autographs Silver,12,MarShon Brooks,Brooklyn Nets,25
Autographs Silver,13,Austin Rivers,New Orleans Hornets,25
Autographs Silver,14,Meyers Leonard,Portland Trail Blazers,25
Autographs Silver,15,Clyde Lovellette,Minneapolis Lakers,25
Autographs Silver,16,Gary Payton,Seattle Supersonics,25
Autographs Silver,17,George McGinnis,Indiana Pacers,25
Autographs Silver,18,Kendall Marshall,Phoenix Suns,25
Autographs Silver,19,John Starks,New York Knicks,25
Autographs Silver,20,Terrence Ross,Toronto Raptors,25
Autographs Silver,21,Bernard James,Dallas Mavericks,25
Autographs Silver,22,Reggie Jackson,Oklahoma City Thunder,25
Autographs Silver,23,Sean Elliott,San Antonio Spurs,25
Autographs Silver,24,Tyler Honeycutt,Sacramento Kings,25
Autographs Silver,25,Jonas Valanciunas,Toronto Raptors,25
Autographs Silver,26,Jared Sullinger,Boston Celtics,25
Autographs Silver,27,Kenny Anderson,New Jersey Nets,25
Autographs Silver,28,Marco Belinelli,Chicago Bulls,25
Autographs Silver,29,Michael Finley,Dallas Mavericks,25
Autographs Silver,30,Peja Stojakovic,Sacramento Kings,25
Autographs Silver,31,Rex Chapman,Charlotte Hornets,25
Autographs Silver,32,Reggie Theus,Chicago Bulls,25
Autographs Silver,33,Robert Sacre,Los Angeles Lakers,25
Autographs Silver,34,Sidney Moncrief,Milwaukee Bucks,25
Autographs Silver,35,Tristan Thompson,Cleveland Cavaliers,25
Autographs Silver,36,Jimmer Fredette,Sacramento Kings,25
Autographs Silver,37,Steve Kerr,Chicago Bulls,25
Autographs Silver,38,Tom Chambers,Utah Jazz,25
Autographs Silver,39,Terry Porter,Portland Trail Blazers,25
Autographs Silver,40,Nikola Vucevic,Orlando Magic,25
Autographs Silver,41,Kemba Walker,Charlotte Bobcats,25
Autographs Silver,42,Lance Thomas,New Orleans Hornets,25
Autographs Silver,43,Vlade Divac,Los Angeles Lakers,25
Autographs Silver,44,Tyler Zeller,Cleveland Cavaliers,25
Autographs Silver,45,Zydrunas Ilgauskas,Cleveland Cavaliers,25
Autographs Silver,46,Tony Wroten,Memphis Grizzlies,25
Autographs Silver,47,Ivan Johnson,Atlanta Hawks,25
Autographs Silver,48,Jan Vesely,Washington Wizards,25
Autographs Silver,49,Jared Cunningham,Dallas Mavericks,25
Autographs Silver,50,Jeff Hornacek,Phoenix Suns,25
Autographs Silver,51,Justin Hamilton,Miami Heat,25
Autographs Silver,52,Will Barton,Portland Trail Blazers,25
Autographs Silver,53,Kurt Rambis,Los Angeles Lakers,25
Autographs Silver,54,Kareem Abdul-Jabbar,Milwaukee Bucks,25
Autographs Silver,55,Miles Plumlee,Indiana Pacers,25
Autographs Silver,56,Lenny Wilkens,Cleveland Cavaliers,25
Autographs Silver,57,Fab Melo,Boston Celtics,25
Autographs Silver,58,Kevin Willis,Atlanta Hawks,25
Autographs Silver,59,Kim English,Detroit Pistons,25
Autographs Silver,60,Harry Gallatin,New York Knicks,25
Autographs Silver,61,Quincy Miller,Denver Nuggets,25
Autographs Silver,62,Ralph Sampson,Houston Rockets,25
Autographs Silver,63,Thomas Robinson,Sacramento Kings,25
Autographs Silver,64,Walter Berry,New Jersey Nets,25
Autographs Silver,65,Nate Archibald,Kansas City Kings,25
Autographs Silver,66,Lavoy Allen,Philadelphia 76ers,25
Autographs Silver,67,Quincy Acy,Toronto Raptors,25
Autographs Silver,68,John Henson,Milwaukee Bucks,25
Autographs Silver,69,Alec Burks,Utah Jazz,25
Autographs Silver,70,Allan Houston,New York Knicks,25
Autographs Silver,71,Andrew Goudelock,Los Angeles Lakers,25
Autographs Silver,72,Andrew Nicholson,Orlando Magic,25
Autographs Silver,73,Chandler Parsons,Houston Rockets,25
Autographs Silver,74,Larry Johnson,Charlotte Hornets,25
Autographs Silver,75,Mike Scott,Atlanta Hawks,25
Autographs Silver,76,DeAndre Liggins,Oklahoma City Thunder,25
Autographs Silver,77,Norris Cole,Miami Heat,25
Autographs Silver,78,Perry Jones,Oklahoma City Thunder,25
Autographs Silver,79,Rolando Blackman,Dallas Mavericks,25
Autographs Silver,80,Royce White,Houston Rockets,25
Autographs Silver,81,Shelvin Mack,Washington Wizards,25
Autographs Silver,82,Terrence Jones,Kentucky Colonels,25
Autographs Silver,83,Tyshawn Taylor,Brooklyn Nets,25
Autographs Silver,84,Evan Fournier,Denver Nuggets,25
Autographs Silver,85,Charles Jenkins,Golden State Warriors,25
Autographs Silver,86,Darius Johnson-Odom,Los Angeles Lakers,25
Autographs Silver,87,Greg Stiemsma,Minnesota Timberwolves,25
Autographs Silver,88,Arnett Moultrie,Philadelphia 76ers,25
Autographs Silver,89,Bradley Beal,Washington Wizards,25
Autographs Silver,90,Jeremy Lamb,Houston Rockets,25
Autographs Silver,91,Marquis Teague,Chicago Bulls,25
Autographs Silver,92,Jeff Taylor,Charlotte Bobcats,25
Autographs Silver,93,Festus Ezeli,Golden State Warriors,25
Autographs Silver,94,Jae Crowder,Dallas Mavericks,25
Autographs Silver,95,Draymond Green,Golden State Warriors,25
Autographs Silver,96,Dion Waiters,Cleveland Cavaliers,25
Autographs Silver,97,Chris Singleton,Washington Wizards,25
Autographs Silver,98,Jimmy Butler,Chicago Bulls,25
Autographs Silver,99,Malcolm Lee,Minnesota Timberwolves,25
Autographs Silver,100,E'Twaun Moore,Houston Rockets,25
Base,1,LeBron James,Miami Heat,
Base,2,Paul Pierce,Boston Celtics,
Base,3,Jrue Holiday,Philadelphia 76ers,
Base,4,Dwight Howard,Los Angeles Lakers,
Base,5,Danny Granger,Indiana Pacers,
Base,6,Elton Brand,Dallas Mavericks,
Base,7,Deron Williams,Brooklyn Nets,
Base,8,Omer Asik,Houston Rockets,
Base,9,Devin Harris,Atlanta Hawks,
Base,10,DeMarcus Cousins,Sacramento Kings,
Base,11,Arron Afflalo,Orlando Magic,
Base,12,Kirk Hinrich,Chicago Bulls,
Base,13,LaMarcus Aldridge,Portland Trail Blazers,
Base,14,Thabo Sefolosha,Oklahoma City Thunder,
Base,15,Amar'e Stoudemire,New York Knicks,
Base,16,Andris Biedrins,Golden State Warriors,
Base,17,Tayshaun Prince,Detroit Pistons,
Base,18,Al-Farouq Aminu,New Orleans Hornets,
Base,19,Chris Paul,Los Angeles Clippers,
Base,20,Andrea Bargnani,Toronto Raptors,
Base,21,Martell Webster,Minnesota Timberwolves,
Base,22,John Wall,Washington Wizards,
Base,23,Matt Bonner,San Antonio Spurs,
Base,24,Kobe Bryant,Los Angeles Lakers,
Base,25,Paul Millsap,Utah Jazz,
Base,26,Brendan Haywood,Charlotte Bobcats,
Base,27,DeAndre Jordan,Los Angeles Clippers,
Base,28,Andre Iguodala,Denver Nuggets,
Base,29,Nicolas Batum,Portland Trail Blazers,
Base,30,Paul George,Indiana Pacers,
Base,31,Mike Conley,Memphis Grizzlies,
Base,32,Blake Griffin,Los Angeles Clippers,
Base,33,Kevin Garnett,Boston Celtics,
Base,34,Jeremy Lin,Houston Rockets,
Base,35,Kevin Durant,Oklahoma City Thunder,
Base,36,Vince Carter,Dallas Mavericks,
Base,37,Ray Allen,Miami Heat,
Base,38,Marco Belinelli,Chicago Bulls,
Base,39,Corey Brewer,Denver Nuggets,
Base,40,Glen Davis,Orlando Magic,
Base,41,Tyson Chandler,New York Knicks,
Base,42,Eric Gordon,New Orleans Hornets,
Base,43,Andrew Bogut,Golden State Warriors,
Base,44,Tyreke Evans,Sacramento Kings,
Base,45,Pau Gasol,Los Angeles Lakers,
Base,46,Jose Calderon,Toronto Raptors,
Base,47,Russell Westbrook,Oklahoma City Thunder,
Base,48,Ricky Rubio,Minnesota Timberwolves,
Base,49,Stephen Jackson,San Antonio Spurs,
Base,50,Jeff Teague,Atlanta Hawks,
Base,51,Marc Gasol,Memphis Grizzlies,
Base,52,Hollis Thompson,Oklahoma City Thunder,
Base,53,Carlos Boozer,Chicago Bulls,
Base,54,Grant Hill,Los Angeles Clippers,
Base,55,Al Jefferson,Utah Jazz,
Base,56,Evan Turner,Philadelphia 76ers,
Base,57,Kendrick Perkins,Oklahoma City Thunder,
Base,58,Ramon Sessions,Charlotte Bobcats,
Base,59,Danilo Gallinari,Denver Nuggets,
Base,60,DeMar DeRozan,Toronto Raptors,
Base,61,Ryan Anderson,New Orleans Hornets,
Base,62,Brandon Bass,Boston Celtics,
Base,63,Dirk Nowitzki,Dallas Mavericks,
Base,64,Roy Hibbert,Indiana Pacers,
Base,65,Emeka Okafor,Washington Wizards,
Base,66,Channing Frye,Phoenix Suns,
Base,67,Wesley Matthews,Portland Trail Blazers,
Base,68,Corey Maggette,Detroit Pistons,
Base,69,Serge Ibaka,Oklahoma City Thunder,
Base,70,Luke Ridnour,Minnesota Timberwolves,
Base,71,Carmelo Anthony,New York Knicks,
Base,72,Stephen Curry,Golden State Warriors,
Base,73,Luol Deng,Chicago Bulls,
Base,74,J.J. Redick,Orlando Magic,
Base,75,Avery Bradley,Boston Celtics,
Base,76,Rudy Gay,Memphis Grizzlies,
Base,77,Dwyane Wade,Miami Heat,
Base,78,Thaddeus Young,Philadelphia 76ers,
Base,79,Brandon Jennings,Milwaukee Bucks,
Base,80,Manu Ginobili,San Antonio Spurs,
Base,81,Jason Kidd,New York Knicks,
Base,82,Kevin Martin,Houston Rockets,
Base,83,Andrew Bynum,Philadelphia 76ers,
Base,84,Kyle Lowry,Toronto Raptors,
Base,85,Gordon Hayward,Utah Jazz,
Base,86,Al Harrington,Orlando Magic,
Base,87,Gerald Wallace,Brooklyn Nets,
Base,88,Antawn Jamison,Los Angeles Lakers,
Base,89,Caron Butler,Los Angeles Clippers,
Base,90,Anderson Varejao,Cleveland Cavaliers,
Base,91,Nene,Washington Wizards,
Base,92,David Lee,Golden State Warriors,
Base,93,Shane Battier,Miami Heat,
Base,94,Jason Thompson,Sacramento Kings,
Base,95,James Harden,Oklahoma City Thunder,
Base,96,Tyrus Thomas,Charlotte Bobcats,
Base,97,J.J. Barea,Minnesota Timberwolves,
Base,98,Tyler Hansbrough,Indiana Pacers,
Base,99,J.J. Hickson,Portland Trail Blazers,
Base,100,Louis Williams,Atlanta Hawks,
Base,101,Tim Duncan,San Antonio Spurs,
Base,102,Chris Kaman,Dallas Mavericks,
Base,103,Jodie Meeks,Los Angeles Lakers,
Base,104,Ty Lawson,Denver Nuggets,
Base,105,Derrick Favors,Utah Jazz,
Base,106,Luis Scola,Phoenix Suns,
Base,107,Rajon Rondo,Boston Celtics,
Base,108,Hedo Turkoglu,Orlando Magic,
Base,109,Rodney Stuckey,Detroit Pistons,
Base,110,Zach Randolph,Memphis Grizzlies,
Base,111,Steve Novak,New York Knicks,
Base,112,Jon Brockman,Houston Rockets,
Base,113,Steve Nash,Los Angeles Lakers,
Base,114,Joakim Noah,Chicago Bulls,
Base,115,Chase Budinger,Minnesota Timberwolves,
Base,116,Chris Bosh,Miami Heat,
Base,117,Brook Lopez,Brooklyn Nets,
Base,118,Jordan Crawford,Washington Wizards,
Base,119,Luc Mbah a Moute,Milwaukee Bucks,
Base,120,Tony Parker,San Antonio Spurs,
Base,121,Daniel Gibson,Cleveland Cavaliers,
Base,122,Chauncey Billups,Los Angeles Clippers,
Base,123,Brandon Rush,Golden State Warriors,
Base,124,Shawn Marion,Dallas Mavericks,
Base,125,Al Horford,Atlanta Hawks,
Base,126,Raja Bell,Utah Jazz,
Base,127,Daequan Cook,Oklahoma City Thunder,
Base,128,Goran Dragic,Phoenix Suns,
Base,129,Ben Gordon,Charlotte Bobcats,
Base,130,Andre Miller,Denver Nuggets,
Base,131,Jason Richardson,Philadelphia 76ers,
Base,132,Udonis Haslem,Miami Heat,
Base,133,Jason Terry,Boston Celtics,
Base,134,Nick Collison,Oklahoma City Thunder,
Base,135,Kevin Love,Minnesota Timberwolves,
Base,136,Marreese Speights,Memphis Grizzlies,
Base,137,Toney Douglas,Houston Rockets,
Base,138,Charlie Villanueva,Detroit Pistons,
Base,139,Tiago Splitter,San Antonio Spurs,
Base,140,George Hill,Indiana Pacers,
Base,141,Marcin Gortat,Phoenix Suns,
Base,142,Raymond Felton,New York Knicks,
Base,143,O.J. Mayo,Dallas Mavericks,
Base,144,Ersan Ilyasova,Milwaukee Bucks,
Base,145,Derrick Rose,Chicago Bulls,
Base,146,Trevor Ariza,Washington Wizards,
Base,147,Metta World Peace,Los Angeles Lakers,
Base,148,Mario Chalmers,Miami Heat,
Base,149,Joe Johnson,Brooklyn Nets,
Base,150,Josh Smith,Atlanta Hawks,
Base,151,Wilt Chamberlain,Los Angeles Lakers,
Base,152,Pete Maravich,Atlanta Hawks,
Base,153,Bill Russell,Boston Celtics,
Base,154,Oscar Robertson,Milwaukee Bucks,
Base,155,Hakeem Olajuwon,Houston Rockets,
Base,156,Julius Erving,Philadelphia 76ers,
Base,157,Dennis Rodman,Chicago Bulls,
Base,158,Maurice Cheeks,Philadelphia 76ers,
Base,159,Kareem Abdul-Jabbar,Los Angeles Lakers,
Base,160,Anfernee Hardaway,Orlando Magic,
Base,161,David Thompson,Denver Nuggets,
Base,162,Horace Grant,Chicago Bulls,
Base,163,Larry Bird,Boston Celtics,
Base,164,Rolando Blackman,Dallas Mavericks,
Base,165,Larry Johnson,Charlotte Hornets,
Base,166,Shaquille O'Neal,Los Angeles Lakers,
Base,167,Derrick Coleman,New Jersey Nets,
Base,168,Karl Malone,Utah Jazz,
Base,169,Moses Malone,Philadelphia 76ers,
Base,170,Mark Aguirre,Dallas Mavericks,
Base,171,Rudy Tomjanovich,Houston Rockets,
Base,172,Jerry West,Los Angeles Lakers,
Base,173,George Mikan,Minneapolis Lakers,
Base,174,Kelly Tripucka,Utah Jazz,
Base,175,David Robinson,San Antonio Spurs,
Base,176,Scottie Pippen,Chicago Bulls,
Base,177,Danny Manning,Phoenix Suns,
Base,178,Elgin Baylor,Los Angeles Lakers,
Base,179,Charles Oakley,New York Knicks,
Base,180,Sam Jones,Boston Celtics,
Base,181,Magic Johnson,Los Angeles Lakers,
Base,182,Isiah Thomas,Detroit Pistons,
Base,183,Bill Laimbeer,Detroit Pistons,
Base,184,Patrick Ewing,New York Knicks,
Base,185,Chris Mullin,Golden State Warriors,
Base,186,John Stockton,Utah Jazz,
Base,187,Allen Iverson,Philadelphia 76ers,
Base,188,Dominique Wilkins,Atlanta Hawks,
Base,189,Tim Hardaway,Golden State Warriors,
Base,190,Zydrunas Ilgauskas,Cleveland Cavaliers,
Base,191,George Gervin,San Antonio Spurs,
Base,192,Toni Kukoc,Chicago Bulls,
Base,193,James Worthy,Los Angeles Lakers,
Base,194,Vlade Divac,Los Angeles Lakers,
Base,195,Terry Porter,Portland Trail Blazers,
Base,196,Bill Walton,Portland Trail Blazers,
Base,197,Shawn Kemp,Seattle Supersonics,
Base,198,Yao Ming,Houston Rockets,
Base,199,Dikembe Mutombo,Houston Rockets,
Base,200,Alonzo Mourning,Miami Heat,
Base,201,Kyrie Irving,Cleveland Cavaliers,
Base,202,MarShon Brooks,Brooklyn Nets,
Base,203,Klay Thompson,Golden State Warriors,
Base,204,Alec Burks,Utah Jazz,
Base,205,Jimmy Butler,Chicago Bulls,
Base,206,Norris Cole,Miami Heat,
Base,207,Brandon Knight,Detroit Pistons,
Base,208,Kenneth Faried,Denver Nuggets,
Base,209,Kawhi Leonard,San Antonio Spurs,
Base,210,Reggie Jackson,Oklahoma City Thunder,
Base,211,Jordan Hamilton,Denver Nuggets,
Base,212,Jimmer Fredette,Sacramento Kings,
Base,213,Bismack Biyombo,Charlotte Bobcats,
Base,214,Enes Kanter,Utah Jazz,
Base,215,Marcus Morris,Houston Rockets,
Base,216,Chandler Parsons,Houston Rockets,
Base,217,Iman Shumpert,New York Knicks,
Base,218,Markieff Morris,Phoenix Suns,
Base,219,Tobias Harris,Milwaukee Bucks,
Base,220,Chris Singleton,Washington Wizards,
Base,221,Nolan Smith,Portland Trail Blazers,
Base,222,Isaiah Thomas,Sacramento Kings,
Base,223,Tristan Thompson,Cleveland Cavaliers,
Base,224,Jan Vesely,Washington Wizards,
Base,225,Kemba Walker,Charlotte Bobcats,
Base,226,Derrick Williams,Minnesota Timberwolves,
Base,227,Cory Joseph,San Antonio Spurs,
Base,228,JaJuan Johnson,Houston Rockets,
Base,229,Justin Harper,Orlando Magic,
Base,230,Shelvin Mack,Washington Wizards,
Base,231,Gustavo Ayon,Orlando Magic,
Base,232,Charles Jenkins,Golden State Warriors,
Base,233,Jeremy Tyler,Golden State Warriors,
Base,234,Kyle Singler,Detroit Pistons,
Base,235,Lavoy Allen,Philadelphia 76ers,
Base,236,Anthony Davis,New Orleans Hornets,
Base,237,Michael Kidd-Gilchrist,Charlotte Bobcats,
Base,238,Bradley Beal,Washington Wizards,
Base,239,Terrence Ross,Toronto Raptors,
Base,240,Austin Rivers,New Orleans Hornets,
Base,241,Jeremy Lamb,Houston Rockets,
Base,242,Dion Waiters,Cleveland Cavaliers,
Base,243,Darius Morris,Los Angeles Lakers,
Base,244,Thomas Robinson,Sacramento Kings,
Base,245,Damian Lillard,Portland Trail Blazers,
Base,246,Harrison Barnes,Golden State Warriors,
Base,247,Andre Drummond,Detroit Pistons,
Base,248,Meyers Leonard,Portland Trail Blazers,
Base,249,Kendall Marshall,Phoenix Suns,
Base,250,John Jenkins,Atlanta Hawks,
Base,251,John Henson,Milwaukee Bucks,
Base,252,E'Twaun Moore,Houston Rockets,
Base,253,Royce White,Houston Rockets,
Base,254,Tyler Zeller,Cleveland Cavaliers,
Base,255,Terrence Jones,Houston Rockets,
Base,256,Andrew Nicholson,Orlando Magic,
Base,257,Evan Fournier,Denver Nuggets,
Base,258,Jared Sullinger,Boston Celtics,
Base,259,Fab Melo,Boston Celtics,
Base,260,Jared Cunningham,Dallas Mavericks,
Base,261,Festus Ezeli,Golden State Warriors,
Base,262,Tony Wroten,Memphis Grizzlies,
Base,263,Miles Plumlee,Indiana Pacers,
Base,264,Marquis Teague,Chicago Bulls,
Base,265,Perry Jones,Oklahoma City Thunder,
Base,266,Arnett Moultrie,Philadelphia 76ers,
Base,267,Nikola Vucevic,Orlando Magic,
Base,268,Donald Sloan,Cleveland Cavaliers,
Base,269,Jon Leuer,Cleveland Cavaliers,
Base,270,John Shurna,New York Knicks,
Base,271,Andrew Goudelock,Los Angeles Lakers,
Base,272,Lance Thomas,New Orleans Hornets,
Base,273,Cory Higgins,Charlotte Bobcats,
Base,274,Elliot Williams,Portland Trail Blazers,
Base,275,Terrel Harris,Miami Heat,
Base,276,Malcolm Lee,Minnesota Timberwolves,
Base,277,Jeff Taylor,Charlotte Bobcats,
Base,278,Jae Crowder,Dallas Mavericks,
Base,279,Orlando Johnson,Indiana Pacers,
Base,280,Jonas Valanciunas,Toronto Raptors,
Base,281,Bernard James,Dallas Mavericks,
Base,282,Draymond Green,Golden State Warriors,
Base,283,Quincy Acy,Toronto Raptors,
Base,284,Quincy Miller,Denver Nuggets,
Base,285,Khris Middleton,Detroit Pistons,
Base,286,Will Barton,Portland Trail Blazers,
Base,287,Tyshawn Taylor,Brooklyn Nets,
Base,288,Doron Lamb,Milwaukee Bucks,
Base,289,Josh Selby,Memphis Grizzlies,
Base,290,Kim English,Detroit Pistons,
Base,291,Scott Machado,Houston Rockets,
Base,292,Kris Joseph,Boston Celtics,
Base,293,Julyan Stone,Denver Nuggets,
Base,294,DeAndre Liggins,Oklahoma City Thunder,
Base,295,Robert Sacre,Los Angeles Lakers,
Base,296,Darrell Arthur,Memphis Grizzlies,
Base,297,Kyle O'Quinn,Orlando Magic,
Base,298,Darius Miller,New Orleans Hornets,
Base,299,Darius Johnson-Odom,Los Angeles Lakers,
Base,300,Greg Stiemsma,Minnesota Timberwolves,
Base Silver,1,LeBron James,Miami Heat,
Base Silver,2,Paul Pierce,Boston Celtics,
Base Silver,3,Jrue Holiday,Philadelphia 76ers,
Base Silver,4,Dwight Howard,Los Angeles Lakers,
Base Silver,5,Danny Granger,Indiana Pacers,
Base Silver,6,Elton Brand,Dallas Mavericks,
Base Silver,7,Deron Williams,Brooklyn Nets,
Base Silver,8,Omer Asik,Houston Rockets,
Base Silver,9,Devin Harris,Atlanta Hawks,
Base Silver,10,DeMarcus Cousins,Sacramento Kings,
Base Silver,11,Arron Afflalo,Orlando Magic,
Base Silver,12,Kirk Hinrich,Chicago Bulls,
Base Silver,13,LaMarcus Aldridge,Portland Trail Blazers,
Base Silver,14,Thabo Sefolosha,Oklahoma City Thunder,
Base Silver,15,Amar'e Stoudemire,New York Knicks,
Base Silver,16,Andris Biedrins,Golden State Warriors,
Base Silver,17,Tayshaun Prince,Detroit Pistons,
Base Silver,18,Al-Farouq Aminu,New Orleans Hornets,
Base Silver,19,Chris Paul,Los Angeles Clippers,
Base Silver,20,Andrea Bargnani,Toronto Raptors,
Base Silver,21,Martell Webster,Washington Wizards,
Base Silver,22,John Wall,Washington Wizards,
Base Silver,23,Matt Bonner,San Antonio Spurs,
Base Silver,24,Kobe Bryant,Los Angeles Lakers,
Base Silver,25,Paul Millsap,Utah Jazz,
Base Silver,26,Brendan Haywood,Charlotte Bobcats,
Base Silver,27,DeAndre Jordan,Los Angeles Clippers,
Base Silver,28,Andre Iguodala,Denver Nuggets,
Base Silver,29,Nicolas Batum,Portland Trail Blazers,
Base Silver,30,Paul George,Indiana Pacers,
Base Silver,31,Mike Conley,Memphis Grizzlies,
Base Silver,32,Blake Griffin,Los Angeles Clippers,
Base Silver,33,Kevin Garnett,Boston Celtics,
Base Silver,34,Jeremy Lin,Houston Rockets,
Base Silver,35,Kevin Durant,Oklahoma City Thunder,
Base Silver,36,Vince Carter,Dallas Mavericks,
Base Silver,37,Ray Allen,Miami Heat,
Base Silver,38,Marco Belinelli,Chicago Bulls,
Base Silver,39,Corey Brewer,Denver Nuggets,
Base Silver,40,Glen Davis,Orlando Magic,
Base Silver,41,Tyson Chandler,New York Knicks,
Base Silver,42,Eric Gordon,New Orleans Hornets,
Base Silver,43,Andrew Bogut,Golden State Warriors,
Base Silver,44,Tyreke Evans,Sacramento Kings,
Base Silver,45,Pau Gasol,Los Angeles Lakers,
Base Silver,46,Jose Calderon,Toronto Raptors,
Base Silver,47,Russell Westbrook,Oklahoma City Thunder,
Base Silver,48,Ricky Rubio,Minnesota Timberwolves,
Base Silver,49,Stephen Jackson,San Antonio Spurs,
Base Silver,50,Jeff Teague,Atlanta Hawks,
Base Silver,51,Marc Gasol,Memphis Grizzlies,
Base Silver,52,Hollis Thompson,Oklahoma City Thunder,
Base Silver,53,Carlos Boozer,Chicago Bulls,
Base Silver,54,Grant Hill,Los Angeles Clippers,
Base Silver,55,Al Jefferson,Utah Jazz,
Base Silver,56,Evan Turner,Philadelphia 76ers,
Base Silver,57,Kendrick Perkins,Oklahoma City Thunder,
Base Silver,58,Ramon Sessions,Charlotte Bobcats,
Base Silver,59,Danilo Gallinari,Denver Nuggets,
Base Silver,60,DeMar DeRozan,Toronto Raptors,
Base Silver,61,Ryan Anderson,New Orleans Hornets,
Base Silver,62,Brandon Bass,Boston Celtics,
Base Silver,63,Dirk Nowitzki,Dallas Mavericks,
Base Silver,64,Roy Hibbert,Indiana Pacers,
Base Silver,65,Emeka Okafor,Washington Wizards,
Base Silver,66,Channing Frye,Phoenix Suns,
Base Silver,67,Wesley Matthews,Portland Trail Blazers,
Base Silver,68,Corey Maggette,Detroit Pistons,
Base Silver,69,Serge Ibaka,Oklahoma City Thunder,
Base Silver,70,Luke Ridnour,Minnesota Timberwolves,
Base Silver,71,Carmelo Anthony,New York Knicks,
Base Silver,72,Stephen Curry,Golden State Warriors,
Base Silver,73,Luol Deng,Chicago Bulls,
Base Silver,74,J.J. Redick,Orlando Magic,
Base Silver,75,Avery Bradley,Boston Celtics,
Base Silver,76,Rudy Gay,Memphis Grizzlies,
Base Silver,77,Dwyane Wade,Miami Heat,
Base Silver,78,Thaddeus Young,Philadelphia 76ers,
Base Silver,79,Brandon Jennings,Milwaukee Bucks,
Base Silver,80,Manu Ginobili,San Antonio Spurs,
Base Silver,81,Jason Kidd,New York Knicks,
Base Silver,82,Kevin Martin,Houston Rockets,
Base Silver,83,Andrew Bynum,Philadelphia 76ers,
Base Silver,84,Kyle Lowry,Toronto Raptors,
Base Silver,85,Gordon Hayward,Utah Jazz,
Base Silver,86,Al Harrington,Orlando Magic,
Base Silver,87,Gerald Wallace,Brooklyn Nets,
Base Silver,88,Antawn Jamison,Los Angeles Lakers,
Base Silver,89,Caron Butler,Los Angeles Clippers,
Base Silver,90,Anderson Varejao,Cleveland Cavaliers,
Base Silver,91,Nene,Washington Wizards,
Base Silver,92,David Lee,Golden State Warriors,
Base Silver,93,Shane Battier,Miami Heat,
Base Silver,94,Jason Thompson,Sacramento Kings,
Base Silver,95,James Harden,Oklahoma City Thunder,
Base Silver,96,Tyrus Thomas,Charlotte Bobcats,
Base Silver,97,J.J. Barea,Minnesota Timberwolves,
Base Silver,98,Tyler Hansbrough,Indiana Pacers,
Base Silver,99,J.J. Hickson,Portland Trail Blazers,
Base Silver,100,Louis Williams,Atlanta Hawks,
Base Silver,101,Tim Duncan,San Antonio Spurs,
Base Silver,102,Chris Kaman,Dallas Mavericks,
Base Silver,103,Jodie Meeks,Los Angeles Lakers,
Base Silver,104,Ty Lawson,Denver Nuggets,
Base Silver,105,Derrick Favors,Utah Jazz,
Base Silver,106,Luis Scola,Phoenix Suns,
Base Silver,107,Rajon Rondo,Boston Celtics,
Base Silver,108,Hedo Turkoglu,Orlando Magic,
Base Silver,109,Rodney Stuckey,Detroit Pistons,
Base Silver,110,Zach Randolph,Memphis Grizzlies,
Base Silver,111,Steve Novak,New York Knicks,
Base Silver,112,Jon Brockman,Houston Rockets,
Base Silver,113,Steve Nash,Los Angeles Lakers,
Base Silver,114,Joakim Noah,Chicago Bulls,
Base Silver,115,Chase Budinger,Minnesota Timberwolves,
Base Silver,116,Chris Bosh,Miami Heat,
Base Silver,117,Brook Lopez,Brooklyn Nets,
Base Silver,118,Jordan Crawford,Washington Wizards,
Base Silver,119,Luc Mbah a Moute,Milwaukee Bucks,
Base Silver,120,Tony Parker,San Antonio Spurs,
Base Silver,121,Daniel Gibson,Cleveland Cavaliers,
Base Silver,122,Chauncey Billups,Los Angeles Clippers,
Base Silver,123,Brandon Rush,Golden State Warriors,
Base Silver,124,Shawn Marion,Dallas Mavericks,
Base Silver,125,Al Horford,Atlanta Hawks,
Base Silver,126,Raja Bell,Utah Jazz,
Base Silver,127,Daequan Cook,Oklahoma City Thunder,
Base Silver,128,Goran Dragic,Phoenix Suns,
Base Silver,129,Ben Gordon,Charlotte Bobcats,
Base Silver,130,Andre Miller,Denver Nuggets,
Base Silver,131,Jason Richardson,Philadelphia 76ers,
Base Silver,132,Udonis Haslem,Miami Heat,
Base Silver,133,Jason Terry,Boston Celtics,
Base Silver,134,Nick Collison,Oklahoma City Thunder,
Base Silver,135,Kevin Love,Minnesota Timberwolves,
Base Silver,136,Marreese Speights,Memphis Grizzlies,
Base Silver,137,Toney Douglas,Houston Rockets,
Base Silver,138,Charlie Villanueva,Detroit Pistons,
Base Silver,139,Tiago Splitter,San Antonio Spurs,
Base Silver,140,George Hill,Indiana Pacers,
Base Silver,141,Marcin Gortat,Phoenix Suns,
Base Silver,142,Raymond Felton,New York Knicks,
Base Silver,143,O.J. Mayo,Dallas Mavericks,
Base Silver,144,Ersan Ilyasova,Milwaukee Bucks,
Base Silver,145,Derrick Rose,Chicago Bulls,
Base Silver,146,Trevor Ariza,Washington Wizards,
Base Silver,147,Metta World Peace,Los Angeles Lakers,
Base Silver,148,Mario Chalmers,Miami Heat,
Base Silver,149,Joe Johnson,Brooklyn Nets,
Base Silver,150,Josh Smith,Atlanta Hawks,
Base Silver,151,Wilt Chamberlain,Los Angeles Lakers,
Base Silver,152,Pete Maravich,Atlanta Hawks,
Base Silver,153,Bill Russell,Boston Celtics,
Base Silver,154,Oscar Robertson,Milwaukee Bucks,
Base Silver,155,Hakeem Olajuwon,Houston Rockets,
Base Silver,156,Julius Erving,Philadelphia 76ers,
Base Silver,157,Dennis Rodman,Chicago Bulls,
Base Silver,158,Maurice Cheeks,Philadelphia 76ers,
Base Silver,159,Kareem Abdul-Jabbar,Los Angeles Lakers,
Base Silver,160,Anfernee Hardaway,Orlando Magic,
Base Silver,161,David Thompson,Denver Nuggets,
Base Silver,162,Horace Grant,Chicago Bulls,
Base Silver,163,Larry Bird,Boston Celtics,
Base Silver,164,Rolando Blackman,Dallas Mavericks,
Base Silver,165,Larry Johnson,Charlotte Hornets,
Base Silver,166,Shaquille O'Neal,Los Angeles Lakers,
Base Silver,167,Derrick Coleman,New Jersey Nets,
Base Silver,168,Karl Malone,Utah Jazz,
Base Silver,169,Moses Malone,Philadelphia 76ers,
Base Silver,170,Mark Aguirre,Dallas Mavericks,
Base Silver,171,Rudy Tomjanovich,Houston Rockets,
Base Silver,172,Jerry West,Los Angeles Lakers,
Base Silver,173,George Mikan,Minneapolis Lakers,
Base Silver,174,Kelly Tripucka,Utah Jazz,
Base Silver,175,David Robinson,San Antonio Spurs,
Base Silver,176,Scottie Pippen,Chicago Bulls,
Base Silver,177,Danny Manning,Phoenix Suns,
Base Silver,178,Elgin Baylor,Los Angeles Lakers,
Base Silver,179,Charles Oakley,New York Knicks,
Base Silver,180,Sam Jones,Boston Celtics,
Base Silver,181,Magic Johnson,Los Angeles Lakers,
Base Silver,182,Isiah Thomas,Detroit Pistons,
Base Silver,183,Bill Laimbeer,Detroit Pistons,
Base Silver,184,Patrick Ewing,New York Knicks,
Base Silver,185,Chris Mullin,Golden State Warriors,
Base Silver,186,John Stockton,Utah Jazz,
Base Silver,187,Allen Iverson,Philadelphia 76ers,
Base Silver,188,Dominique Wilkins,Atlanta Hawks,
Base Silver,189,Tim Hardaway,Golden State Warriors,
Base Silver,190,Zydrunas Ilgauskas,Cleveland Cavaliers,
Base Silver,191,George Gervin,San Antonio Spurs,
Base Silver,192,Toni Kukoc,Chicago Bulls,
Base Silver,193,James Worthy,Los Angeles Lakers,
Base Silver,194,Vlade Divac,Los Angeles Lakers,
Base Silver,195,Terry Porter,Portland Trail Blazers,
Base Silver,196,Bill Walton,Portland Trail Blazers,
Base Silver,197,Shawn Kemp,Seattle Supersonics,
Base Silver,198,Yao Ming,Houston Rockets,
Base Silver,199,Dikembe Mutombo,Houston Rockets,
Base Silver,200,Alonzo Mourning,Miami Heat,
Base Silver,201,Kyrie Irving,Cleveland Cavaliers,
Base Silver,202,MarShon Brooks,Brooklyn Nets,
Base Silver,203,Klay Thompson,Golden State Warriors,
Base Silver,204,Alec Burks,Utah Jazz,
Base Silver,205,Jimmy Butler,Chicago Bulls,
Base Silver,206,Norris Cole,Miami Heat,
Base Silver,207,Brandon Knight,Detroit Pistons,
Base Silver,208,Kenneth Faried,Denver Nuggets,
Base Silver,209,Kawhi Leonard,San Antonio Spurs,
Base Silver,210,Reggie Jackson,Oklahoma City Thunder,
Base Silver,211,Jordan Hamilton,Denver Nuggets,
Base Silver,212,Jimmer Fredette,Sacramento Kings,
Base Silver,213,Bismack Biyombo,Charlotte Bobcats,
Base Silver,214,Enes Kanter,Utah Jazz,
Base Silver,215,Marcus Morris,Houston Rockets,
Base Silver,216,Chandler Parsons,Houston Rockets,
Base Silver,217,Iman Shumpert,New York Knicks,
Base Silver,218,Markieff Morris,Phoenix Suns,
Base Silver,219,Tobias Harris,Milwaukee Bucks,
Base Silver,220,Chris Singleton,Washington Wizards,
Base Silver,221,Nolan Smith,Portland Trail Blazers,
Base Silver,222,Isaiah Thomas,Sacramento Kings,
Base Silver,223,Tristan Thompson,Cleveland Cavaliers,
Base Silver,224,Jan Vesely,Washington Wizards,
Base Silver,225,Kemba Walker,Charlotte Bobcats,
Base Silver,226,Derrick Williams,Minnesota Timberwolves,
Base Silver,227,Cory Joseph,San Antonio Spurs,
Base Silver,228,JaJuan Johnson,Houston Rockets,
Base Silver,229,Justin Harper,Orlando Magic,
Base Silver,230,Shelvin Mack,Washington Wizards,
Base Silver,231,Gustavo Ayon,Orlando Magic,
Base Silver,232,Charles Jenkins,Golden State Warriors,
Base Silver,233,Jeremy Tyler,Golden State Warriors,
Base Silver,234,Kyle Singler,Detroit Pistons,
Base Silver,235,Lavoy Allen,Philadelphia 76ers,
Base Silver,236,Anthony Davis,New Orleans Hornets,
Base Silver,237,Michael Kidd-Gilchrist,Charlotte Bobcats,
Base Silver,238,Bradley Beal,Washington Wizards,
Base Silver,239,Terrence Ross,Toronto Raptors,
Base Silver,240,Austin Rivers,New Orleans Hornets,
Base Silver,241,Jeremy Lamb,Houston Rockets,
Base Silver,242,Dion Waiters,Cleveland Cavaliers,
Base Silver,243,Darius Morris,Los Angeles Lakers,
Base Silver,244,Thomas Robinson,Sacramento Kings,
Base Silver,245,Damian Lillard,Portland Trail Blazers,
Base Silver,246,Harrison Barnes,Golden State Warriors,
Base Silver,247,Andre Drummond,Detroit Pistons,
Base Silver,248,Meyers Leonard,Portland Trail Blazers,
Base Silver,249,Kendall Marshall,Phoenix Suns,
Base Silver,250,John Jenkins,Atlanta Hawks,
Base Silver,251,John Henson,Milwaukee Bucks,
Base Silver,252,E'Twaun Moore,Orlando Magic,
Base Silver,253,Royce White,Houston Rockets,
Base Silver,254,Tyler Zeller,Cleveland Cavaliers,
Base Silver,255,Terrence Jones,Houston Rockets,
Base Silver,256,Andrew Nicholson,Orlando Magic,
Base Silver,257,Evan Fournier,Denver Nuggets,
Base Silver,258,Jared Sullinger,Boston Celtics,
Base Silver,259,Fab Melo,Boston Celtics,
Base Silver,260,Jared Cunningham,Dallas Mavericks,
Base Silver,261,Festus Ezeli,Golden State Warriors,
Base Silver,262,Tony Wroten,Memphis Grizzlies,
Base Silver,263,Miles Plumlee,Indiana Pacers,
Base Silver,264,Marquis Teague,Chicago Bulls,
Base Silver,265,Perry Jones,Oklahoma City Thunder,
Base Silver,266,Arnett Moultrie,Philadelphia 76ers,
Base Silver,267,Nikola Vucevic,Orlando Magic,
Base Silver,268,Donald Sloan,Cleveland Cavaliers,
Base Silver,269,Jon Leuer,Cleveland Cavaliers,
Base Silver,270,Hollis Thompson,Oklahoma City Thunder,
Base Silver,271,Andrew Goudelock,Los Angeles Lakers,
Base Silver,272,Lance Thomas,New Orleans Hornets,
Base Silver,273,Cory Higgins,Charlotte Bobcats,
Base Silver,274,Elliot Williams,Portland Trail Blazers,
Base Silver,275,Terrel Harris,Miami Heat,
Base Silver,276,Malcolm Lee,Minnesota Timberwolves,
Base Silver,277,Jeff Taylor,Charlotte Bobcats,
Base Silver,278,Jae Crowder,Dallas Mavericks,
Base Silver,279,Orlando Johnson,Indiana Pacers,
Base Silver,280,Jonas Valanciunas,Toronto Raptors,
Base Silver,281,Bernard James,Dallas Mavericks,
Base Silver,282,Draymond Green,Golden State Warriors,
Base Silver,283,Quincy Acy,Toronto Raptors,
Base Silver,284,Quincy Miller,Denver Nuggets,
Base Silver,285,Khris Middleton,Detroit Pistons,
Base Silver,286,Will Barton,Portland Trail Blazers,
Base Silver,287,Tyshawn Taylor,Brooklyn Nets,
Base Silver,288,Doron Lamb,Milwaukee Bucks,
Base Silver,289,Josh Selby,Memphis Grizzlies,
Base Silver,290,Kim English,Detroit Pistons,
Base Silver,291,Scott Machado,Houston Rockets,
Base Silver,292,Kris Joseph,Boston Celtics,
Base Silver,293,Julyan Stone,Denver Nuggets,
Base Silver,294,DeAndre Liggins,Oklahoma City Thunder,
Base Silver,295,Robert Sacre,Los Angeles Lakers,
Base Silver,296,Darrell Arthur,Memphis Grizzlies,
Base Silver,297,Kyle O'Quinn,Orlando Magic,
Base Silver,298,Darius Miller,New Orleans Hornets,
Base Silver,299,Darius Johnson-Odom,Los Angeles Lakers,
Base Silver,300,Greg Stiemsma,Minnesota Timberwolves,
Base Gold,1,LeBron James,Miami Heat,10
Base Gold,2,Paul Pierce,Boston Celtics,10
Base Gold,3,Jrue Holiday,Philadelphia 76ers,10
Base Gold,4,Dwight Howard,Los Angeles Lakers,10
Base Gold,5,Danny Granger,Indiana Pacers,10
Base Gold,6,Elton Brand,Dallas Mavericks,10
Base Gold,7,Deron Williams,Brooklyn Nets,10
Base Gold,8,Omer Asik,Houston Rockets,10
Base Gold,9,Devin Harris,Atlanta Hawks,10
Base Gold,10,DeMarcus Cousins,Sacramento Kings,10
Base Gold,11,Arron Afflalo,Orlando Magic,10
Base Gold,12,Kirk Hinrich,Chicago Bulls,10
Base Gold,13,LaMarcus Aldridge,Portland Trail Blazers,10
Base Gold,14,Thabo Sefolosha,Oklahoma City Thunder,10
Base Gold,15,Amar'e Stoudemire,New York Knicks,10
Base Gold,16,Andris Biedrins,Golden State Warriors,10
Base Gold,17,Tayshaun Prince,Detroit Pistons,10
Base Gold,18,Al-Farouq Aminu,New Orleans Hornets,10
Base Gold,19,Chris Paul,Los Angeles Clippers,10
Base Gold,20,Andrea Bargnani,Toronto Raptors,10
Base Gold,21,Martell Webster,Washington Wizards,10
Base Gold,22,John Wall,Washington Wizards,10
Base Gold,23,Matt Bonner,San Antonio Spurs,10
Base Gold,24,Kobe Bryant,Los Angeles Lakers,10
Base Gold,25,Paul Millsap,Utah Jazz,10
Base Gold,26,Brendan Haywood,Charlotte Bobcats,10
Base Gold,27,DeAndre Jordan,Los Angeles Clippers,10
Base Gold,28,Andre Iguodala,Denver Nuggets,10
Base Gold,29,Nicolas Batum,Portland Trail Blazers,10
Base Gold,30,Paul George,Indiana Pacers,10
Base Gold,31,Mike Conley,Memphis Grizzlies,10
Base Gold,32,Blake Griffin,Los Angeles Clippers,10
Base Gold,33,Kevin Garnett,Boston Celtics,10
Base Gold,34,Jeremy Lin,Houston Rockets,10
Base Gold,35,Kevin Durant,Oklahoma City Thunder,10
Base Gold,36,Vince Carter,Dallas Mavericks,10
Base Gold,37,Ray Allen,Miami Heat,10
Base Gold,38,Marco Belinelli,Chicago Bulls,10
Base Gold,39,Corey Brewer,Denver Nuggets,10
Base Gold,40,Glen Davis,Orlando Magic,10
Base Gold,41,Tyson Chandler,New York Knicks,10
Base Gold,42,Eric Gordon,New Orleans Hornets,10
Base Gold,43,Andrew Bogut,Golden State Warriors,10
Base Gold,44,Tyreke Evans,Sacramento Kings,10
Base Gold,45,Pau Gasol,Los Angeles Lakers,10
Base Gold,46,Jose Calderon,Toronto Raptors,10
Base Gold,47,Russell Westbrook,Oklahoma City Thunder,10
Base Gold,48,Ricky Rubio,Minnesota Timberwolves,10
Base Gold,49,Stephen Jackson,San Antonio Spurs,10
Base Gold,50,Jeff Teague,Atlanta Hawks,10
Base Gold,51,Marc Gasol,Memphis Grizzlies,10
Base Gold,52,Hollis Thompson,Oklahoma City Thunder,10
Base Gold,53,Carlos Boozer,Chicago Bulls,10
Base Gold,54,Grant Hill,Los Angeles Clippers,10
Base Gold,55,Al Jefferson,Utah Jazz,10
Base Gold,56,Evan Turner,Philadelphia 76ers,10
Base Gold,57,Kendrick Perkins,Oklahoma City Thunder,10
Base Gold,58,Ramon Sessions,Charlotte Bobcats,10
Base Gold,59,Danilo Gallinari,Denver Nuggets,10
Base Gold,60,DeMar DeRozan,Toronto Raptors,10
Base Gold,61,Ryan Anderson,New Orleans Hornets,10
Base Gold,62,Brandon Bass,Boston Celtics,10
Base Gold,63,Dirk Nowitzki,Dallas Mavericks,10
Base Gold,64,Roy Hibbert,Indiana Pacers,10
Base Gold,65,Emeka Okafor,Washington Wizards,10
Base Gold,66,Channing Frye,Phoenix Suns,10
Base Gold,67,Wesley Matthews,Portland Trail Blazers,10
Base Gold,68,Corey Maggette,Detroit Pistons,10
Base Gold,69,Serge Ibaka,Oklahoma City Thunder,10
Base Gold,70,Luke Ridnour,Minnesota Timberwolves,10
Base Gold,71,Carmelo Anthony,New York Knicks,10
Base Gold,72,Stephen Curry,Golden State Warriors,10
Base Gold,73,Luol Deng,Chicago Bulls,10
Base Gold,74,J.J. Redick,Orlando Magic,10
Base Gold,75,Avery Bradley,Boston Celtics,10
Base Gold,76,Rudy Gay,Memphis Grizzlies,10
Base Gold,77,Dwyane Wade,Miami Heat,10
Base Gold,78,Thaddeus Young,Philadelphia 76ers,10
Base Gold,79,Brandon Jennings,Milwaukee Bucks,10
Base Gold,80,Manu Ginobili,San Antonio Spurs,10
Base Gold,81,Jason Kidd,New York Knicks,10
Base Gold,82,Kevin Martin,Houston Rockets,10
Base Gold,83,Andrew Bynum,Philadelphia 76ers,10
Base Gold,84,Kyle Lowry,Toronto Raptors,10
Base Gold,85,Gordon Hayward,Utah Jazz,10
Base Gold,86,Al Harrington,Orlando Magic,10
Base Gold,87,Gerald Wallace,Brooklyn Nets,10
Base Gold,88,Antawn Jamison,Los Angeles Lakers,10
Base Gold,89,Caron Butler,Los Angeles Clippers,10
Base Gold,90,Anderson Varejao,Cleveland Cavaliers,10
Base Gold,91,Nene,Washington Wizards,10
Base Gold,92,David Lee,Golden State Warriors,10
Base Gold,93,Shane Battier,Miami Heat,10
Base Gold,94,Jason Thompson,Sacramento Kings,10
Base Gold,95,James Harden,Oklahoma City Thunder,10
Base Gold,96,Tyrus Thomas,Charlotte Bobcats,10
Base Gold,97,J.J. Barea,Minnesota Timberwolves,10
Base Gold,98,Tyler Hansbrough,Indiana Pacers,10
Base Gold,99,J.J. Hickson,Portland Trail Blazers,10
Base Gold,100,Louis Williams,Atlanta Hawks,10
Base Gold,101,Tim Duncan,San Antonio Spurs,10
Base Gold,102,Chris Kaman,Dallas Mavericks,10
Base Gold,103,Jodie Meeks,Los Angeles Lakers,10
Base Gold,104,Ty Lawson,Denver Nuggets,10
Base Gold,105,Derrick Favors,Utah Jazz,10
Base Gold,106,Luis Scola,Phoenix Suns,10
Base Gold,107,Rajon Rondo,Boston Celtics,10
Base Gold,108,Hedo Turkoglu,Orlando Magic,10
Base Gold,109,Rodney Stuckey,Detroit Pistons,10
Base Gold,110,Zach Randolph,Memphis Grizzlies,10
Base Gold,111,Steve Novak,New York Knicks,10
Base Gold,112,Jon Brockman,Houston Rockets,10
Base Gold,113,Steve Nash,Los Angeles Lakers,10
Base Gold,114,Joakim Noah,Chicago Bulls,10
Base Gold,115,Chase Budinger,Minnesota Timberwolves,10
Base Gold,116,Chris Bosh,Miami Heat,10
Base Gold,117,Brook Lopez,Brooklyn Nets,10
Base Gold,118,Jordan Crawford,Washington Wizards,10
Base Gold,119,Luc Mbah a Moute,Milwaukee Bucks,10
Base Gold,120,Tony Parker,San Antonio Spurs,10
Base Gold,121,Daniel Gibson,Cleveland Cavaliers,10
Base Gold,122,Chauncey Billups,Los Angeles Clippers,10
Base Gold,123,Brandon Rush,Golden State Warriors,10
Base Gold,124,Shawn Marion,Dallas Mavericks,10
Base Gold,125,Al Horford,Atlanta Hawks,10
Base Gold,126,Raja Bell,Utah Jazz,10
Base Gold,127,Daequan Cook,Oklahoma City Thunder,10
Base Gold,128,Goran Dragic,Phoenix Suns,10
Base Gold,129,Ben Gordon,Charlotte Bobcats,10
Base Gold,130,Andre Miller,Denver Nuggets,10
Base Gold,131,Jason Richardson,Philadelphia 76ers,10
Base Gold,132,Udonis Haslem,Miami Heat,10
Base Gold,133,Jason Terry,Boston Celtics,10
Base Gold,134,Nick Collison,Oklahoma City Thunder,10
Base Gold,135,Kevin Love,Minnesota Timberwolves,10
Base Gold,136,Marreese Speights,Memphis Grizzlies,10
Base Gold,137,Toney Douglas,Houston Rockets,10
Base Gold,138,Charlie Villanueva,Detroit Pistons,10
Base Gold,139,Tiago Splitter,San Antonio Spurs,10
Base Gold,140,George Hill,Indiana Pacers,10
Base Gold,141,Marcin Gortat,Phoenix Suns,10
Base Gold,142,Raymond Felton,New York Knicks,10
Base Gold,143,O.J. Mayo,Dallas Mavericks,10
Base Gold,144,Ersan Ilyasova,Milwaukee Bucks,10
Base Gold,145,Derrick Rose,Chicago Bulls,10
Base Gold,146,Trevor Ariza,Washington Wizards,10
Base Gold,147,Metta World Peace,Los Angeles Lakers,10
Base Gold,148,Mario Chalmers,Miami Heat,10
Base Gold,149,Joe Johnson,Brooklyn Nets,10
Base Gold,150,Josh Smith,Atlanta Hawks,10
Base Gold,151,Wilt Chamberlain,Los Angeles Lakers,10
Base Gold,152,Pete Maravich,Atlanta Hawks,10
Base Gold,153,Bill Russell,Boston Celtics,10
Base Gold,154,Oscar Robertson,Milwaukee Bucks,10
Base Gold,155,Hakeem Olajuwon,Houston Rockets,10
Base Gold,156,Julius Erving,Philadelphia 76ers,10
Base Gold,157,Dennis Rodman,Chicago Bulls,10
Base Gold,158,Maurice Cheeks,Philadelphia 76ers,10
Base Gold,159,Kareem Abdul-Jabbar,Los Angeles Lakers,10
Base Gold,160,Anfernee Hardaway,Orlando Magic,10
Base Gold,161,David Thompson,Denver Nuggets,10
Base Gold,162,Horace Grant,Chicago Bulls,10
Base Gold,163,Larry Bird,Boston Celtics,10
Base Gold,164,Rolando Blackman,Dallas Mavericks,10
Base Gold,165,Larry Johnson,Charlotte Hornets,10
Base Gold,166,Shaquille O'Neal,Los Angeles Lakers,10
Base Gold,167,Derrick Coleman,New Jersey Nets,10
Base Gold,168,Karl Malone,Utah Jazz,10
Base Gold,169,Moses Malone,Philadelphia 76ers,10
Base Gold,170,Mark Aguirre,Dallas Mavericks,10
Base Gold,171,Rudy Tomjanovich,Houston Rockets,10
Base Gold,172,Jerry West,Los Angeles Lakers,10
Base Gold,173,George Mikan,Minneapolis Lakers,10
Base Gold,174,Kelly Tripucka,Utah Jazz,10
Base Gold,175,David Robinson,San Antonio Spurs,10
Base Gold,176,Scottie Pippen,Chicago Bulls,10
Base Gold,177,Danny Manning,Phoenix Suns,10
Base Gold,178,Elgin Baylor,Los Angeles Lakers,10
Base Gold,179,Charles Oakley,New York Knicks,10
Base Gold,180,Sam Jones,Boston Celtics,10
Base Gold,181,Magic Johnson,Los Angeles Lakers,10
Base Gold,182,Isiah Thomas,Detroit Pistons,10
Base Gold,183,Bill Laimbeer,Detroit Pistons,10
Base Gold,184,Patrick Ewing,New York Knicks,10
Base Gold,185,Chris Mullin,Golden State Warriors,10
Base Gold,186,John Stockton,Utah Jazz,10
Base Gold,187,Allen Iverson,Philadelphia 76ers,10
Base Gold,188,Dominique Wilkins,Atlanta Hawks,10
Base Gold,189,Tim Hardaway,Golden State Warriors,10
Base Gold,190,Zydrunas Ilgauskas,Cleveland Cavaliers,10
Base Gold,191,George Gervin,San Antonio Spurs,10
Base Gold,192,Toni Kukoc,Chicago Bulls,10
Base Gold,193,James Worthy,Los Angeles Lakers,10
Base Gold,194,Vlade Divac,Los Angeles Lakers,10
Base Gold,195,Terry Porter,Portland Trail Blazers,10
Base Gold,196,Bill Walton,Portland Trail Blazers,10
Base Gold,197,Shawn Kemp,Seattle Supersonics,10
Base Gold,198,Yao Ming,Houston Rockets,10
Base Gold,199,Dikembe Mutombo,Houston Rockets,10
Base Gold,200,Alonzo Mourning,Miami Heat,10
Base Gold,201,Kyrie Irving,Cleveland Cavaliers,10
Base Gold,202,MarShon Brooks,Brooklyn Nets,10
Base Gold,203,Klay Thompson,Golden State Warriors,10
Base Gold,204,Alec Burks,Utah Jazz,10
Base Gold,205,Jimmy Butler,Chicago Bulls,10
Base Gold,206,Norris Cole,Miami Heat,10
Base Gold,207,Brandon Knight,Detroit Pistons,10
Base Gold,208,Kenneth Faried,Denver Nuggets,10
Base Gold,209,Kawhi Leonard,San Antonio Spurs,10
Base Gold,210,Reggie Jackson,Oklahoma City Thunder,10
Base Gold,211,Jordan Hamilton,Denver Nuggets,10
Base Gold,212,Jimmer Fredette,Sacramento Kings,10
Base Gold,213,Bismack Biyombo,Charlotte Bobcats,10
Base Gold,214,Enes Kanter,Utah Jazz,10
Base Gold,215,Marcus Morris,Houston Rockets,10
Base Gold,216,Chandler Parsons,Houston Rockets,10
Base Gold,217,Iman Shumpert,New York Knicks,10
Base Gold,218,Markieff Morris,Phoenix Suns,10
Base Gold,219,Tobias Harris,Milwaukee Bucks,10
Base Gold,220,Chris Singleton,Washington Wizards,10
Base Gold,221,Nolan Smith,Portland Trail Blazers,10
Base Gold,222,Isaiah Thomas,Sacramento Kings,10
Base Gold,223,Tristan Thompson,Cleveland Cavaliers,10
Base Gold,224,Jan Vesely,Washington Wizards,10
Base Gold,225,Kemba Walker,Charlotte Bobcats,10
Base Gold,226,Derrick Williams,Minnesota Timberwolves,10
Base Gold,227,Cory Joseph,San Antonio Spurs,10
Base Gold,228,JaJuan Johnson,Houston Rockets,10
Base Gold,229,Justin Harper,Orlando Magic,10
Base Gold,230,Shelvin Mack,Washington Wizards,10
Base Gold,231,Gustavo Ayon,Orlando Magic,10
Base Gold,232,Charles Jenkins,Golden State Warriors,10
Base Gold,233,Jeremy Tyler,Golden State Warriors,10
Base Gold,234,Kyle Singler,Detroit Pistons,10
Base Gold,235,Lavoy Allen,Philadelphia 76ers,10
Base Gold,236,Anthony Davis,New Orleans Hornets,10
Base Gold,237,Michael Kidd-Gilchrist,Charlotte Bobcats,10
Base Gold,238,Bradley Beal,Washington Wizards,10
Base Gold,239,Terrence Ross,Toronto Raptors,10
Base Gold,240,Austin Rivers,New Orleans Hornets,10
Base Gold,241,Jeremy Lamb,Houston Rockets,10
Base Gold,242,Dion Waiters,Cleveland Cavaliers,10
Base Gold,243,Darius Morris,Los Angeles Lakers,10
Base Gold,244,Thomas Robinson,Sacramento Kings,10
Base Gold,245,Damian Lillard,Portland Trail Blazers,10
Base Gold,246,Harrison Barnes,Golden State Warriors,10
Base Gold,247,Andre Drummond,Detroit Pistons,10
Base Gold,248,Meyers Leonard,Portland Trail Blazers,10
Base Gold,249,Kendall Marshall,Phoenix Suns,10
Base Gold,250,John Jenkins,Atlanta Hawks,10
Base Gold,251,John Henson,Milwaukee Bucks,10
Base Gold,252,E'Twaun Moore,Orlando Magic,10
Base Gold,253,Royce White,Houston Rockets,10
Base Gold,254,Tyler Zeller,Cleveland Cavaliers,10
Base Gold,255,Terrence Jones,Houston Rockets,10
Base Gold,256,Andrew Nicholson,Orlando Magic,10
Base Gold,257,Evan Fournier,Denver Nuggets,10
Base Gold,258,Jared Sullinger,Boston Celtics,10
Base Gold,259,Fab Melo,Boston Celtics,10
Base Gold,260,Jared Cunningham,Dallas Mavericks,10
Base Gold,261,Festus Ezeli,Golden State Warriors,10
Base Gold,262,Tony Wroten,Memphis Grizzlies,10
Base Gold,263,Miles Plumlee,Indiana Pacers,10
Base Gold,264,Marquis Teague,Chicago Bulls,10
Base Gold,265,Perry Jones,Oklahoma City Thunder,10
Base Gold,266,Arnett Moultrie,Philadelphia 76ers,10
Base Gold,267,Nikola Vucevic,Orlando Magic,10
Base Gold,268,Donald Sloan,Cleveland Cavaliers,10
Base Gold,269,Jon Leuer,Cleveland Cavaliers,10
Base Gold,270,Hollis Thompson,Oklahoma City Thunder,10
Base Gold,271,Andrew Goudelock,Los Angeles Lakers,10
Base Gold,272,Lance Thomas,New Orleans Hornets,10
Base Gold,273,Cory Higgins,Charlotte Bobcats,10
Base Gold,274,Elliot Williams,Portland Trail Blazers,10
Base Gold,275,Terrel Harris,Miami Heat,10
Base Gold,276,Malcolm Lee,Minnesota Timberwolves,10
Base Gold,277,Jeff Taylor,Charlotte Bobcats,10
Base Gold,278,Jae Crowder,Dallas Mavericks,10
Base Gold,279,Orlando Johnson,Indiana Pacers,10
Base Gold,280,Jonas Valanciunas,Toronto Raptors,10
Base Gold,281,Bernard James,Dallas Mavericks,10
Base Gold,282,Draymond Green,Golden State Warriors,10
Base Gold,283,Quincy Acy,Toronto Raptors,10
Base Gold,284,Quincy Miller,Denver Nuggets,10
Base Gold,285,Khris Middleton,Detroit Pistons,10
Base Gold,286,Will Barton,Portland Trail Blazers,10
Base Gold,287,Tyshawn Taylor,Brooklyn Nets,10
Base Gold,288,Doron Lamb,Milwaukee Bucks,10
Base Gold,289,Josh Selby,Memphis Grizzlies,10
Base Gold,290,Kim English,Detroit Pistons,10
Base Gold,291,Scott Machado,Houston Rockets,
Base Gold,292,Kris Joseph,Boston Celtics,10
Base Gold,293,Julyan Stone,Denver Nuggets,10
Base Gold,294,DeAndre Liggins,Oklahoma City Thunder,10
Base Gold,295,Robert Sacre,Los Angeles Lakers,10
Base Gold,296,Darrell Arthur,Memphis Grizzlies,10
Base Gold,297,Kyle O'Quinn,Orlando Magic,10
Base Gold,298,Darius Miller,New Orleans Hornets,10
Base Gold,299,Darius Johnson-Odom,Los Angeles Lakers,10
Base Gold,300,Greg Stiemsma,Minnesota Timberwolves,10
Base Green,1,LeBron James,Miami Heat,
Base Green,2,Paul Pierce,Boston Celtics,
Base Green,3,Jrue Holiday,Philadelphia 76ers,
Base Green,4,Dwight Howard,Los Angeles Lakers,
Base Green,5,Danny Granger,Indiana Pacers,
Base Green,6,Elton Brand,Dallas Mavericks,
Base Green,7,Deron Williams,Brooklyn Nets,
Base Green,8,Omer Asik,Houston Rockets,
Base Green,9,Devin Harris,Atlanta Hawks,
Base Green,10,DeMarcus Cousins,Sacramento Kings,
Base Green,11,Arron Afflalo,Orlando Magic,
Base Green,12,Kirk Hinrich,Chicago Bulls,
Base Green,13,LaMarcus Aldridge,Portland Trail Blazers,
Base Green,14,Thabo Sefolosha,Oklahoma City Thunder,
Base Green,15,Amar'e Stoudemire,New York Knicks,
Base Green,16,Andris Biedrins,Golden State Warriors,
Base Green,17,Tayshaun Prince,Detroit Pistons,
Base Green,18,Al-Farouq Aminu,New Orleans Hornets,
Base Green,19,Chris Paul,Los Angeles Clippers,
Base Green,20,Andrea Bargnani,Toronto Raptors,
Base Green,21,Martell Webster,Minnesota Timberwolves,
Base Green,22,John Wall,Washington Wizards,
Base Green,23,Matt Bonner,San Antonio Spurs,
Base Green,24,Kobe Bryant,Los Angeles Lakers,
Base Green,25,Paul Millsap,Utah Jazz,
Base Green,26,Brendan Haywood,Charlotte Bobcats,
Base Green,27,DeAndre Jordan,Los Angeles Clippers,
Base Green,28,Andre Iguodala,Denver Nuggets,
Base Green,29,Nicolas Batum,Portland Trail Blazers,
Base Green,30,Paul George,Indiana Pacers,
Base Green,31,Mike Conley,Memphis Grizzlies,
Base Green,32,Blake Griffin,Los Angeles Clippers,
Base Green,33,Kevin Garnett,Boston Celtics,
Base Green,34,Jeremy Lin,Houston Rockets,
Base Green,35,Kevin Durant,Oklahoma City Thunder,
Base Green,36,Vince Carter,Dallas Mavericks,
Base Green,37,Ray Allen,Miami Heat,
Base Green,38,Marco Belinelli,Chicago Bulls,
Base Green,39,Corey Brewer,Denver Nuggets,
Base Green,40,Glen Davis,Orlando Magic,
Base Green,41,Tyson Chandler,New York Knicks,
Base Green,42,Eric Gordon,New Orleans Hornets,
Base Green,43,Andrew Bogut,Golden State Warriors,
Base Green,44,Tyreke Evans,Sacramento Kings,
Base Green,45,Pau Gasol,Los Angeles Lakers,
Base Green,46,Jose Calderon,Toronto Raptors,
Base Green,47,Russell Westbrook,Oklahoma City Thunder,
Base Green,48,Ricky Rubio,Minnesota Timberwolves,
Base Green,49,Stephen Jackson,San Antonio Spurs,
Base Green,50,Jeff Teague,Atlanta Hawks,
Base Green,51,Marc Gasol,Memphis Grizzlies,
Base Green,52,Hollis Thompson,Oklahoma City Thunder,
Base Green,53,Carlos Boozer,Chicago Bulls,
Base Green,54,Grant Hill,Los Angeles Clippers,
Base Green,55,Al Jefferson,Utah Jazz,
Base Green,56,Evan Turner,Philadelphia 76ers,
Base Green,57,Kendrick Perkins,Oklahoma City Thunder,
Base Green,58,Ramon Sessions,Charlotte Bobcats,
Base Green,59,Danilo Gallinari,Denver Nuggets,
Base Green,60,DeMar DeRozan,Toronto Raptors,
Base Green,61,Ryan Anderson,New Orleans Hornets,
Base Green,62,Brandon Bass,Boston Celtics,
Base Green,63,Dirk Nowitzki,Dallas Mavericks,
Base Green,64,Roy Hibbert,Indiana Pacers,
Base Green,65,Emeka Okafor,Washington Wizards,
Base Green,66,Channing Frye,Phoenix Suns,
Base Green,67,Wesley Matthews,Portland Trail Blazers,
Base Green,68,Corey Maggette,Detroit Pistons,
Base Green,69,Serge Ibaka,Oklahoma City Thunder,
Base Green,70,Luke Ridnour,Minnesota Timberwolves,
Base Green,71,Carmelo Anthony,New York Knicks,
Base Green,72,Stephen Curry,Golden State Warriors,
Base Green,73,Luol Deng,Chicago Bulls,
Base Green,74,J.J. Redick,Orlando Magic,
Base Green,75,Avery Bradley,Boston Celtics,
Base Green,76,Rudy Gay,Memphis Grizzlies,
Base Green,77,Dwyane Wade,Miami Heat,
Base Green,78,Thaddeus Young,Philadelphia 76ers,
Base Green,79,Brandon Jennings,Milwaukee Bucks,
Base Green,80,Manu Ginobili,San Antonio Spurs,
Base Green,81,Jason Kidd,New York Knicks,
Base Green,82,Kevin Martin,Houston Rockets,
Base Green,83,Andrew Bynum,Philadelphia 76ers,
Base Green,84,Kyle Lowry,Toronto Raptors,
Base Green,85,Gordon Hayward,Utah Jazz,
Base Green,86,Al Harrington,Orlando Magic,
Base Green,87,Gerald Wallace,Brooklyn Nets,
Base Green,88,Antawn Jamison,Los Angeles Lakers,
Base Green,89,Caron Butler,Los Angeles Clippers,
Base Green,90,Anderson Varejao,Cleveland Cavaliers,
Base Green,91,Nene,Washington Wizards,
Base Green,92,David Lee,Golden State Warriors,
Base Green,93,Shane Battier,Miami Heat,
Base Green,94,Jason Thompson,Sacramento Kings,
Base Green,95,James Harden,Oklahoma City Thunder,
Base Green,96,Tyrus Thomas,Charlotte Bobcats,
Base Green,97,J.J. Barea,Minnesota Timberwolves,
Base Green,98,Tyler Hansbrough,Indiana Pacers,
Base Green,99,J.J. Hickson,Portland Trail Blazers,
Base Green,100,Louis Williams,Atlanta Hawks,
Base Green,101,Tim Duncan,San Antonio Spurs,
Base Green,102,Chris Kaman,Dallas Mavericks,
Base Green,103,Jodie Meeks,Los Angeles Lakers,
Base Green,104,Ty Lawson,Denver Nuggets,
Base Green,105,Derrick Favors,Utah Jazz,
Base Green,106,Luis Scola,Phoenix Suns,
Base Green,107,Rajon Rondo,Boston Celtics,
Base Green,108,Hedo Turkoglu,Orlando Magic,
Base Green,109,Rodney Stuckey,Detroit Pistons,
Base Green,110,Zach Randolph,Memphis Grizzlies,
Base Green,111,Steve Novak,New York Knicks,
Base Green,112,Jon Brockman,Houston Rockets,
Base Green,113,Steve Nash,Los Angeles Lakers,
Base Green,114,Joakim Noah,Chicago Bulls,
Base Green,115,Chase Budinger,Minnesota Timberwolves,
Base Green,116,Chris Bosh,Miami Heat,
Base Green,117,Brook Lopez,Brooklyn Nets,
Base Green,118,Jordan Crawford,Washington Wizards,
Base Green,119,Luc Mbah a Moute,Milwaukee Bucks,
Base Green,120,Tony Parker,San Antonio Spurs,
Base Green,121,Daniel Gibson,Cleveland Cavaliers,
Base Green,122,Chauncey Billups,Los Angeles Clippers,
Base Green,123,Brandon Rush,Golden State Warriors,
Base Green,124,Shawn Marion,Dallas Mavericks,
Base Green,125,Al Horford,Atlanta Hawks,
Base Green,126,Raja Bell,Utah Jazz,
Base Green,127,Daequan Cook,Oklahoma City Thunder,
Base Green,128,Goran Dragic,Phoenix Suns,
Base Green,129,Ben Gordon,Charlotte Bobcats,
Base Green,130,Andre Miller,Denver Nuggets,
Base Green,131,Jason Richardson,Philadelphia 76ers,
Base Green,132,Udonis Haslem,Miami Heat,
Base Green,133,Jason Terry,Boston Celtics,
Base Green,134,Nick Collison,Oklahoma City Thunder,
Base Green,135,Kevin Love,Minnesota Timberwolves,
Base Green,136,Marreese Speights,Memphis Grizzlies,
Base Green,137,Toney Douglas,Houston Rockets,
Base Green,138,Charlie Villanueva,Detroit Pistons,
Base Green,139,Tiago Splitter,San Antonio Spurs,
Base Green,140,George Hill,Indiana Pacers,
Base Green,141,Marcin Gortat,Phoenix Suns,
Base Green,142,Raymond Felton,New York Knicks,
Base Green,143,O.J. Mayo,Dallas Mavericks,
Base Green,144,Ersan Ilyasova,Milwaukee Bucks,
Base Green,145,Derrick Rose,Chicago Bulls,
Base Green,146,Trevor Ariza,Washington Wizards,
Base Green,147,Metta World Peace,Los Angeles Lakers,
Base Green,148,Mario Chalmers,Miami Heat,
Base Green,149,Joe Johnson,Brooklyn Nets,
Base Green,150,Josh Smith,Atlanta Hawks,
Base Green,151,Wilt Chamberlain,Los Angeles Lakers,
Base Green,152,Pete Maravich,Atlanta Hawks,
Base Green,153,Bill Russell,Boston Celtics,
Base Green,154,Oscar Robertson,Milwaukee Bucks,
Base Green,155,Hakeem Olajuwon,Houston Rockets,
Base Green,156,Julius Erving,Philadelphia 76ers,
Base Green,157,Dennis Rodman,Chicago Bulls,
Base Green,158,Maurice Cheeks,Philadelphia 76ers,
Base Green,159,Kareem Abdul-Jabbar,Los Angeles Lakers,
Base Green,160,Anfernee Hardaway,Orlando Magic,
Base Green,161,David Thompson,Denver Nuggets,
Base Green,162,Horace Grant,Chicago Bulls,
Base Green,163,Larry Bird,Boston Celtics,
Base Green,164,Rolando Blackman,Dallas Mavericks,
Base Green,165,Larry Johnson,Charlotte Hornets,
Base Green,166,Shaquille O'Neal,Los Angeles Lakers,
Base Green,167,Derrick Coleman,New Jersey Nets,
Base Green,168,Karl Malone,Utah Jazz,
Base Green,169,Moses Malone,Philadelphia 76ers,
Base Green,170,Mark Aguirre,Dallas Mavericks,
Base Green,171,Rudy Tomjanovich,Houston Rockets,
Base Green,172,Jerry West,Los Angeles Lakers,
Base Green,173,George Mikan,Minneapolis Lakers,
Base Green,174,Kelly Tripucka,Utah Jazz,
Base Green,175,David Robinson,San Antonio Spurs,
Base Green,176,Scottie Pippen,Chicago Bulls,
Base Green,177,Danny Manning,Phoenix Suns,
Base Green,178,Elgin Baylor,Los Angeles Lakers,
Base Green,179,Charles Oakley,New York Knicks,
Base Green,180,Sam Jones,Boston Celtics,
Base Green,181,Magic Johnson,Los Angeles Lakers,
Base Green,182,Isiah Thomas,Detroit Pistons,
Base Green,183,Bill Laimbeer,Detroit Pistons,
Base Green,184,Patrick Ewing,New York Knicks,
Base Green,185,Chris Mullin,Golden State Warriors,
Base Green,186,John Stockton,Utah Jazz,
Base Green,187,Allen Iverson,Philadelphia 76ers,
Base Green,188,Dominique Wilkins,Atlanta Hawks,
Base Green,189,Tim Hardaway,Golden State Warriors,
Base Green,190,Zydrunas Ilgauskas,Cleveland Cavaliers,
Base Green,191,George Gervin,San Antonio Spurs,
Base Green,192,Toni Kukoc,Chicago Bulls,
Base Green,193,James Worthy,Los Angeles Lakers,
Base Green,194,Vlade Divac,Los Angeles Lakers,
Base Green,195,Terry Porter,Portland Trail Blazers,
Base Green,196,Bill Walton,Portland Trail Blazers,
Base Green,197,Shawn Kemp,Seattle Supersonics,
Base Green,198,Yao Ming,Houston Rockets,
Base Green,199,Dikembe Mutombo,Houston Rockets,
Base Green,200,Alonzo Mourning,Miami Heat,
Base Green,201,Kyrie Irving,Cleveland Cavaliers,
Base Green,202,MarShon Brooks,Brooklyn Nets,
Base Green,203,Klay Thompson,Golden State Warriors,
Base Green,204,Alec Burks,Utah Jazz,
Base Green,205,Jimmy Butler,Chicago Bulls,
Base Green,206,Norris Cole,Miami Heat,
Base Green,207,Brandon Knight,Detroit Pistons,
Base Green,208,Kenneth Faried,Denver Nuggets,
Base Green,209,Kawhi Leonard,San Antonio Spurs,
Base Green,210,Reggie Jackson,Oklahoma City Thunder,
Base Green,211,Jordan Hamilton,Denver Nuggets,
Base Green,212,Jimmer Fredette,Sacramento Kings,
Base Green,213,Bismack Biyombo,Charlotte Bobcats,
Base Green,214,Enes Kanter,Utah Jazz,
Base Green,215,Marcus Morris,Houston Rockets,
Base Green,216,Chandler Parsons,Houston Rockets,
Base Green,217,Iman Shumpert,New York Knicks,
Base Green,218,Markieff Morris,Phoenix Suns,
Base Green,219,Tobias Harris,Milwaukee Bucks,
Base Green,220,Chris Singleton,Washington Wizards,
Base Green,221,Nolan Smith,Portland Trail Blazers,
Base Green,222,Isaiah Thomas,Sacramento Kings,
Base Green,223,Tristan Thompson,Cleveland Cavaliers,
Base Green,224,Jan Vesely,Washington Wizards,
Base Green,225,Kemba Walker,Charlotte Bobcats,
Base Green,226,Derrick Williams,Minnesota Timberwolves,
Base Green,227,Cory Joseph,San Antonio Spurs,
Base Green,228,JaJuan Johnson,Houston Rockets,
Base Green,229,Justin Harper,Orlando Magic,
Base Green,230,Shelvin Mack,Washington Wizards,
Base Green,231,Gustavo Ayon,Orlando Magic,
Base Green,232,Charles Jenkins,Golden State Warriors,
Base Green,233,Jeremy Tyler,Golden State Warriors,
Base Green,234,Kyle Singler,Detroit Pistons,
Base Green,235,Lavoy Allen,Philadelphia 76ers,
Base Green,236,Anthony Davis,New Orleans Hornets,
Base Green,237,Michael Kidd-Gilchrist,Charlotte Bobcats,
Base Green,238,Bradley Beal,Washington Wizards,
Base Green,239,Terrence Ross,Toronto Raptors,
Base Green,240,Austin Rivers,New Orleans Hornets,
Base Green,241,Jeremy Lamb,Houston Rockets,
Base Green,242,Dion Waiters,Cleveland Cavaliers,
Base Green,243,Darius Morris,Los Angeles Lakers,
Base Green,244,Thomas Robinson,Sacramento Kings,
Base Green,245,Damian Lillard,Portland Trail Blazers,
Base Green,246,Harrison Barnes,Golden State Warriors,
Base Green,247,Andre Drummond,Detroit Pistons,
Base Green,248,Meyers Leonard,Portland Trail Blazers,
Base Green,249,Kendall Marshall,Phoenix Suns,
Base Green,250,John Jenkins,Atlanta Hawks,
Base Green,251,John Henson,Milwaukee Bucks,
Base Green,252,E'Twaun Moore,Houston Rockets,
Base Green,253,Royce White,Houston Rockets,
Base Green,254,Tyler Zeller,Cleveland Cavaliers,
Base Green,255,Terrence Jones,Houston Rockets,
Base Green,256,Andrew Nicholson,Orlando Magic,
Base Green,257,Evan Fournier,Denver Nuggets,
Base Green,258,Jared Sullinger,Boston Celtics,
Base Green,259,Fab Melo,Boston Celtics,
Base Green,260,Jared Cunningham,Dallas Mavericks,
Base Green,261,Festus Ezeli,Golden State Warriors,
Base Green,262,Tony Wroten,Memphis Grizzlies,
Base Green,263,Miles Plumlee,Indiana Pacers,
Base Green,264,Marquis Teague,Chicago Bulls,
Base Green,265,Perry Jones,Oklahoma City Thunder,
Base Green,266,Arnett Moultrie,Philadelphia 76ers,
Base Green,267,Nikola Vucevic,Orlando Magic,
Base Green,268,Donald Sloan,Cleveland Cavaliers,
Base Green,269,Jon Leuer,Cleveland Cavaliers,
Base Green,270,Jordan Williams,Atlanta Hawks,
Base Green,271,Andrew Goudelock,Los Angeles Lakers,
Base Green,272,Lance Thomas,New Orleans Hornets,
Base Green,273,Cory Higgins,Charlotte Bobcats,
Base Green,274,Elliot Williams,Portland Trail Blazers,
Base Green,275,Terrel Harris,Miami Heat,
Base Green,276,Malcolm Lee,Minnesota Timberwolves,
Base Green,277,Jeff Taylor,Charlotte Bobcats,
Base Green,278,Jae Crowder,Dallas Mavericks,
Base Green,279,Orlando Johnson,Indiana Pacers,
Base Green,280,Jonas Valanciunas,Toronto Raptors,
Base Green,281,Bernard James,Dallas Mavericks,
Base Green,282,Draymond Green,Golden State Warriors,
Base Green,283,Quincy Acy,Toronto Raptors,
Base Green,284,Quincy Miller,Denver Nuggets,
Base Green,285,Khris Middleton,Detroit Pistons,
Base Green,286,Will Barton,Portland Trail Blazers,
Base Green,287,Tyshawn Taylor,Brooklyn Nets,
Base Green,288,Doron Lamb,Milwaukee Bucks,
Base Green,289,Josh Selby,Memphis Grizzlies,
Base Green,290,Kim English,Detroit Pistons,
Base Green,291,Justin Hamilton,Miami Heat,
Base Green,292,Kris Joseph,Boston Celtics,
Base Green,293,Julyan Stone,Denver Nuggets,
Base Green,294,DeAndre Liggins,Oklahoma City Thunder,
Base Green,295,Robert Sacre,Los Angeles Lakers,
Base Green,296,Darrell Arthur,Memphis Grizzlies,
Base Green,297,Kyle O'Quinn,Orlando Magic,
Base Green,298,Darius Miller,New Orleans Hornets,
Base Green,299,Darius Johnson-Odom,Los Angeles Lakers,
Base Green,300,Greg Stiemsma,Minnesota Timberwolves,
Downtown Bound,1,Ray Allen,Miami Heat,
Downtown Bound,2,Dirk Nowitzki,Dallas Mavericks,
Downtown Bound,3,Steve Novak,New York Knicks,
Downtown Bound,4,Steve Nash,Los Angeles Lakers,
Downtown Bound,5,Kevin Durant,Oklahoma City Thunder,
Downtown Bound,6,Kobe Bryant,Los Angeles Lakers,
Downtown Bound,7,Stephen Curry,Golden State Warriors,
Downtown Bound,8,Dwyane Wade,Miami Heat,
Downtown Bound,9,LeBron James,Miami Heat,
Downtown Bound,10,Jeremy Lin,Houston Rockets,
Downtown Bound,11,Brandon Jennings,Milwaukee Bucks,
Downtown Bound,12,Kevin Love,Minnesota Timberwolves,
Downtown Bound,13,Kyrie Irving,Cleveland Cavaliers,
Downtown Bound,14,Chris Paul,Los Angeles Clippers,
Downtown Bound,15,Mario Chalmers,Miami Heat,
Downtown Bound,16,Ryan Anderson,New Orleans Hornets,
Downtown Bound,17,Shane Battier,Miami Heat,
Downtown Bound,18,Paul Pierce,Boston Celtics,
Downtown Bound,19,James Harden,Oklahoma City Thunder,
Downtown Bound,20,Joe Johnson,Brooklyn Nets,
Downtown Bound,21,Russell Westbrook,Oklahoma City Thunder,
Downtown Bound,22,Deron Williams,Brooklyn Nets,
Downtown Bound,23,Danny Granger,Indiana Pacers,
Downtown Bound,24,Klay Thompson,Golden State Warriors,
Downtown Bound,25,Brandon Rush,Golden State Warriors,
Downtown Bound Gold,1,Ray Allen,Miami Heat,10
Downtown Bound Gold,2,Dirk Nowitzki,Dallas Mavericks,10
Downtown Bound Gold,3,Steve Novak,New York Knicks,10
Downtown Bound Gold,4,Steve Nash,Los Angeles Lakers,10
Downtown Bound Gold,5,Kevin Durant,Oklahoma City Thunder,10
Downtown Bound Gold,6,Kobe Bryant,Los Angeles Lakers,10
Downtown Bound Gold,7,Stephen Curry,Golden State Warriors,10
Downtown Bound Gold,8,Dwyane Wade,Miami Heat,10
Downtown Bound Gold,9,LeBron James,Miami Heat,10
Downtown Bound Gold,10,Jeremy Lin,Houston Rockets,10
Downtown Bound Gold,11,Brandon Jennings,Milwaukee Bucks,10
Downtown Bound Gold,12,Kevin Love,Minnesota Timberwolves,10
Downtown Bound Gold,13,Kyrie Irving,Cleveland Cavaliers,10
Downtown Bound Gold,14,Chris Paul,Los Angeles Clippers,10
Downtown Bound Gold,15,Mario Chalmers,Miami Heat,10
Downtown Bound Gold,16,Ryan Anderson,New Orleans Hornets,10
Downtown Bound Gold,17,Shane Battier,Miami Heat,10
Downtown Bound Gold,18,Paul Pierce,Boston Celtics,10
Downtown Bound Gold,19,James Harden,Oklahoma City Thunder,10
Downtown Bound Gold,20,Joe Johnson,Brooklyn Nets,10
Downtown Bound Gold,21,Russell Westbrook,Oklahoma City Thunder,10
Downtown Bound Gold,22,Deron Williams,Brooklyn Nets,10
Downtown Bound Gold,23,Danny Granger,Indiana Pacers,10
Downtown Bound Gold,24,Klay Thompson,Golden State Warriors,10
Downtown Bound Gold,25,Brandon Rush,Golden State Warriors,10
Downtown Bound Green,1,Ray Allen,Miami Heat,
Downtown Bound Green,2,Dirk Nowitzki,Dallas Mavericks,
Downtown Bound Green,3,Steve Novak,New York Knicks,
Downtown Bound Green,4,Steve Nash,Los Angeles Lakers,
Downtown Bound Green,5,Kevin Durant,Oklahoma City Thunder,
Downtown Bound Green,6,Kobe Bryant,Los Angeles Lakers,
Downtown Bound Green,7,Stephen Curry,Golden State Warriors,
Downtown Bound Green,8,Dwyane Wade,Miami Heat,
Downtown Bound Green,9,LeBron James,Miami Heat,
Downtown Bound Green,10,Jeremy Lin,Houston Rockets,
Downtown Bound Green,11,Brandon Jennings,Milwaukee Bucks,
Downtown Bound Green,12,Kevin Love,Minnesota Timberwolves,
Downtown Bound Green,13,Kyrie Irving,Cleveland Cavaliers,
Downtown Bound Green,14,Chris Paul,Los Angeles Clippers,
Downtown Bound Green,15,Mario Chalmers,Miami Heat,
Downtown Bound Green,16,Ryan Anderson,New Orleans Hornets,
Downtown Bound Green,17,Shane Battier,Miami Heat,
Downtown Bound Green,18,Paul Pierce,Boston Celtics,
Downtown Bound Green,19,James Harden,Oklahoma City Thunder,
Downtown Bound Green,20,Joe Johnson,Brooklyn Nets,
Downtown Bound Green,21,Russell Westbrook,Oklahoma City Thunder,
Downtown Bound Green,22,Deron Williams,Brooklyn Nets,
Downtown Bound Green,23,Danny Granger,Indiana Pacers,
Downtown Bound Green,24,Klay Thompson,Golden State Warriors,
Downtown Bound Green,25,Brandon Rush,Golden State Warriors,
Downtown Bound Silver,1,Ray Allen,Miami Heat,
Downtown Bound Silver,2,Dirk Nowitzki,Dallas Mavericks,
Downtown Bound Silver,3,Steve Novak,New York Knicks,
Downtown Bound Silver,4,Steve Nash,Los Angeles Lakers,
Downtown Bound Silver,5,Kevin Durant,Oklahoma City Thunder,
Downtown Bound Silver,6,Kobe Bryant,Los Angeles Lakers,
Downtown Bound Silver,7,Stephen Curry,Golden State Warriors,
Downtown Bound Silver,8,Dwyane Wade,Miami Heat,
Downtown Bound Silver,9,LeBron James,Miami Heat,
Downtown Bound Silver,10,Jeremy Lin,Houston Rockets,
Downtown Bound Silver,11,Brandon Jennings,Milwaukee Bucks,
Downtown Bound Silver,12,Kevin Love,Minnesota Timberwolves,
Downtown Bound Silver,13,Kyrie Irving,Cleveland Cavaliers,
Downtown Bound Silver,14,Chris Paul,Los Angeles Clippers,
Downtown Bound Silver,15,Mario Chalmers,Miami Heat,
Downtown Bound Silver,16,Ryan Anderson,New Orleans Hornets,
Downtown Bound Silver,17,Shane Battier,Miami Heat,
Downtown Bound Silver,18,Paul Pierce,Boston Celtics,
Downtown Bound Silver,19,James Harden,Oklahoma City Thunder,
Downtown Bound Silver,20,Joe Johnson,Brooklyn Nets,
Downtown Bound Silver,21,Russell Westbrook,Oklahoma City Thunder,
Downtown Bound Silver,22,Deron Williams,Brooklyn Nets,
Downtown Bound Silver,23,Danny Granger,Indiana Pacers,
Downtown Bound Silver,24,Klay Thompson,Golden State Warriors,
Downtown Bound Silver,25,Brandon Rush,Golden State Warriors,
Finalists,1,Bill Russell,Boston Celtics,
Finalists,2,Bill Laimbeer,Detroit Pistons,
Finalists,3,Kareem Abdul-Jabbar,Los Angeles Lakers,
Finalists,4,Scottie Pippen,Chicago Bulls,
Finalists,5,Kobe Bryant,Los Angeles Lakers,
Finalists,6,LeBron James,Miami Heat,
Finalists,7,Dwyane Wade,Miami Heat,
Finalists,8,Tim Duncan,San Antonio Spurs,
Finalists,9,David Robinson,San Antonio Spurs,
Finalists,10,Shaquille O'Neal,Los Angeles Lakers,
Finalists,11,Robert Horry,Houston Rockets,
Finalists,12,Magic Johnson,Los Angeles Lakers,
Finalists,13,Larry Bird,Boston Celtics,
Finalists,14,Dennis Rodman,Chicago Bulls,
Finalists,15,Derek Fisher,Los Angeles Lakers,
Finalists,16,Robert Parish,Boston Celtics,
Finalists,17,Kurt Rambis,Los Angeles Lakers,
Finalists,18,Chris Bosh,Miami Heat,
Finalists,19,Dirk Nowitzki,Dallas Mavericks,
Finalists,20,Jason Kidd,Dallas Mavericks,
Finalists,21,Tyson Chandler,Dallas Mavericks,
Finalists,22,Mario Chalmers,Miami Heat,
Finalists,23,Tony Parker,San Antonio Spurs,
Finalists,24,Chauncey Billups,Detroit Pistons,
Finalists,25,Hakeem Olajuwon,Houston Rockets,
Finalists,26,Isiah Thomas,Detroit Pistons,
Finalists,27,Joe Dumars,Detroit Pistons,
Finalists,28,James Worthy,Los Angeles Lakers,
Finalists,29,Toni Kukoc,Chicago Bulls,
Finalists,30,Rajon Rondo,Boston Celtics,
Finalists,31,Paul Pierce,Boston Celtics,
Finalists,32,Kevin Garnett,Boston Celtics,
Finalists,33,Ray Allen,Boston Celtics,
Finalists,34,Manu Ginobili,San Antonio Spurs,
Finalists,35,Clyde Drexler,Houston Rockets,
Finalists,36,Pau Gasol,Los Angeles Lakers,
Finalists,37,Jason Terry,Dallas Mavericks,
Finalists,38,Michael Finley,San Antonio Spurs,
Finalists Gold,1,Bill Russell,Boston Celtics,10
Finalists Gold,2,Bill Laimbeer,Detroit Pistons,10
Finalists Gold,3,Kareem Abdul-Jabbar,Los Angeles Lakers,10
Finalists Gold,4,Scottie Pippen,Chicago Bulls,10
Finalists Gold,5,Kobe Bryant,Los Angeles Lakers,10
Finalists Gold,6,LeBron James,Miami Heat,10
Finalists Gold,7,Dwyane Wade,Miami Heat,10
Finalists Gold,8,Tim Duncan,San Antonio Spurs,10
Finalists Gold,9,David Robinson,San Antonio Spurs,10
Finalists Gold,10,Shaquille O'Neal,Los Angeles Lakers,10
Finalists Gold,11,Robert Horry,Houston Rockets,10
Finalists Gold,12,Magic Johnson,Los Angeles Lakers,10
Finalists Gold,13,Larry Bird,Boston Celtics,10
Finalists Gold,14,Dennis Rodman,Chicago Bulls,10
Finalists Gold,15,Derek Fisher,Los Angeles Lakers,10
Finalists Gold,16,Robert Parish,Boston Celtics,10
Finalists Gold,17,Kurt Rambis,Los Angeles Lakers,10
Finalists Gold,18,Chris Bosh,Miami Heat,10
Finalists Gold,19,Dirk Nowitzki,Dallas Mavericks,10
Finalists Gold,20,Jason Kidd,Dallas Mavericks,10
Finalists Gold,21,Tyson Chandler,Dallas Mavericks,10
Finalists Gold,22,Mario Chalmers,Miami Heat,10
Finalists Gold,23,Tony Parker,San Antonio Spurs,10
Finalists Gold,24,Chauncey Billups,Detroit Pistons,10
Finalists Gold,25,Hakeem Olajuwon,Houston Rockets,10
Finalists Gold,26,Isiah Thomas,Detroit Pistons,10
Finalists Gold,27,Joe Dumars,Detroit Pistons,10
Finalists Gold,28,James Worthy,Los Angeles Lakers,10
Finalists Gold,29,Toni Kukoc,Chicago Bulls,10
Finalists Gold,30,Rajon Rondo,Boston Celtics,10
Finalists Gold,31,Paul Pierce,Boston Celtics,10
Finalists Gold,32,Kevin Garnett,Boston Celtics,10
Finalists Gold,33,Ray Allen,Boston Celtics,10
Finalists Gold,34,Manu Ginobili,San Antonio Spurs,10
Finalists Gold,35,Clyde Drexler,Houston Rockets,10
Finalists Gold,36,Pau Gasol,Los Angeles Lakers,10
Finalists Gold,37,Jason Terry,Dallas Mavericks,10
Finalists Gold,38,Michael Finley,San Antonio Spurs,10
Finalists Green,1,Bill Russell,Boston Celtics,
Finalists Green,2,Bill Laimbeer,Detroit Pistons,
Finalists Green,3,Kareem Abdul-Jabbar,Los Angeles Lakers,
Finalists Green,4,Scottie Pippen,Chicago Bulls,
Finalists Green,5,Kobe Bryant,Los Angeles Lakers,
Finalists Green,6,LeBron James,Miami Heat,
Finalists Green,7,Dwyane Wade,Miami Heat,
Finalists Green,8,Tim Duncan,San Antonio Spurs,
Finalists Green,9,David Robinson,San Antonio Spurs,
Finalists Green,10,Shaquille O'Neal,Los Angeles Lakers,
Finalists Green,11,Robert Horry,Houston Rockets,
Finalists Green,12,Magic Johnson,Los Angeles Lakers,
Finalists Green,13,Larry Bird,Boston Celtics,
Finalists Green,14,Dennis Rodman,Chicago Bulls,
Finalists Green,15,Derek Fisher,Los Angeles Lakers,
Finalists Green,16,Robert Parish,Boston Celtics,
Finalists Green,17,Kurt Rambis,Los Angeles Lakers,
Finalists Green,18,Chris Bosh,Miami Heat,
Finalists Green,19,Dirk Nowitzki,Dallas Mavericks,
Finalists Green,20,Jason Kidd,Dallas Mavericks,
Finalists Green,21,Tyson Chandler,Dallas Mavericks,
Finalists Green,22,Mario Chalmers,Miami Heat,
Finalists Green,23,Tony Parker,San Antonio Spurs,
Finalists Green,24,Chauncey Billups,Detroit Pistons,
Finalists Green,25,Hakeem Olajuwon,Houston Rockets,
Finalists Green,26,Isiah Thomas,Detroit Pistons,
Finalists Green,27,Joe Dumars,Detroit Pistons,
Finalists Green,28,James Worthy,Los Angeles Lakers,
Finalists Green,29,Toni Kukoc,Chicago Bulls,
Finalists Green,30,Rajon Rondo,Boston Celtics,
Finalists Green,31,Paul Pierce,Boston Celtics,
Finalists Green,32,Kevin Garnett,Boston Celtics,
Finalists Green,33,Ray Allen,Boston Celtics,
Finalists Green,34,Manu Ginobili,San Antonio Spurs,
Finalists Green,35,Clyde Drexler,Houston Rockets,
Finalists Green,36,Pau Gasol,Los Angeles Lakers,
Finalists Green,37,Jason Terry,Dallas Mavericks,
Finalists Green,38,Michael Finley,San Antonio Spurs,
Finalists Silver,1,Bill Russell,Boston Celtics,
Finalists Silver,2,Bill Laimbeer,Detroit Pistons,
Finalists Silver,3,Kareem Abdul-Jabbar,Los Angeles Lakers,
Finalists Silver,4,Scottie Pippen,Chicago Bulls,
Finalists Silver,5,Kobe Bryant,Los Angeles Lakers,
Finalists Silver,6,LeBron James,Miami Heat,
Finalists Silver,7,Dwyane Wade,Miami Heat,
Finalists Silver,8,Tim Duncan,San Antonio Spurs,
Finalists Silver,9,David Robinson,San Antonio Spurs,
Finalists Silver,10,Shaquille O'Neal,Los Angeles Lakers,
Finalists Silver,11,Robert Horry,Houston Rockets,
Finalists Silver,12,Magic Johnson,Los Angeles Lakers,
Finalists Silver,13,Larry Bird,Boston Celtics,
Finalists Silver,14,Dennis Rodman,Chicago Bulls,
Finalists Silver,15,Derek Fisher,Los Angeles Lakers,
Finalists Silver,16,Robert Parish,Boston Celtics,
Finalists Silver,17,Kurt Rambis,Los Angeles Lakers,
Finalists Silver,18,Chris Bosh,Miami Heat,
Finalists Silver,19,Dirk Nowitzki,Dallas Mavericks,
Finalists Silver,20,Jason Kidd,Dallas Mavericks,
Finalists Silver,21,Tyson Chandler,Dallas Mavericks,
Finalists Silver,22,Mario Chalmers,Miami Heat,
Finalists Silver,23,Tony Parker,San Antonio Spurs,
Finalists Silver,24,Chauncey Billups,Detroit Pistons,
Finalists Silver,25,Hakeem Olajuwon,Houston Rockets,
Finalists Silver,26,Isiah Thomas,Detroit Pistons,
Finalists Silver,27,Joe Dumars,Detroit Pistons,
Finalists Silver,28,James Worthy,Los Angeles Lakers,
Finalists Silver,29,Toni Kukoc,Chicago Bulls,
Finalists Silver,30,Rajon Rondo,Boston Celtics,
Finalists Silver,31,Paul Pierce,Boston Celtics,
Finalists Silver,32,Kevin Garnett,Boston Celtics,
Finalists Silver,33,Ray Allen,Boston Celtics,
Finalists Silver,34,Manu Ginobili,San Antonio Spurs,
Finalists Silver,35,Clyde Drexler,Houston Rockets,
Finalists Silver,36,Pau Gasol,Los Angeles Lakers,
Finalists Silver,37,Jason Terry,Dallas Mavericks,
Finalists Silver,38,Michael Finley,San Antonio Spurs,
Most Valuable Players,1,LeBron James,Miami Heat,
Most Valuable Players,2,Derrick Rose,Chicago Bulls,
Most Valuable Players,3,Kobe Bryant,Los Angeles Lakers,
Most Valuable Players,4,Dirk Nowitzki,Dallas Mavericks,
Most Valuable Players,5,Steve Nash,Phoenix Suns,
Most Valuable Players,6,Kevin Garnett,Minnesota Timberwolves,
Most Valuable Players,7,Tim Duncan,San Antonio Spurs,
Most Valuable Players,8,Allen Iverson,Philadelphia 76ers,
Most Valuable Players,9,Shaquille O'Neal,Los Angeles Lakers,
Most Valuable Players,10,Karl Malone,Utah Jazz,
Most Valuable Players,11,David Robinson,San Antonio Spurs,
Most Valuable Players,12,Hakeem Olajuwon,Houston Rockets,
Most Valuable Players,13,Magic Johnson,Los Angeles Lakers,
Most Valuable Players,14,Larry Bird,Boston Celtics,
Most Valuable Players,15,Moses Malone,Houston Rockets,
Most Valuable Players,16,Julius Erving,Philadelphia 76ers,
Most Valuable Players,17,Kareem Abdul-Jabbar,Los Angeles Lakers,
Most Valuable Players,18,Bill Walton,Portland Trail Blazers,
Most Valuable Players,19,Bob McAdoo,Buffalo Braves,
Most Valuable Players,20,Dave Cowens,Boston Celtics,
Most Valuable Players,21,Willis Reed,New York Knicks,
Most Valuable Players,22,Wes Unseld,Baltimore Bullets,
Most Valuable Players,23,Wilt Chamberlain,Philadelphia Warriors,
Most Valuable Players,24,Bill Russell,Boston Celtics,
Most Valuable Players,25,Oscar Robertson,Cincinnati Royals,
Most Valuable Players Gold,1,LeBron James,Miami Heat,10
Most Valuable Players Gold,2,Derrick Rose,Chicago Bulls,10
Most Valuable Players Gold,3,Kobe Bryant,Los Angeles Lakers,10
Most Valuable Players Gold,4,Dirk Nowitzki,Dallas Mavericks,10
Most Valuable Players Gold,5,Steve Nash,Phoenix Suns,10
Most Valuable Players Gold,6,Kevin Garnett,Minnesota Timberwolves,10
Most Valuable Players Gold,7,Tim Duncan,San Antonio Spurs,10
Most Valuable Players Gold,8,Allen Iverson,Philadelphia 76ers,10
Most Valuable Players Gold,9,Shaquille O'Neal,Los Angeles Lakers,10
Most Valuable Players Gold,10,Karl Malone,Utah Jazz,10
Most Valuable Players Gold,11,David Robinson,San Antonio Spurs,10
Most Valuable Players Gold,12,Hakeem Olajuwon,Houston Rockets,10
Most Valuable Players Gold,13,Magic Johnson,Los Angeles Lakers,10
Most Valuable Players Gold,14,Larry Bird,Boston Celtics,10
Most Valuable Players Gold,15,Moses Malone,Houston Rockets,10
Most Valuable Players Gold,16,Julius Erving,Philadelphia 76ers,10
Most Valuable Players Gold,17,Kareem Abdul-Jabbar,Los Angeles Lakers,10
Most Valuable Players Gold,18,Bill Walton,Portland Trail Blazers,10
Most Valuable Players Gold,19,Bob McAdoo,Buffalo Braves,10
Most Valuable Players Gold,20,Dave Cowens,Boston Celtics,10
Most Valuable Players Gold,21,Willis Reed,New York Knicks,10
Most Valuable Players Gold,22,Wes Unseld,Baltimore Bullets,10
Most Valuable Players Gold,23,Wilt Chamberlain,Philadelphia Warriors,10
Most Valuable Players Gold,24,Bill Russell,Boston Celtics,10
Most Valuable Players Gold,25,Oscar Robertson,Cincinnati Royals,10
Most Valuable Players Green,1,LeBron James,Miami Heat,
Most Valuable Players Green,2,Derrick Rose,Chicago Bulls,
Most Valuable Players Green,3,Kobe Bryant,Los Angeles Lakers,
Most Valuable Players Green,4,Dirk Nowitzki,Dallas Mavericks,
Most Valuable Players Green,5,Steve Nash,Phoenix Suns,
Most Valuable Players Green,6,Kevin Garnett,Minnesota Timberwolves,
Most Valuable Players Green,7,Tim Duncan,San Antonio Spurs,
Most Valuable Players Green,8,Allen Iverson,Philadelphia 76ers,
Most Valuable Players Green,9,Shaquille O'Neal,Los Angeles Lakers,
Most Valuable Players Green,10,Karl Malone,Utah Jazz,
Most Valuable Players Green,11,David Robinson,San Antonio Spurs,
Most Valuable Players Green,12,Hakeem Olajuwon,Houston Rockets,
Most Valuable Players Green,13,Magic Johnson,Los Angeles Lakers,
Most Valuable Players Green,14,Larry Bird,Boston Celtics,
Most Valuable Players Green,15,Moses Malone,Houston Rockets,
Most Valuable Players Green,16,Julius Erving,Philadelphia 76ers,
Most Valuable Players Green,17,Kareem Abdul-Jabbar,Los Angeles Lakers,
Most Valuable Players Green,18,Bill Walton,Portland Trail Blazers,
Most Valuable Players Green,19,Bob McAdoo,Buffalo Braves,
Most Valuable Players Green,20,Dave Cowens,Boston Celtics,
Most Valuable Players Green,21,Willis Reed,New York Knicks,
Most Valuable Players Green,22,Wes Unseld,Baltimore Bullets,
Most Valuable Players Green,23,Wilt Chamberlain,Philadelphia Warriors,
Most Valuable Players Green,24,Bill Russell,Boston Celtics,
Most Valuable Players Green,25,Oscar Robertson,Cincinnati Royals,
Most Valuable Players Silver,1,LeBron James,Miami Heat,
Most Valuable Players Silver,2,Derrick Rose,Chicago Bulls,
Most Valuable Players Silver,3,Kobe Bryant,Los Angeles Lakers,
Most Valuable Players Silver,4,Dirk Nowitzki,Dallas Mavericks,
Most Valuable Players Silver,5,Steve Nash,Phoenix Suns,
Most Valuable Players Silver,6,Kevin Garnett,Minnesota Timberwolves,
Most Valuable Players Silver,7,Tim Duncan,San Antonio Spurs,
Most Valuable Players Silver,8,Allen Iverson,Philadelphia 76ers,
Most Valuable Players Silver,9,Shaquille O'Neal,Los Angeles Lakers,
Most Valuable Players Silver,10,Karl Malone,Utah Jazz,
Most Valuable Players Silver,11,David Robinson,San Antonio Spurs,
Most Valuable Players Silver,12,Hakeem Olajuwon,Houston Rockets,
Most Valuable Players Silver,13,Magic Johnson,Los Angeles Lakers,
Most Valuable Players Silver,14,Larry Bird,Boston Celtics,
Most Valuable Players Silver,15,Moses Malone,Houston Rockets,
Most Valuable Players Silver,16,Julius Erving,Philadelphia 76ers,
Most Valuable Players Silver,17,Kareem Abdul-Jabbar,Los Angeles Lakers,
Most Valuable Players Silver,18,Bill Walton,Portland Trail Blazers,
Most Valuable Players Silver,19,Bob McAdoo,Buffalo Braves,
Most Valuable Players Silver,20,Dave Cowens,Boston Celtics,
Most Valuable Players Silver,21,Willis Reed,New York Knicks,
Most Valuable Players Silver,22,Wes Unseld,Baltimore Bullets,
Most Valuable Players Silver,23,Wilt Chamberlain,Philadelphia Warriors,
Most Valuable Players Silver,24,Bill Russell,Boston Celtics,
Most Valuable Players Silver,25,Oscar Robertson,Cincinnati Royals,
USA Basketball,1,Tyson Chandler,USA Basketball,
USA Basketball,2,Kevin Durant,USA Basketball,
USA Basketball,3,LeBron James,USA Basketball,
USA Basketball,4,Russell Westbrook,USA Basketball,
USA Basketball,5,Deron Williams,USA Basketball,
USA Basketball,6,Andre Iguodala,USA Basketball,
USA Basketball,7,Kobe Bryant,USA Basketball,
USA Basketball,8,Kevin Love,USA Basketball,
USA Basketball,9,James Harden,USA Basketball,
USA Basketball,10,Chris Paul,USA Basketball,
USA Basketball,11,Anthony Davis,USA Basketball,
USA Basketball,12,Carmelo Anthony,USA Basketball,
USA Basketball Gold,1,Tyson Chandler,USA Basketball,10
USA Basketball Gold,2,Kevin Durant,USA Basketball,10
USA Basketball Gold,3,LeBron James,USA Basketball,10
USA Basketball Gold,4,Russell Westbrook,USA Basketball,10
USA Basketball Gold,5,Deron Williams,USA Basketball,10
USA Basketball Gold,6,Andre Iguodala,USA Basketball,10
USA Basketball Gold,7,Kobe Bryant,USA Basketball,10
USA Basketball Gold,8,Kevin Love,USA Basketball,10
USA Basketball Gold,9,James Harden,USA Basketball,10
USA Basketball Gold,10,Chris Paul,USA Basketball,10
USA Basketball Gold,11,Anthony Davis,USA Basketball,10
USA Basketball Gold,12,Carmelo Anthony,USA Basketball,10
USA Basketball Green,1,Tyson Chandler,USA Basketball,
USA Basketball Green,2,Kevin Durant,USA Basketball,
USA Basketball Green,3,LeBron James,USA Basketball,
USA Basketball Green,4,Russell Westbrook,USA Basketball,
USA Basketball Green,5,Deron Williams,USA Basketball,
USA Basketball Green,6,Andre Iguodala,USA Basketball,
USA Basketball Green,7,Kobe Bryant,USA Basketball,
USA Basketball Green,8,Kevin Love,USA Basketball,
USA Basketball Green,9,James Harden,USA Basketball,
USA Basketball Green,10,Chris Paul,USA Basketball,
USA Basketball Green,11,Anthony Davis,USA Basketball,
USA Basketball Green,12,Carmelo Anthony,USA Basketball,
USA Basketball Silver,1,Tyson Chandler,USA Basketball,
USA Basketball Silver,2,Kevin Durant,USA Basketball,
USA Basketball Silver,3,LeBron James,USA Basketball,
USA Basketball Silver,4,Russell Westbrook,USA Basketball,
USA Basketball Silver,5,Deron Williams,USA Basketball,
USA Basketball Silver,6,Andre Iguodala,USA Basketball,
USA Basketball Silver,7,Kobe Bryant,USA Basketball,
USA Basketball Silver,8,Kevin Love,USA Basketball,
USA Basketball Silver,9,James Harden,USA Basketball,
USA Basketball Silver,10,Chris Paul,USA Basketball,
USA Basketball Silver,11,Anthony Davis,USA Basketball,
USA Basketball Silver,12,Carmelo Anthony,USA Basketball,
