BASE,,,,
US1,Aaron Thompson,Minnesota Twins,,
US2,Wilmer Difo,Washington Nationals,Rookie,
US3,Tyler Wilson,Baltimore Orioles,Rookie,
US4,Jean Machi,Boston Red Sox,,
US5,Ryan Vogelsong,San Francisco Giants,,
US6,David DeJesus,Angels,,
US7,Brad Miller,Seattle Mariners,,
US8,Alex Claudio,Texas Rangers,Rookie,
US9,Shane Greene,Detroit Tigers,Future Star,
US10,Bobby Parnell,New York Mets,,
US11,Evan Gattis,Houston Astros,Future Star,
US12,Travis Ishikawa,Pittsburgh Pirates,,
US13,Tommy Pham,St. Louis Cardinals,Rookie,
US14,Joey Gallo,Texas Rangers,Rookie Debut,
US15,River City Rakers,Pittsburgh Pirates,,
US16,John Axford,Colorado Rockies,,
US17,Manny Machado,Baltimore Orioles,,
US18,Michael Blazek,Milwaukee Brewers,,
US19,Erasmo Ramirez,Tampa Bay Rays,,
US20,Cole Hamels,Texas Rangers,,
US21,High-Voltage Battery,San Francisco Giants,,
US22,Jake Diekman,Texas Rangers,,
US23,Kevin Plawecki,New York Mets,Rookie,
US24,Chris Young,New York Yankees,,
US25,Byron Buxton,Minnesota Twins,Rookie,
US26,Jack Leathersich,New York Mets,Rookie,
US27,Nathan Eovaldi,New York Yankees,,
US28,Miguel Cabrera,Detroit Tigers,,
US29,Ben Paulsen,Colorado Rockies,,
US30,David Phelps,Miami Marlins,,
US31,Gordon Beckham,Chicago White Sox,,
US32,Blake Swihart,Boston Red Sox,Rookie,
US33,Alex Rodriguez,New York Yankees,,
US34,Matt Andriese,Tampa Bay Rays,Rookie,
US35,Justin Bour,Miami Marlins,Rookie,
US36,Roberto Perez,Cleveland Indians,,
US37,Luis Avilan,Los Angeles Dodgers,,
US38,Michael Lorenzen,Cincinnati Reds,Rookie,
US39,Potent PadresTM,San Diego Padres,,
US40,Sam Dyson,Miami Marlins,,
US41,Travis Shaw,Boston Red Sox,Rookie Combos,
,Allan Dykstra,Tampa Bay Rays,Rookie Combos,
US42,Madison Bumgarner,San Francisco Giants,,
US43,Randall Delgado,Arizona Diamondbacks,,
US44,Tim Cooney,St. Louis Cardinals,Rookie,
US45,Ryan Lavarnway,Atlanta Braves,,
US46,David Price,Toronto Blue Jays,,
US47,Jeremy Jeffress,Milwaukee Brewers,,
US48,Carlos Perez,Angels,Rookie,
US49,Mark Canha,Oakland Athletics,Rookie,
US50,Alex Guerrero,Los Angeles Dodgers,,
US51,Yasmani Grandal,Los Angeles Dodgers,,
US52,Cody Anderson,Cleveland Indians,Rookie,Combos
,Phil Klein,Texas Rangers,Rookie,Combos
US53,Daniel Norris,Detroit Tigers,Rookie,
US54,Tyler Ladendorf,Oakland Athletics,Rookie,Combos
US54,Max Muncy,Oakland Athletics,Rookie,Combos
US55,Hank Conger,Houston Astros,,
US56,Kevin Siegrist,St. Louis Cardinals,,
US57,Nick Ahmed,Arizona Diamondbacks,,
US58,Josh Donaldson,Toronto Blue Jays,,
US59,Rafael Martin,Washington Nationals,Rookie Combos,
,Matt Grace,Washington Nationals,Rookie Combos,
US60,Branden Pinder,New York Yankees,Rookie,
US61,Dallas Keuchel,Houston Astros,,
US62,Brian Dozier,Minnesota Twins,,
US63,Kelvin Herrera,Kansas City Royals,,
US64,David Price,Detroit Tigers,,
US65,Todd Frazier,Cincinnati Reds,,

US66,Neftali Feliz,Detroit Tigers,,
US67,Leonel Campos,San Diego Padres,Rookie,
US68,Albert Pujols,Angels,,
US69,Zach McAllister,Cleveland Indians,,
US70,Vance Worley,Pittsburgh Pirates,,
US71,Joakim Soria,Pittsburgh Pirates,,
US72,Brett Gardner,New York Yankees,,
US73,Tyler Saladino,Chicago White Sox,Rookie,
US74,Giovanny Urshela,Cleveland Indians,Rookie,
US75,Ross Detwiler,Atlanta Braves,,
US76,Lorenzo Cain,Kansas City Royals,,
US77,Joe Smith,Angels,,
US78,Kris Bryant,Chicago Cubs,Rookie,
US79,Rookies Rising,Chicago Cubs,Rookie,
US80,Juan Uribe,New York Mets,,
US81,Pat Venditte,Oakland Athletics,Rookie,
US82,Francisco Lindor,Cleveland Indians,Rookie,
US83,Mason Williams,New York Yankees,Rookie,
US84,Sean O'Sullivan,Philadelphia Phillies,,
US85,Justin Nicolino,Miami Marlins,Rookie,
US86,Chris Colabello,Toronto Blue Jays,,
US87,Zack Greinke,Los Angeles Dodgers,,
US88,Marc Rzepczynski,San Diego Padres,,
US89,Kendall Graveman,Oakland Athletics,,
US90,Jacob deGrom,New York Mets,,
US91,Brad Boxberger,Tampa Bay Rays,,
US92,Justin Upton,San Diego Padres,,
US93,Sonny Gray,Oakland Athletics,,
US94,Shane Victorino,Angels,,
US95,Elvis Araujo,Philadelphia Phillies,Rookie,
US96,Ben Zobrist,Kansas City Royals,,
US97,Josh Ravin,Los Angeles Dodgers,Rookie,
US98,Josh Fields,Houston Astros,,
US99,Daniel Fields,Detroit Tigers,Rookie,
US100,Andrew McCutchen,Pittsburgh Pirates,,
US101,Jumbo Diaz,Cincinnati Reds,,
US102,Chi Chi Gonzalez,Texas Rangers,Rookie,
US103,Joey Gallo,Texas Rangers,Rookie,
US104,Steve Cishek,St. Louis Cardinals,,
US105,Brandon Moss,St. Louis Cardinals,,
US106,Shelby Miller,Atlanta Braves,,
US107,Carlos Gomez,Houston Astros,,
US108,Adonis Garcia,Atlanta Braves,Rookie,Combos
,Jefry Marte,Detroit Tigers,Rookie,Combos
US109,Anthony Ranaudo,Texas Rangers,Rookie,
US110,Andrew McKirahan,Atlanta Braves,Rookie,Combos
US110,Sugar Ray Marimon,Atlanta Braves,Rookie,Combos
US111,Todd Cunningham,Atlanta Braves,,
US112,Conor Gillaspie,Angels,,
US113,Eric Campbell,New York Mets,,
US114,Jason Garcia,Baltimore Orioles,Rookie Combos,
,Scott Copeland,Toronto Blue Jays,Rookie Combos,
US115,Stephen Vogt,Oakland Athletics,,
US116,Miguel Castro,Colorado Rockies,Rookie,
US117,Enrique Hernandez,Los Angeles Dodgers,,
US118,Jason Frasor,Atlanta Braves,,
US119,Jacob Lindgren,New York Yankees,Rookie,
US120,Brandon Cunniff,Atlanta Braves,Rookie,
US121,Alexi Ogando,Boston Red Sox,,
US122,Marlon Byrd,Cincinnati Reds,,
US123,Felix Hernandez,Seattle Mariners,,
US124,Preston Tucker,Houston Astros,Rookie,
US125,Ben Revere,Toronto Blue Jays,,
US126,Tyler Olson,Seattle Mariners,Rookie,
US127,Eduardo Rodriguez,Boston Red Sox,Rookie,
US128,Brock Holt,Boston Red Sox,,
US129,David Ross,Chicago Cubs,,
US130,Jonathan Villar,Houston Astros,,
US131,Jordan Pacheco,Arizona Diamondbacks,,
US132,Gerardo Parra,Baltimore Orioles,,
US133,Vinnie Pestano,Angels,,

US134,Steven Matz,New York Mets,Rookie Debut,
US135,Jason Heyward,St. Louis Cardinals,,
US136,Byron Buxton,Minnesota Twins,Rookie Debut,
US137,Andrew Romine,Detroit Tigers,,
US138,Dellin Betances,New York Yankees,,
US139,Mike Moustakas,Kansas City Royals,,
US140,Mark Melancon,Pittsburgh Pirates,,
US141,Glen Perkins,Minnesota Twins,,
US142,Kendrys Morales,Kansas City Royals,,
US143,Tommy Hunter,Chicago Cubs,,
US144,Delino DeShields Jr.,Texas Rangers,Rookie,
US145,Yasmany Tomas,Arizona Diamondbacks,Rookie Debut,
US146,Aaron Harang,Philadelphia Phillies,,
US147,Chris Archer,Tampa Bay Rays,,
US148,Taylor Featherston,Angels,Rookie,
US149,Thomas Field,Texas Rangers,,
US150,Eric Sogard,Oakland Athletics,,
US151,Colby Lewis,Texas Rangers,,
US152,J.R. Graham,Minnesota Twins,Rookie,
US153,Archie Bradley,Arizona Diamondbacks,Rookie Debut,
US154,Paul Goldschmidt,Arizona Diamondbacks,,
US155,Yoenis Cespedes,New York Mets,,
US156,Amazing Astros,Houston Astros,,
US157,Noah Syndergaard,New York Mets,Rookie,
US158,Jason Kipnis,Cleveland Indians,,
US159,Darren O'Day,Baltimore Orioles,,
US160,Slade Heathcott,New York Yankees,Rookie,
US161,Jeff Samardzija,Chicago White Sox,,
US162,Jorge Soler,Chicago Cubs,Rookie Debut,
US163,Andrew Heaney,Angels,,
US164,Johnny Giavotella,Angels,,
US165,Seth Maness,St. Louis Cardinals,,
US166,Severino Gonzalez,Philadelphia Phillies,Rookie,
US167,Derek Norris,San Diego Padres,,
US168,George Kontos,San Francisco Giants,,
US169,Max Scherzer,Washington Nationals,,
US170,Mike Foltynewicz,Atlanta Braves,Rookie,
US171,Jhonny Peralta,St. Louis Cardinals,,
US172,Adrian Gonzalez,Los Angeles Dodgers,,
US173,Salvador Perez,Kansas City Royals,,
US174,Carlos Correa,Houston Astros,Rookie,
US175,Edinson Volquez,Kansas City Royals,,
US176,Austin Hedges,San Diego Padres,Rookie,
US177,Matt Holliday,St. Louis Cardinals,,
US178,Zach Duke,Chicago White Sox,,
US179,Adam Liberatore,Los Angeles Dodgers,Rookie,
US180,Tyler Collins,Detroit Tigers,,
US181,Jimmy Paredes,Baltimore Orioles,Future Star,
US182,Scott Van Slyke,Los Angeles Dodgers,,
US183,Justin Turner,Los Angeles Dodgers,,
US184,Sean Rodriguez,Pittsburgh Pirates,,
US185,David Murphy,Angels,,
US186,A.J. Pollock,Arizona Diamondbacks,,
US187,Heart of the Order,Toronto Blue Jays,,
US188,Young & Relentless,New York Mets,,
US189,Adam Warren,New York Yankees,,
US190,Shelby Miller,Atlanta Braves,,
US191,Royals Crush,Kansas City Royals,,
US192,Albert Pujols,Angels,,
US193,Angel Castro,Oakland Athletics,Rookie,Combos
,Arnold Leon,Oakland Athletics,Rookie,Combos
US194,Chris Rearick,San Diego Padres,Rookie,Combos
,Cory Mazzoni,San Diego Padres,Rookie,Combos
US195,A.J. Ramos,Miami Marlins,,
US196,Paulo Orlando,Kansas City Royals,Rookie,
US197,Wandy Rodriguez,Texas Rangers,,
US198,Brett Anderson,Los Angeles Dodgers,,
US199,Troy Tulowitzki,Colorado Rockies,,
US200,Adam Jones,Baltimore Orioles,,
US201,Jose Altuve,Houston Astros,,
US202,Manny Machado,Baltimore Orioles,,

US203,Jesse Hahn,Oakland Athletics,
US204,Jeff Francoeur,Philadelphia Phillies,
US205,Andres Blanco,Philadelphia Phillies,
US206,Mike Pelfrey,Minnesota Twins,
US207,Chris Young,Kansas City Royals,
US208,Addison Russell,Chicago Cubs,Rookie Debut
US209,Prince Fielder,Texas Rangers,
US210,Yunel Escobar,Washington Nationals,
US211,Tommy Milone,Minnesota Twins,
US212,Scott Carroll,Chicago White Sox,
US213,Home Run Halos,Angels,
US214,Yadier Molina,St. Louis Cardinals,
US215,Jonathan Papelbon,Washington Nationals,
US216,Carlos Peguero,Boston Red Sox,
US217,Franklin Morales,Kansas City Royals,
US218,Pedro Ciriaco,Atlanta Braves,
US219,Michael Morse,Pittsburgh Pirates,
US220,Addison Russell,Chicago Cubs,Rookie
US221,Francisco Rodriguez,Milwaukee Brewers,
US222,Arquimedes Caminero,Pittsburgh Pirates,
US223,Kevin Jepsen,Minnesota Twins,
US224,Ezequiel Carrera,Toronto Blue Jays,
US225,Keone Kela,Texas Rangers,Rookie
US226,Josh Donaldson,Toronto Blue Jays,
US227,Mike Trout,Angels,
US228,Geovany Soto,Chicago White Sox,
US229,Hector Gomez,Milwaukee Brewers,
US230,Shawn Tolleson,Texas Rangers,
US231,Felipe Rivero,Washington Nationals,Rookie
US232,Hansel Robles,New York Mets,Rookie
US233,Danny Muno,New York Mets,Rookie
US234,Noah Syndergaard,New York Mets,Rookie Debut
US235,Anthony Rizzo,Chicago Cubs,
US236,Angel Nesbitt,Detroit Tigers,Rookie
US237,Craig Kimbrel,San Diego Padres,
US238,A.J. Cole,Washington Nationals,Rookie
US239,Michael McKenry,Colorado Rockies,
US240,Jonathan Papelbon,Philadelphia Phillies,
US241,Sluggers Supreme,Boston Red Sox,
US242,Kris Bryant,Chicago Cubs,Rookie
US243,Austin Adams,Cleveland Indians,
US244,Colby Rasmus,Houston Astros,
US245,Rubby De La Rosa,Arizona Diamondbacks,
US246,Blaine Hardy,Detroit Tigers,
US247,Ryan Braun,Milwaukee Brewers,
US248,Lance McCullers,Houston Astros,Rookie
US249,Anthony Rizzo,Chicago Cubs,
US250,Danny Valencia,Oakland Athletics,
US251,Carlos Correa,Houston Astros,Rookie Debut
US252,Francisco Rodriguez,Milwaukee Brewers,
US253,Trevor Rosenthal,St. Louis Cardinals,
US254,Billy Burns,Oakland Athletics,
US255,Sean Gilmartin,New York Mets,Rookie
US256,Darrell Ceciliani,New York Mets,Rookie Combos
,Danny Dorn,Arizona Diamondbacks,Rookie Combos
US257,Josh Hamilton,Texas Rangers,
US258,Vincent Velasquez,Houston Astros,Rookie Combos
,Ryan O'Rourke,Minnesota Twins,Rookie Combos
US259,John Jaso,Tampa Bay Rays,
US260,Andrew Miller,New York Yankees,
US261,R.J. Alvarez,Oakland Athletics,Rookie
US262,Eric Young Jr.,Atlanta Braves,
US263,Pedro Strop,Chicago Cubs,
US264,Brock Holt,Boston Red Sox,Future Star
US265,Brett Lawrie,Oakland Athletics,
US266,Ike Davis,Oakland Athletics,
US267,Joe Ross,Washington Nationals,Rookie
US268,Troy Tulowitzki,Toronto Blue Jays,
US269,Burke Badenhop,Cincinnati Reds,
US270,Craig Breslow,Boston Red Sox,
US271,Mike Leake,San Francisco Giants,

US272,Matt Duffy,San Francisco Giants,Future Star
US273,Justin Upton,San Diego Padres,
US274,Tucker Barnhart,Cincinnati Reds,
US275,Casey McGehee,Miami Marlins,
US276,Alex Wilson,Detroit Tigers,
US277,Yasmani Grandal,Los Angeles Dodgers,
US278,Rene Rivera,Tampa Bay Rays,
US279,Juan Nicasio,Los Angeles Dodgers,
US280,Mike Bolsinger,Los Angeles Dodgers,Future Star
US281,Manny Banuelos,Atlanta Braves,Rookie
US282,Jose Iglesias,Detroit Tigers,
US283,Kris Bryant,Chicago Cubs,Rookie Debut
US284,Matt Wisler,Atlanta Braves,Rookie
US285,Josh Rutledge,Boston Red Sox,
US286,Francisco Lindor,Cleveland Indians,Rookie Debut
US287,Jim Johnson,Los Angeles Dodgers,
US288,Matt Joyce,Angels,
US289,Williams Perez,Atlanta Braves,Rookie
US290,Zach Britton,Baltimore Orioles,
US291,Eddie Butler,Colorado Rockies,Future Star
US292,Chad Qualls,Houston Astros,
US293,Cesar Ramos,Angels,
US294,Mark Trumbo,Seattle Mariners,
US295,Russell Martin,Toronto Blue Jays,
US296,J.B. Shuck,Chicago White Sox,
US297,Wade Davis,Kansas City Royals,
US298,Rey Navarro,Baltimore Orioles,Rookie Combos
,Dusty Coleman,Kansas City Royals,Rookie Combos
US299,Mikie Mahtook,Tampa Bay Rays,Rookie
US300,Max Scherzer,Washington Nationals,
US301,Carlos Villanueva,St. Louis Cardinals,
US302,Chris Sale,Chicago White Sox,
US303,Asher Wojciechowski,Houston Astros,Rookie
US304,Johnny Cueto,Kansas City Royals,
US305,Ryan Tepera,Toronto Blue Jays,Rookie
US306,Vidal Nuno,Seattle Mariners,
US307,Hector Santiago,Angels,
US308,Joey Butler,Tampa Bay Rays,
US309,Howie Kendrick,Los Angeles Dodgers,
US310,Clayton Kershaw,Los Angeles Dodgers,
US311,Carlos Martinez,St. Louis Cardinals,
US312,Scott Oberg,Colorado Rockies,Rookie Combos
,Deolis Guerra,Pittsburgh Pirates,Rookie Combos
US313,Jose Urena,Miami Marlins,Rookie
US314,Rafael Betancourt,Colorado Rockies,
US315,Kyle Kendrick,Colorado Rockies,
US316,Tyler Clippard,New York Mets,
US317,Luis Sardinas,Milwaukee Brewers,
US318,Phillippe Aumont,Philadelphia Phillies,
US319,Will Harris,Houston Astros,Future Star
US320,Josh Donaldson,Toronto Blue Jays,
US321,Chris Heston,San Francisco Giants,Rookie
US322,Mat Latos,Los Angeles Dodgers,
US323,Joc Pederson,Los Angeles Dodgers,Rookie
US324,Carlos Rodon,Chicago White Sox,Rookie
US325,Matt Kemp,San Diego Padres,
US326,Jonathan Herrera,Chicago Cubs,
US327,Ryan Webb,Cleveland Indians,
US328,Brandon Morrow,San Diego Padres,
US329,J.D. Martinez,Detroit Tigers,
US330,Nate Karns,Tampa Bay Rays,
US331,Orlando Calixte,Kansas City Royals,Rookie
US332,Matt Boyd,Detroit Tigers,Rookie
US333,Mark Reynolds,St. Louis Cardinals,
US334,Clint Barmes,San Diego Padres,
US335,Norichika Aoki,San Francisco Giants,
US336,Mark Teixeira,New York Yankees,
US337,Martin Prado,Miami Marlins,
US338,Pete Kozma,St. Louis Cardinals,
US339,Jose Alvarez,Angels,
US340,Fernando Salas,Angels,

US341,Eddie Rosario,Minnesota Twins,Rookie
US342,Todd Frazier,Cincinnati Reds,
US343,A.J. Burnett,Pittsburgh Pirates,
US344,Aramis Ramirez,Pittsburgh Pirates,
US345,Blaine Boyer,Minnesota Twins,
US346,Brandon Crawford,San Francisco Giants,
US347,Joe Blanton,Pittsburgh Pirates,
US348,Jonathan Broxton,St. Louis Cardinals,
US349,DJ LeMahieu,Colorado Rockies,
US350,Didi Gregorius,New York Yankees,
US351,Mike Fiers,Houston Astros,
US352,Jose Reyes,Colorado Rockies,
US353,Michael Wacha,St. Louis Cardinals,
US354,Brandon Finnegan,Cincinnati Reds,Rookie
US355,Gerrit Cole,Pittsburgh Pirates,
US356,Miguel Montero,Chicago Cubs,
US357,Joe Panik,San Francisco Giants,
US358,Nolan Arenado,Colorado Rockies,
US359,Enrique Burgos,Arizona Diamondbacks,Rookie Combos
,Oscar Hernandez,Arizona Diamondbacks,Rookie Combos
US360,Joc Pederson,Los Angeles Dodgers,Rookie
US361,LaTroy Hawkins,Toronto Blue Jays,
US362,Rick Porcello,Boston Red Sox,
US363,Chasen Shreve,New York Yankees,
US364,Mike Trout,Angels,
US365,J.P. Howell,Los Angeles Dodgers,
US366,Kelly Johnson,New York Mets,
US367,Frank Garces,San Diego Padres,Rookie
US368,Aroldis Chapman,Cincinnati Reds,
US369,Cory Rasmus,Angels,
US370,Prince Fielder,Texas Rangers,
US371,Carson Smith,Seattle Mariners,Rookie
US372,Alex Wood,Los Angeles Dodgers,
US373,Mitch Harris,St. Louis Cardinals,Rookie
US374,Tyler Moore,Washington Nationals,
US375,Mark Lowe,Toronto Blue Jays,
US376,Joc Pederson,Los Angels Dodgers,Rookie Debut
US377,Taijuan Walker,Seattle Mariners,Future Star
US378,Devon Travis,Toronto Blue Jays,Rookie Debut
US379,Cameron Maybin,Atlanta Braves,
US380,Buster Posey,San Francisco Giants,
US381,Sergio Romo,San Francisco Giants,
US382,Dan Uggla,Washington Nationals,
US383,Nelson Cruz,Seattle Mariners,
US384,Melvin Upton Jr.,San Diego Padres,
US385,Collin Cowgill,Angels,
US386,Alcides Escobar,Kansas City Royals,
US387,Jonny Gomes,Atlanta Braves,
US388,Kevin Pillar,Toronto Blue Jays,Future Star
US389,Seth Smith,Seattle Mariners,
US390,Donovan Solano,Miami Marlins,
US391,Clayton Richard,Chicago Cubs,
US392,Odrisamer Despaigne,San Diego Padres,Future Star
US393,Dan Haren,Chicago Cubs,
US394,Scott Kazmir,Houston Astros,
US395,Dexter Fowler,Chicago Cubs,
US396,Ichiro,Miami Marlins,
US397,Bryce Harper,Washington Nationals,
US398,J.T. Realmuto,Miami Marlins,
US399,Jace Peterson,Atlanta Braves,
US400,Logan Verrett,New York Mets,Rookie
RELIC,,,
ALL STAR STITCHES,,,
STIT-AB,A.J. Burnett,Pittsburgh Pirates,
STIT-AC,Aroldis Chapman,Cincinnati Reds,
STIT-AE,Alcides Escobar,Kansas City Royals,
STIT-AGN,Adrian Gonzalez,Los Angeles Dodgers,
STIT-AJ,Adam Jones,Baltimore Orioles,

STIT-AM,Andrew McCutchen,Pittsburgh Pirates
STIT-APO,A.J. Pollock,Arizona Diamondbacks
STIT-APU,Albert Pujols,Angels
STIT-AR,Anthony Rizzo,Chicago Cubs
STIT-BB,Brad Boxberger,Tampa Bay Rays
STIT-BC,Brandon Crawford,San Francisco Giants
STIT-BD,Brian Dozier,Minnesota Twins
STIT-BG,Brett Gardner,New York Yankees
STIT-BHA,Bryce Harper,Washington Nationals
STIT-BHO,Brock Holt,Boston Red Sox
STIT-BP,Buster Posey,San Francisco Giants
STIT-CA,Chris Archer,Tampa Bay Rays
STIT-CK,Clayton Kershaw,Los Angeles Dodgers
STIT-CM,Carlos Martinez,St. Louis Cardinals
STIT-CS,Chris Sale,Chicago White Sox
STIT-DB,Dellin Betances,New York Yankees
STIT-DK,Dallas Keuchel,Houston Astros
STIT-DL,DJ LeMahieu,Colorado Rockies
STIT-DO,Darren O'Day,Baltimore Orioles
STIT-DP,David Price,Detroit Tigers
STIT-FH,Felix Hernandez,Seattle Mariners
STIT-GC,Gerrit Cole,Pittsburgh Pirates
STIT-GP,Glen Perkins,Minnesota Twins
STIT-JA,Jose Altuve,Houston Astros
STIT-JDE,Jacob deGrom,New York Mets
STIT-JDO,Josh Donaldson,Toronto Blue Jays
STIT-JK,Jason Kipnis,Cleveland Indians
STIT-JM,J.D. Martinez,Detroit Tigers
STIT-JPA,Joe Panik,San Francisco Giants
STIT-JPD,Joc Pederson,Los Angeles Dodgers
STIT-JPE,Jhonny Peralta,St. Louis Cardinals
STIT-JU,Justin Upton,San Diego Padres
STIT-KB,Kris Bryant,Chicago Cubs
STIT-KH,Kelvin Herrera,Kansas City Royals
STIT-LC,Lorenzo Cain,Kansas City Royals
STIT-MB,Madison Bumgarner,San Francisco Giants
STIT-MMA,Manny Machado,Baltimore Orioles
STIT-MME,Mark Melancon,Pittsburgh Pirates
STIT-MTE,Mark Teixeira,New York Yankees
STIT-MTR,Mike Trout,Angels
STIT-NA,Nolan Arenado,Colorado Rockies
STIT-NC,Nelson Cruz,Seattle Mariners
STIT-PF,Prince Fielder,Texas Rangers
STIT-PG,Paul Goldschmidt,Arizona Diamondbacks
STIT-RM,Russell Martin,Toronto Blue Jays
STIT-SM,Shelby Miller,Atlanta Braves
STIT-SP,Salvador Perez,Kansas City Royals
STIT-SV,Stephen Vogt,Oakland Athletics
STIT-TF,Todd Frazier,Cincinnati Reds
STIT-TT,Troy Tulowitzki,Colorado Rockies
STIT-WD,Wade Davis,Kansas City Royals
STIT-YG,Yasmani Grandal,Los Angeles Dodgers
STIT-YM,Yadier Molina,St. Louis Cardinals
STIT-ZB,Zach Britton,Baltimore Orioles
STIT-ZG,Zack Greinke,Los Angeles Dodgers
ALL STAR JUMBO PATCHES,,
ASJP-AE,Alcides Escobar,Kansas City Royals
ASJP-AGN,Adrian Gonzalez,Los Angeles Dodgers
ASJP-AJ,Adam Jones,Baltimore Orioles
ASJP-AM,Andrew McCutchen,Pittsburgh Pirates
ASJP-APO,A.J. Pollock,Arizona Diamondbacks
ASJP-APU,Albert Pujols,Angels
ASJP-AR,Anthony Rizzo,Chicago Cubs
ASJP-BB,Brad Boxberger,Tampa Bay Rays
ASJP-BC,Brandon Crawford,San Francisco Giants
ASJP-BD,Brian Dozier,Minnesota Twins
ASJP-BG,Brett Gardner,New York Yankees
ASJP-BHA,Bryce Harper,Washington Nationals
ASJP-BHO,Brock Holt,Boston Red Sox
ASJP-BP,Buster Posey,San Francisco Giants

ASJP-CA,Chris Archer,Tampa Bay Rays
ASJP-CK,Clayton Kershaw,Los Angeles Dodgers
ASJP-CM,Carlos Martinez,St. Louis Cardinals
ASJP-DB,Dellin Betances,New York Yankees
ASJP-DK,Dallas Keuchel,Houston Astros
ASJP-DL,DJ LeMahieu,Colorado Rockies
ASJP-FH,Felix Hernandez,Seattle Mariners
ASJP-JA,Jose Altuve,Houston Astros
ASJP-JDE,Jacob deGrom,New York Mets
ASJP-JDO,Josh Donaldson,Toronto Blue Jays
ASJP-JK,Jason Kipnis,Cleveland Indians
ASJP-JM,J.D. Martinez,Detroit Tigers
ASJP-JPA,Joe Panik,San Francisco Giants
ASJP-JPD,Joc Pederson,Los Angeles Dodgers
ASJP-JPE,Jhonny Peralta,St. Louis Cardinals
ASJP-JU,Justin Upton,San Diego Padres
ASJP-KB,Kris Bryant,Chicago Cubs
ASJP-KH,Kelvin Herrera,Kansas City Royals
ASJP-LC,Lorenzo Cain,Kansas City Royals
ASJP-MB,Madison Bumgarner,San Francisco Giants
ASJP-MMA,Manny Machado,Baltimore Orioles
ASJP-MMO,Mike Moustakas,Kansas City Royals
ASJP-MTE,Mark Teixeira,New York Yankees
ASJP-MTR,Mike Trout,Angels
ASJP-NA,Nolan Arenado,Colorado Rockies
ASJP-NC,Nelson Cruz,Seattle Mariners
ASJP-PF,Prince Fielder,Texas Rangers
ASJP-PG,Paul Goldschmidt,Arizona Diamondbacks
ASJP-RM,Russell Martin,Toronto Blue Jays
ASJP-SP,Salvador Perez,Kansas City Royals
ASJP-SV,Stephen Vogt,Oakland Athletics
ASJP-TF,Todd Frazier,Cincinnati Reds
ASJP-WD,Wade Davis,Kansas City Royals
ASJP-YG,Yasmani Grandal,Los Angeles Dodgers
ASJP-YM,Yadier Molina,St. Louis Cardinals
ASJP-ZB,Zach Britton,Baltimore Orioles
ALL STAR STITCHES DUALS,,
ASD-CG,Lorenzo Cain,Kansas City Royals
,Mike Moustakas,Kansas City Royals
ASD-FC,Aroldis Chapman,Cincinnati Reds
,Todd Frazier,Cincinnati Reds
ASD-GP,Joc Pederson,Los Angeles Dodgers
,Adrian Gonzalez,Los Angeles Dodgers
ASD-HP,Jhonny Peralta,St. Louis Cardinals
,Carlos Martinez,St. Louis Cardinals
ASD-HS,Joc Pederson,Los Angeles Dodgers
,Bryce Harper,Washington Nationals
ASD-MC,Gerrit Cole,Pittsburgh Pirates
,Andrew McCutchen,Pittsburgh Pirates
ASD-MJ,Adam Jones,Baltimore Orioles
,Manny Machado,Baltimore Orioles
ASD-PB,Madison Bumgarner,San Francisco Giants
,Buster Posey,San Francisco Giants
ASD-PT,Albert Pujols,Angels
,Mike Trout,Angels
ASD-RB,Anthony Rizzo,Chicago Cubs
,Kris Bryant,Chicago Cubs
ALL STAR STITCHES TRIPLES,,
AST-BSG,Jacob DeGrom,New York Mets
,Zack Greinke,Los Angeles Dodgers
,Madison Bumgarner,San Francisco Giants
AST-DPH,Salvador Perez,Kansas City Royals
,Kelvin Herrera,Kansas City Royals
,Wade Davis,Kansas City Royals
AST-GGP,Joc Pederson,Los Angeles Dodgers
,Adrian Gonzalez,Los Angeles Dodgers
,Yasmani Grandal,Los Angeles Dodgers
AST-HMU,Bryce Harper,Washington Nationals
,Joc Pederson,Los Angeles Dodgers

,Andrew McCutchen,Pittsburgh Pirates
AST-KGS,Dallas Keuchel,Houston Astros
,David Price,Detroit Tigers
,Chris Sale,Chicago White Sox
AST-MBC,Andrew McCutchen,Pittsburgh Pirates
,A.J. Burnett,Pittsburgh Pirates
,Gerrit Cole,Pittsburgh Pirates
AST-MJB,Adam Jones,Baltimore Orioles
,Zach Britton,Baltimore Orioles
,Manny Machado,Baltimore Orioles
AST-PBC,Madison Bumgarner,San Francisco Giants
,Brandon Crawford,San Francisco Giants
,Buster Posey,San Francisco Giants
AST-PCG,Lorenzo Cain,Kansas City Royals
,Salvador Perez,Kansas City Royals
,Mike Moustakas,Kansas City Royals
AST-RMW,Michael Wacha,St. Louis Cardinals
,Trevor Rosenthal,St. Louis Cardinals
,Yadier Molina,St. Louis Cardinals
STRATA CUT SIGNATURES,,
SCS-AL,Al Lopez,Chicago White Sox
SCS-CH,Catfish Hunter,Oakland Athletics
SCS-EM,Eddie Mathews,Milwaukee Braves
SCS-EW,Earl Weaver,Baltimore Orioles
SCS-HN,Hal Newhouser,Detroit Tigers
SCS-JD,Joe DiMaggio,New York Yankees
SCS-LB,Lou Boudreau,Cleveland Indians
SCS-RF,Rick Ferrell,Boston Red Sox
SCS-RM,Roger Maris,New York Yankees
SCS-WS,Willie Stargell,Pittsburgh Pirates
BIRTH YEAR COIN AND STAMP CARDS,,
BY-BB,Brandon Belt,San Francisco Giants
BY-CB,Craig Biggio,Houston Astros
BY-EE,Edwin Encarnacion,Toronto Blue Jays
BY-FF,Freddie Freeman,Atlanta Braves
BY-JD,Jacob deGrom,New York Mets
BY-JL,Jon Lester,Chicago Cubs
BY-JS,John Smoltz,Atlanta Braves
BY-RC,Rusney Castillo,Boston Red Sox
BY-RJ,Randy Johnson,Seattle Mariners
BY-YT,Yasmany Tomas,Arizona Diamondbacks
CAREER HIGH JUMBO RELICS,,
CHJR-AG,Alex Gordon,Kansas City Royals
CHJR-AJ,Adam Jones,Baltimore Orioles
CHJR-AM,Andrew McCutchen,Pittsburgh Pirates
CHJR-BP,Buster Posey,San Francisco Giants
CHJR-CB,Clay Buchholz,Boston Red Sox
CHJR-CG,Carlos Gomez,Milwaukee Brewers
CHJR-DJ,Derek Jeter,New York Yankees
CHJR-FH,Felix Hernandez,Seattle Mariners
CHJR-JBA,Jose Bautista,Toronto Blue Jays
CHJR-JBZ,Javier Baez,Chicago Cubs
CHJR-JE,Jacoby Ellsbury,Boston Red Sox
CHJR-JM,Joe Mauer,Minnesota Twins
CHJR-JPE,Joc Pederson,Los Angeles Dodgers
CHJR-MB,Madison Bumgarner,San Francisco Giants
CHJR-MC,Miguel Cabrera,Detroit Tigers
CHJR-MH,Matt Harvey,New York Mets
CHJR-MP,Mike Piazza,New York Mets
CHJR-MTE,Mark Teixeira,New York Yankees
CHJR-RC,Robinson Cano,New York Yankees
CHJR-YM,Yadier Molina,St. Louis Cardinals
OWN THE NAME,,
OTN-AC,Alex Cobb,Tampa Bay Rays
OTN-AGO,Adrian Gonzalez,Los Angeles Dodgers
OTN-AGR,Alex Gordon,Kansas City Royals
OTN-AJ,Adam Jones,Baltimore Orioles

OTN-AM,Andrew McCutchen,Pittsburgh Pirates
OTN-ARE,Anthony Rendon,Washington Nationals
OTN-ARI,Anthony Rizzo,Chicago Cubs
OTN-ARU,Addison Russell,Chicago Cubs
OTN-AS,Andrelton Simmons,Atlanta Braves
OTN-AWA,Adam Wainwright,St. Louis Cardinals
OTN-AWO,Alex Wood,Atlanta Braves
OTN-BH,Billy Hamilton,Cincinnati Reds
OTN-CD,Chris Davis,Baltimore Orioles
OTN-CG,Carlos Gonzalez,Colorado Rockies
OTN-CH,Cole Hamels,Philadelphia Phillies
OTN-CK,Clayton Kershaw,Los Angeles Dodgers
OTN-CSA,Chris Sale,Chicago White Sox
OTN-CSN,Carlos Santana,Cleveland Indians
OTN-DM,Devin Mesoraco,Cincinnati Reds
OTN-DN,Daniel Norris,Toronto Blue Jays
OTN-DO,David Ortiz,Boston Red Sox
OTN-DPE,Dustin Pedroia,Boston Red Sox
OTN-DPO,Dalton Pompey,Toronto Blue Jays
OTN-DPR,David Price,Detroit Tigers
OTN-DW,David Wright,New York Mets
OTN-EA,Elvis Andrus,Texas Rangers
OTN-EL,Evan Longoria,Tampa Bay Rays
OTN-FF,Freddie Freeman,Atlanta Braves
OTN-FH,Felix Hernandez,Seattle Mariners
OTN-GC,Gerrit Cole,Pittsburgh Pirates
OTN-GP,Gregory Polanco,Pittsburgh Pirates
OTN-HP,Hunter Pence,San Francisco Giants
OTN-HR,Hyun-Jin Ryu,Los Angeles Dodgers
OTN-IK,Ian Kinsler,Detroit Tigers
OTN-JB,Javier Baez,Chicago Cubs
OTN-JC,Johnny Cueto,Cincinnati Reds
OTN-JD,Jacob deGrom,New York Mets
OTN-JF,Jose Fernandez,Miami Marlins
OTN-JH,Josh Hamilton,Texas Rangers
OTN-JK,Jason Kipnis,Cleveland Indians
OTN-JM,Joe Mauer,Minnesota Twins
OTN-JO,Jake Odorizzi,Tampa Bay Rays
OTN-JP,Joc Pederson,Los Angeles Dodgers
OTN-JR,Jose Reyes,Toronto Blue Jays
OTN-JS,Jean Segura,Milwaukee Brewers
OTN-JVE,Justin Verlander,Detroit Tigers
OTN-JVO,Joey Votto,Cincinnati Reds
OTN-JWE,Jered Weaver,Angels
OTN-JZ,Jordan Zimmermann,Washington Nationals
OTN-KV,Kennys Vargas,Minnesota Twins
OTN-KW,Kolten Wong,St. Louis Cardinals
OTN-LC,Lonnie Chisenhall,Cleveland Indians
OTN-MA,Matt Adams,St. Louis Cardinals
OTN-MH,Matt Holliday,St. Louis Cardinals
OTN-MMA,Manny Machado,Baltimore Orioles
OTN-MME,Mark Melancon,Pittsburgh Pirates
OTN-MMO,Matt Moore,Tampa Bay Rays
OTN-MN,Mike Napoli,Boston Red Sox
OTN-MW,Michael Wacha,St. Louis Cardinals
OTN-MZ,Mike Zunino,Seattle Mariners
OTN-PA,Pedro Alvarez,Pittsburgh Pirates
OTN-PG,Paul Goldschmidt,Arizona Diamondbacks
OTN-RB,Ryan Braun,Milwaukee Brewers
OTN-RC,Robinson Cano,Seattle Mariners
OTN-RH,Ryan Howard,Philadelphia Phillies
OTN-RZ,Ryan Zimmerman,Washington Nationals
OTN-SC,Starlin Castro,Chicago Cubs
OTN-SP,Salvador Perez,Kansas City Royals
OTN-SS,Stephen Strasburg,Washington Nationals
OTN-TR,Tyson Ross,San Diego Padres
OTN-TT,Troy Tulowitzki,Colorado Rockies
OTN-VM,Victor Martinez,Detroit Tigers
OTN-YD,Yu Darvish,Texas Rangers
OTN-YM,Yadier Molina,St. Louis Cardinals
OTN-YP,Yasiel Puig,Los Angeles Dodgers

OTN-YV Yordano Ventura,,Kansas City Royals,
OTN-ZG Zack Greinke,,Los Angeles Dodgers,
AUTOGRAPH RELIC,,,
ALL STAR STITCHES AUTOGRAPHED RELICS,,,
ASTAR-AE,Alcides Escobar,Kansas City Royals,
ASTAR-BC,Brandon Crawford,San Francisco Giants,
ASTAR-BH,Brock Holt,Boston Red Sox,
ASTAR-DL,DJ LeMahieu,Colorado Rockies,
ASTAR-DP,David Price,Detroit Tigers,
ASTAR-GC,Gerrit Cole,Pittsburgh Pirates,
ASTAR-JA,Jose Altuve,Houston Astros,
ASTAR-JK,Jason Kipnis,Cleveland Indians,
ASTAR-JM,J.D. Martinez,Detroit Tigers,
ASTAR-JPD,Joc Pederson,Los Angeles Dodgers,
ASTAR-JPR,Jhonny Peralta,St. Louis Cardinals,
ASTAR-MT,Mike Trout,Angels,
ASTAR-PG,Paul Goldschmidt,Arizona Diamondbacks,
ASTAR-SP,Salvador Perez,Kansas City Royals,
ASTAR-TF,Todd Frazier,Cincinnati Reds,
ALL STAR JUMBO PATCHES AUTOGRAPHS,,,
ASJPA-AE,Alcides Escobar,,Kansas City Royals
ASJPA-AM,Andrew McCutchen,,Pittsburgh Pirates
ASJPA-BP,Buster Posey,,San Francisco Giants
ASJPA-CK,Clayton Kershaw,,Los Angeles Dodgers
ASJPA-DK,Dallas Keuchel,,Houston Astros
ASJPA-JA,Jose Altuve,,Houston Astros
ASJPA-JPA,Joe Panik,,San Francisco Giants
ASJPA-PG,Paul Goldschmidt,,Arizona Diamondbacks
ASJPA-TT,Troy Tulowitzki,,Colorado Rockies
ASJPA-YM,Yadier Molina,,St. Louis Cardinals
QUARTER WITH STAMP AUTOGRAPH,,,
QS-BB,Brandon Belt,San Francisco Giants,
QS-CB,Craig Biggio,Houston Astros,
QS-FF,Freddie Freeman,Atlanta Braves,
QS-JD,Jacob deGrom,New York Mets,
QS-JS,John Smoltz,Atlanta Braves,
QS-RJ,Randy Johnson,Seattle Mariners,
QS-YT,Yasmany Tomas,Arizona Diamondbacks,
ETCHED IN HISTORY PLATINUM PARALLEL AUTOGRAPHS,,,
EIH-1,,Nolan Ryan,Texas Rangers
EIH-13,,Nomar Garciaparra,Boston Red Sox
EIH-15,,Ozzie Smith,St. Louis Cardinals
EIH-3,,Rickey Henderson,Oakland Athletics
EIH-7,,Mariano Rivera,New York Yankees
AUTOGRAPH,,,
CAREER HIGH AUTOGRAPHS,,,
CHA-ACL,,Alex Colome,Tampa Bay Rays
CHA-AJC,,A.J. Cole,Washington Nationals
CHA-AR,,Addison Russell,Oakland Athletics
CHA-AS,,Andrew Susac,San Francisco Giants
CHA-BB,,Byron Buxton,Minnesota Twins
CHA-BH,,Brock Holt,Boston Red Sox
CHA-BS,,Blake Swihart,Boston Red Sox
CHA-BW,,Bernie Williams,New York Yankees
CHA-CC,,Carlos Correa,Houston Astros
CHA-CM,,Carlos Martinez,St. Louis Cardinals
CHA-DG,,Dee Gordon,Los Angeles Dodgers
CHA-DL,,DJ LeMahieu,Colorado Rockies
CHA-DP,,David Peralta,Arizona Diamondbacks
CHA-DT,,Devon Travis,Detroit Tigers

CHA-EC,,Eric Campbell,New York Mets
CHA-FL,,Francisco Lindor,Cleveland Indians
CHA-HS,,Hector Santiago,Chicago White Sox
CHA-JGA,,Joey Gallo,Texas Rangers
CHA-JGR,,J.R. Graham,Minnesota Twins
CHA-JP,,Jose Pirela,New York Yankees
CHA-JR,,Jason Rogers,Milwaukee Brewers
CHA-KB,,Kris Bryant,Chicago Cubs
CHA-KL,,Kyle Lobstein,Detroit Tigers
CHA-KP,,Kevin Plawecki,New York Mets
CHA-KS,,Kyle Seager,Seattle Mariners
CHA-LS,,Luis Sardinas,Milwaukee Brewers
CHA-MAN,,Matt Andriese,Tampa Bay Rays
CHA-MB,,Matt Barnes,Boston Red Sox
CHA-MSE,,Marcus Semien,Chicago White Sox
CHA-NS,,Noah Syndergaard,New York Mets
CHA-RP,,Rafael Palmeiro,Texas Rangers
CHA-SG,,Shane Greene,New York Yankees
CHA-SH,,Slade Heathcott,New York Yankees
CHA-SM,,Steven Matz,New York Mets
CHA-SP,,Spencer Patton,Texas Rangers
CHA-TH,,T.J. House,Cleveland Indians
CHA-WP,,Wily Peralta,Milwaukee Brewers
CHA-ZW,,Zach Walters,Cleveland Indians
HIGHLIGHT,,OF THE YEAR AUTOGRAPHS,
HYA-DO,,David Ortiz,Boston Red Sox
HYA-FV,,Fernando Valenzuela,Los Angeles Dodgers
HYA-IR,,Ivan Rodriguez,Detroit Tigers
HYA-JS,,John Smoltz,Atlanta Braves
HYA-KG,,Ken Griffey Jr.,Seattle Mariners
HYA-LB,,Lou Brock,St. Louis Cardinals
HYA-RJ,,Reggie Jackson,New York Yankees
HYA-RY,,Robin Yount,Milwaukee Brewers
HYA-TS,,Tom Seaver,New York Mets
HYA-UJ,,Ubaldo Jimenez,Colorado Rockies
ROOKIE SENSATIONS AUTOGRAPHS,,,
RSA-AR,,Addison Russell,Chicago Cubs
RSA-CF,,Carlton Fisk,Boston Red Sox
RSA-DP,,Dustin Pedroia,Boston Red Sox
RSA-FV,,Fernando Valenzuela,Los Angeles Dodgers
RSA-HR,,Hanley Ramirez,Florida Marlins
RSA-I,,Ichiro,Seattle Mariners
RSA-JA,,Jose Abreu,Chicago White Sox
RSA-JB,,Jeff Bagwell,Houston Astros
RSA-JD,,Jacob deGrom,New York Mets
RSA-JF,,Jose Fernandez,Miami Marlins
RSA-LH,,Livan Hernandez,Florida Marlins
RSA-MH,,Matt Harvey,New York Mets
RSA-MT,,Mike Trout,Angels
RSA-NG,,Nomar Garciaparra,Boston Red Sox
RSA-TT,,Troy Tulowitzki,Colorado Rockies
RARITIES AUTOGRAPHS,,,
RA-DM,,Don Mattingly,New York Yankees
RA-FR,,Frank Robinson,Baltimore Orioles
RA-RC,,Rod Carew,Minnesota Twins
RA-RJ,,Randy Johnson,Arizona Diamondbacks
RA-SG,,Shawn Green,Los Angeles Dodgers
WHATEVER,,WORKS AUTOGRAPHS,
WWA-AG,,Alex Gordon,Kansas City Royals
WWA-CB,,Craig Biggio,Houston Astros
WWA-MN,,Mike Napoli,Boston Red Sox
WWA-MS,,Max Scherzer,Washington Nationals
WWA-MT,,Mark Teixeira,New York Yankees
TAPE MEASURE BLASTS AUTOGRAPHS,,,
TMBA-AG,Andres Galarraga,Colorado Rockies,
TMBA-BJ,Bo Jackson,Kansas City Royals,

TMBA-JC,Jose Canseco,Oakland Athletics,
TMBA-MMC,Mark McGwire,St. Louis Cardinals,
TMBA-RH,Ryan Howard,Philadelphia Phillies,
MLB ALL STAR GAME ACCESS AUTOGRAPHS,,,
MLBA-AE,,Alcides Escobar,Kansas City Royals
MLBA-BC,,Brandon Crawford,San Francisco Giants
MLBA-CS,,Chris Sale,Chicago White Sox
MLBA-GC,,Gerrit Cole,Pittsburgh Pirates
MLBA-JA,,Jose Altuve,Houston Astros
MLBA-JK,,Jason Kipnis,Cleveland Indians
MLBA-JP,,Jhonny Peralta,St. Louis Cardinals
MLBA-PG,,Paul Goldschmidt,Arizona Diamondbacks
MLBA-SP,,Salvador Perez,Kansas City Royals
MLBA-TF,,Todd Frazier,Cincinnati Reds
INSERT,,,
HIGHLIGHT,,OF THE YEAR,
H-61,,Babe Ruth,New York Yankees
H-62,,Lou Gehrig,New York Yankees
H-63,,Babe Ruth,Boston Braves
H-64,,Joe DiMaggio,New York Yankees
H-65,,Bob Feller,Cleveland Indians
H-66,,Ted Williams,Boston Red Sox
H-67,,Red Schoendienst,St. Louis Cardinals
H-68,,Bob Lemon,Cleveland Indians
H-69,,Hank Aaron,Milwaukee Braves
H-70,,Hoyt Wilhelm,Baltimore Orioles 
H-71,,Sandy Koufax,Los Angeles Dodgers
H-72,,Tom Seaver,New York Mets
H-73,,Tom Seaver,New York Mets
H-74,,Harmon Killebrew,Minnesota Twins
H-75,,Willie Mays,New York Mets
H-76,,Hank Aaron,Atlanta Braves
H-77,,Reggie Jackson,New York Yankees
H-78,,Lou Brock,St. Louis Cardinals
H-79,,Dwight Gooden,New York Mets
H-80,,Fernando Valenzuela,Los Angeles Dodgers
H-81,,Robin Yount,Milwaukee Brewers
H-82,,Ken Griffey Jr.,Seattle Mariners
H-83,,Jackie Robinson,Brooklyn Dodgers
H-84,,Randy Johnson,Arizona Diamondbacks
H-85,,John Smoltz,Atlanta Braves
H-86,,David Ortiz,Boston Red Sox
H-87,,Ivan Rodriguez,Detroit Tigers
H-88,,Ubaldo Jimenez,Colorado Rockies
H-89,,Albert Pujols,St. Louis Cardinals
H-90,,Yasiel Puig,Los Angeles Dodgers
ROOKIE SENSATIONS,,,
RS-1,,Hanley Ramirez,Florida Marlins
RS-2,,Ichiro,Seattle Mariners
RS-3,,Mike Trout,Angels
RS-4,,Mike Piazza,Los Angeles Dodgers
RS-5,,Carlton Fisk,Boston Red Sox
RS-6,,Nomar Garciaparra,Boston Red Sox
RS-7,,Troy Tulowitzki,Colorado Rockies
RS-8,,Jose Fernandez,Miami Marlins
RS-9,,Jacob deGrom,New York Mets
RS-10,,Fernando Valenzuela,Los Angeles Dodgers
RS-11,,Dwight Gooden,New York Mets
RS-12,,Ted Williams,Boston Red Sox
RS-13,,Jeff Bagwell,Houston Astros
RS-14,,Jose Abreu,Chicago White Sox
RS-15,,Dustin Pedroia,Boston Red Sox
RS-16,,Jackie Robinson,Brooklyn Dodgers
RS-17,,Cal Ripken Jr.,Baltimore Orioles

RS-18,Derek Jeter,New York Yankees,
RS-19,Neftali Feliz,Texas Rangers,
RS-20,Tom Seaver,New York Mets,
RS-21,Albert Pujols,St. Louis Cardinals,
RS-22,Bryce Harper,Washington Nationals,
RS-23,Buster Posey,San Francisco Giants,
RS-24,Livan Hernandez,Florida Marlins,
RS-25,Mark McGwire,Oakland Athletics,
RARITIES,,,
R-1,Frank Robinson,Baltimore Orioles,
R-2,Shawn Green,Los Angeles Dodgers,
R-3,Daniel Nava,Boston Red Sox,
R-4,Ted Williams,Boston Red Sox,
R-5,Roberto Clemente,Pittsburgh Pirates,
R-6,Mariano Rivera,New York Yankees,
R-7,Anibal Sanchez,Detroit Tigers,
R-8,Mike Mussina,Baltimore Orioles,
R-9,George Brett,Kansas City Royals,
R-10,Rod Carew,Minnesota Twins,
R-11,Asdrubal Cabrera,Cleveland Indians,
R-12,Don Mattingly,New York Yankees,
R-13,Randy Johnson,Arizona Diamondbacks,
R-14,Ken Griffey Jr.,Seattle Mariners,
R-15,Billy Williams,Chicago Cubs,
WHATEVER,WORKS,,
WW-1,Mark Teixeira,New York Yankees,
WW-2,Tim Lincecum,San Francisco Giants,
WW-3,Wade Boggs,Boston Red Sox,
WW-4,Nomar Garciaparra,Boston Red Sox,
WW-5,Craig Biggio,Houston Astros,
WW-6,Max Scherzer,Washington Nationals,
WW-7,Joe DiMaggio,New York Yankees,
WW-8,Roger Clemens,New York Yankees,
WW-9,Richie Ashburn,Philadelphia Phillies,
WW-10,Jim Palmer,Baltimore Orioles,
WW-11,Mike Napoli,Boston Red Sox,
WW-12,Justin Verlander,Detroit Tigers,
WW-13,David Ortiz,Boston Red Sox,
WW-14,Chipper Jones,Atlanta Braves,
WW-15,Alex Gordon,Kansas City Royals,
TAPE MEASURE BLASTS,,,
TMB-1,Jose Canseco,Oakland Athletics,
TMB-2,Andres Galarraga,Colorado Rockies,
TMB-3,Mark McGwire,St. Louis Cardinals,
TMB-4,Reggie Jackson,Oakland Athletics,
TMB-5,Mike Trout,Angels,
TMB-6,Ryan Howard,Philadelphia Phillies,
TMB-7,Giancarlo Stanton,Miami Marlins,
TMB-8,Adam Dunn,Arizona Diamondbacks,
TMB-9,Bo Jackson,Kansas City Royals,
TMB-10,David Ortiz,Boston Red Sox,
TMB-11,Mark McGwire,Oakland Athletics,
TMB-12,Roberto Clemente,Pittsburgh Pirates,
TMB-13,Albert Pujols,St. Louis Cardinals,
TMB-14,Ted Williams,Boston Red Sox,
TMB-15,Josh Gibson,,
MLB ALL STAR GAME ACCESS,,,
MLB-1,Mike Trout,Angels,
MLB-2,Albert Pujols,Angels,
MLB-3,Brock Holt,Boston Red Sox,
MLB-4,Yadier Molina,St. Louis Cardinals,
MLB-5,Madison Bumgarner,San Francisco Giants,
MLB-6,Joc Pederson,Los Angeles Dodgers,Rookie
MLB-7,Joe Panik,San Francisco Giants,
MLB-8,Kris Bryant,Chicago Cubs,Rookie
MLB-9,Jacob deGrom,New York Mets,
MLB-10,Adam Jones,Baltimore Orioles,

MLB-11,Manny Machado,Baltimore Orioles
MLB-12,Zack Greinke,Los Angeles Dodgers
MLB-13,Andrew McCutchen,Pittsburgh Pirates
MLB-14,Anthony Rizzo,Chicago Cubs
MLB-15,Clayton Kershaw,Los Angeles Dodgers
MLB-16,Sonny Gray,Oakland Athletics
MLB-17,Prince Fielder,Texas Rangers
MLB-18,Max Scherzer,Washington Nationals
MLB-19,Todd Frazier,Cincinnati Reds
MLB-20,Lorenzo Cain,Kansas City Royals
MLB-21,Alcides Escobar,Kansas City Royals
MLB-22,Nelson Cruz,Seattle Mariners
MLB-23,Jose Altuve,Houston Astors
MLB-24,Josh Donaldson,Toronto Blue Jays
MLB-25,Bryce Harper,Washington Nationals
PRIDE AND PERSEVERANCE,,
PP-1,Buddy Carlyle,New York Mets
PP-2,Curtis Pride,Detroit Tigers
PP-3,George Springer,Houston Astros
PP-4,Jake Peavy,San Francisco Giants
PP-5,Jason Johnson,Baltimore Orioles
PP-6,Jim Abbott,California Angels
PP-7,Jim Eisenreich,Philadelphia Phillies
PP-8,Jon Lester,Chicago Cubs
PP-9,Pete Wyshner Gray,St. Louis Browns
PP-10,Sam Fuld,Oakland Athletics
PP-11,William Hoy,Washington Senators
PP-12,Anthony Rizzo,Chicago Cubs
MANUFACTURED,,
ETCHED IN HISTORY,,
EIH-1,Nolan Ryan,Texas Rangers
EIH-2,Hank Aaron,Milwaukee Brewers
EIH-3,Rickey Henderson,Oakland Athletics
EIH-4,Ted Williams,Boston Red Sox
EIH-5,Babe Ruth,New York Yankees
EIH-6,Ichiro,Seattle Mariners
EIH-7,Mariano Rivera,New York Yankees
EIH-8,Nolan Ryan,California Angels
EIH-9,Francisco Rodriguez,Angels
EIH-10,Roger Clemens,Boston Red Sox
EIH-11,Alex Rodriguez,New York Yankees
EIH-12,Cal Ripken Jr.,Baltimore Orioles
EIH-13,Nomar Garciaparra,Boston Red Sox
EIH-14,Roger Maris,New York Yankees
EIH-15,Ozzie Smith,St. Louis Cardinals
PROMOTION,,
BUNT PLAYER CODE CARDS,,
DJ,LeMahieu,Colorado Rockies
Joc,Pederson,Los Angeles Dodgers
Jason,Kipnis,Cleveland Indians
Chris,Heston,San Francisco Giants
Matt,Harvey,New York Mets
David,Price,Toronto Blue Jays
Max,Scherzer,Washington Nationals
Buster,Posey,San Francisco Giants
Troy,Tulowitzki,Toronto Blue Jays
Mike,Trout,Angels
Mark,Teixeira,New York Yankees
Bryce,Harper,Washington Nationals
Zack,Greinke,Los Angeles Dodgers
Johnny,Cueto,Kansas City Royals
Chris,Davis,Baltimore Orioles

Nelson,Cruz,Seattle Mariners
Gerrit,Cole,Pittsburgh Pirates
Yoenis,Cespedes,New York Mets
Prince,Fielder,Texas Rangers
Paul,Goldschmidt,Arizona Diamondbacks
Sonny,Gray,Oakland Athletics
Dee,Gordon,Miami Marlins
Carlos,Gonzalez,Colorado Rockies
Carlos,Gomez,Houston Astros
Kris,Bryant,Chicago Cubs
RETAIL,,
FIRST HOME RUN,,
FHR-1,Ernie Banks,Chicago Cubs
FHR-2,Brandon Belt,San Francisco Giants
FHR-3,Adrian Beltre,Los Angeles Dodgers
FHR-4,Craig Biggio,Houston Astros
FHR-5,Wade Boggs,Boston Red Sox
FHR-6,Kole Calhoun,Angels
FHR-7,Roberto Clemente,Pittsburgh Pirates
FHR-8,Jacoby Ellsbury,Boston Red Sox
FHR-9,Edwin Encarnacion,Cincinnati Reds
FHR-10,Nomar Garciaparra,Boston Red Sox
FHR-11,Carlos Gomez,New York Mets
FHR-12,Ken Griffey Jr.,Seattle Mariners
FHR-13,Jonathan Lucroy,Milwaukee Brewers
FHR-14,Starling Marte,Pittsburgh Pirates
FHR-15,Edgar Martinez,Seattle Mariners
FHR-16,Willie Mays,New York Giants
FHR-17,Devin Mesoraco,Cincinnati Reds
FHR-18,Paul O'Neill,Cincinnati Reds
FHR-19,Brandon Phillips,Cleveland Indians
FHR-20,Dalton Pompey,Toronto Blue Jays
FHR-21,Hanley Ramirez,Florida Marlins
FHR-22,Jackie Robinson,Brooklyn Dodgers
FHR-23,Ryne Sandberg,Chicago Cubs
FHR-24,Mike Schmidt,Philadelphia Phillies
FHR-25,Mark Teixeira,Texas Rangers
FHR-26,Kennys Vargas,Minnesota Twins
FHR-27,Kolten Wong,St. Louis Cardinals
FHR-28,Mike Zunino,Seattle Mariners
FHR-29,Ichiro,Seattle Mariners
FHR-30,Kris Bryant,Chicago Cubs
FIRST HOME RUN MEDALLION CARDS,,
FHRM-1,Brandon Phillips,Cleveland Indians
FHRM-2,Kolten Wong,St. Louis Cardinals
FHRM-3,Kole Calhoun,Angels
FHRM-4,Craig Biggio,Houston Astros
FHRM-5,Mike Zunino,Seattle Mariners
FHRM-6,Devin Mesoraco,Cincinnati Reds
FHRM-7,Kennys Vargas,Minnesota Twins
FHRM-8,Edwin Encarnacion,Cincinnati Reds
FHRM-9,Wade Boggs,Boston Red Sox
FHRM-10,Edgar Martinez,Seattle Mariners
FHRM-11,Brandon Belt,San Francisco Giants
FHRM-12,Paul O'Neill,Cincinnati Reds
FHRM-13,Jackie Robinson,Brooklyn Dodgers
FHRM-14,Roberto Clemente,Pittsburgh Pirates
FHRM-15,Willie Mays,New York Giants
FHRM-16,Ernie Banks,Chicago Cubs
FHRM-17,Ken Griffey Jr.,Seattle Mariners
FHRM-18,Mike Schmidt,Philadelphia Phillies
FHRM-19,Ryne Sandberg,Chicago Cubs
FHRM-20,Nomar Garciaparra,Boston Red Sox
FHRM-21,Hanley Ramirez,Florida Marlins
FHRM-22,Carlos Gomez,New York Mets
FHRM-23,Adrian Beltre,Los Angeles Dodgers

FHRM-24,Dalton Pompey,Toronto Blue Jays
FHRM-25,Jacoby Ellsbury,Boston Red Sox
FHRM-26,Starling Marte,Pittsburgh Pirates
FHRM-27,Jonathan Lucroy,Milwaukee Brewers
FHRM-28,Mark Teixeira,Texas Rangers
FHRM-29,Ichiro,Seattle Mariners
FHRM-30,Kris Bryant,Chicago Cubs
FIRST HOME RUN RELICS,,
FHRR-AB,Adrian Beltre,Los Angeles Dodgers
FHRR-BB,Brandon Belt,San Francisco Giants
FHRR-BP,Brandon Phillips,Cleveland Indians
FHRR-CB,Craig Biggio,Houston Astros
FHRR-DM,Devin Mesoraco,Cincinnati Reds
FHRR-EB,Ernie Banks,Chicago Cubs
FHRR-HR,Hanley Ramirez,Florida Marlins
FHRR-JE,Jacoby Ellsbury,Boston Red Sox
FHRR-KB,Kris Bryant,Chicago Cubs
FHRR-KC,Kole Calhoun,Angels
FHRR-MS,Mike Schmidt,Philadelphia Phillies
FHRR-MT,Mark Teixeira,Texas Rangers
FHRR-MZ,Mike Zunino,Seattle Mariners
FHRR-NG,Nomar Garciaparra,Boston Red Sox
FHRR-PO,Paul O'Neill,Cincinnati Reds
FIRST HOME RUN AUTO RELICS,,
FHRAR-BB,Brandon Belt,San Francisco Giants
FHRAR-BP,Brandon Phillips,Cleveland Indians
FHRAR-CB,Craig Biggio,Houston Astros
FHRAR-DM,Devin Mesoraco,Cincinnati Reds
FHRAR-HR,Hanley Ramirez,Florida Marlins
FHRAR-KC,Kole Calhoun,Angels
FHRAR-MT,Mark Teixeira,Texas Rangers
FHRAR-MZ,Mike Zunino,Seattle Mariners
FHRAR-NG,Nomar Garciaparra,Boston Red Sox
FHRAR-PO,Paul O'Neill,Cincinnati Reds
