BASE CARDS,,,
352,Jaime Garcia,St. Louis Cardinals,
353,Mike Leake,Cincinnati Reds,
354,Kyle Hendricks,Chicago Cubs,
355,Travis Snider,Baltimore Orioles,
356,Marcus Semien,Oakland Athletics,
357,Derek Holland,Texas Rangers,
358,Jon Singleton,Houston Astros,Future Star
359,Robinson Chirinos,Texas Rangers,
360,Adam LaRoche,Chicago White Sox,
361,Matt Holliday,St. Louis Cardinals,
362,Jason Bourgeois,Cincinnati Reds,
363,Avisail Garcia,Chicago White Sox,
364,Travis Ishikawa,San Francisco Giants,
365,L.J. Hoes,Houston Astros,
366,Jhoulys Chacin,Colorado Rockies,
367,Sam Fuld,Oakland Athletics,
368,David Robertson,Chicago White Sox,
369,Aaron Loup,Toronto Blue Jays,
370,Marcell Ozuna,Miami Marlins,Future Star
371,Koji Uehara,Boston Red Sox ,
372,Matt Adams,St. Louis Cardinals,
373,Kurt Suzuki,Minnesota Twins,
374,Nick Martinez,Texas Rangers,
375,Johnny Cueto,Cincinnati Reds,
376,Chris Sale,Chicago White Sox,
377,Tommy Hunter,Baltimore Orioles,
378,Danny Duffy,Kansas City Royals,
379,Phil Gosselin,Atlanta Braves TM,
380,Hector Noesi,Chicago White Sox,
381,Stephen Drew,New York Yankees,
382,Ivan Nova,New York Yankees,
383,Delmon Young,Baltimore Orioles,
384,Justin Ruggiano,Seattle Mariners,
385,James Paxton,Seattle Mariners,Future Star
386,Ben Zobrist,Oakland Athletics,
387,Jacob deGrom,New York Mets,Rookie of the Year
388,Francisco Liriano,Pittsburgh Pirates,
389,Mookie Betts,Boston Red Sox ,Future Star
390,Cody Ross,Arizona Diamondbacks ,
391,Hisashi Iwakuma,Seattle Mariners,
392,Brandon Guyer,Tampa Bay Rays,
393,Danny Salazar,Cleveland Indians,
394,Marco Scutaro,San Francisco Giants,
395,Chris Taylor,Seattle Mariners,
396,Alex Colome,Tampa Bay Rays,
397,Mike Aviles,Cleveland Indians,
398,Jordan Zimmermann,Washington Nationals,2014 Baseball Highlight
399,Josmil Pinto,Minnesota Twins,
400,Andrew McCutchen,Pittsburgh Pirates ,
401,Chris Coghlan,Chicago Cubs,
402,Jeurys Familia,New York Mets,
403,Leury Garcia,Chicago White Sox,
404,Tanner Scheppers,Texas Rangers,
405,Ross Detwiler,Texas Rangers,
406,Jon Lester,Chicago Cubs,
407,Jed Lowrie,Houston Astros,
408,Jake Smolinski,Texas Rangers,
409,Juan Uribe,Los Angeles Dodgers,

410,Kyle Lohse,Milwaukee Brewers,
411,Nelson Cruz,Seattle Mariners,
412,Hector Rondon,Chicago Cubs,
413,Anthony Gose,Detroit Tigers,
414,J.A. Happ,Seattle Mariners,
415,Ervin Santana,Minnesota Twins,
416,Francisco Cervelli,Pittsburgh Pirates,
417,Leonys Martin,Texas Rangers,
418,Jung Ho Kang,Pittsburgh Pirates,Rookie
419,Omar Infante,Kansas City Royals,
420,Cody Asche,Philadelphia Phillies,
421,Joe Kelly,Boston Red Sox ,
422,Prince Fielder,Texas Rangers,
423,Javy Guerra,Chicago White Sox,
424,Michael Saunders,Toronto Blue Jays,
425,Bryan Shaw,Cleveland Indians,
426,Trevor Plouffe,Minnesota Twins,
427,Raisel Iglesias,Cincinnati Reds,Rookie
428,Jon Niese,New York Mets,
429,A.J. Ellis,Los Angeles Dodgers,
430,Jarred Cosart,Miami Marlins,
431,Brandon McCarthy,Los Angeles Dodgers,
432,Alex Rios,Kansas City Royals,
433,Justin Masterson,Boston Red Sox ,
434,Carlos Frias,Los Angeles Dodgers,Rookie
435,Mike Fiers,Milwaukee Brewers,
436,Russell Martin,Toronto Blue Jays,
437,Jake Marisnick,Houston Astros,
438,DJ LeMahieu,Colorado Rockies,
439,Kenley Jansen,Los Angeles Dodgers,
440,Denard Span,Washington Nationals,
441,Philadelphia Phillies,Philadelphia Phillies,
442,Tyler Matzek,Colorado Rockies,
443,Maicer Izturis,Toronto Blue Jays,
444,Lonnie Chisenhall,Cleveland Indians,2014 Baseball Highlight
445,Christian Vazquez,Boston Red Sox ,
446,Nick Franklin,Tampa Bay Rays,
447,Jose Ramirez,Cleveland Indians,
448,Ryan Hanigan,Boston Red Sox ,
449,Joe Panik,San Francisco Giants,2014 Baseball Highlight
450,Robinson Cano,Seattle Mariners,
451,Clayton Kershaw,Los Angeles Dodgers,Cy Young Award Winner
452,Drew Smyly,Tampa Bay Rays,
453,Elian Herrera,Milwaukee Brewers,
454,Wade Davis,Kansas City Royals,
455,Adam Lind,Milwaukee Brewers,
456,Alex Gordon,Kansas City Royals,
457,Aaron Hicks,Minnesota Twins,
458,Junichi Tazawa,Boston Red Sox ,
459,Tuffy Gosewisch,Arizona Diamondbacks ,
460,San Francisco Giants,San Francisco Giants,
461,Mike Moustakas,Kansas City Royals,
462,Shae Simmons,Atlanta Braves TM,
463,Justin Verlander,Detroit Tigers,
464,Brett Cecil,Toronto Blue Jays,
465,Seattle Mariners,Seattle Mariners,
466,A.J. Burnett,Pittsburgh Pirates,
467,Mat Latos,Miami Marlins,
468,CC Sabathia,New York Yankees,
469,James Shields,San Diego Padres,

470,Mark Trumbo,Arizona Diamondbacks ,
471,Pat Neshek,Houston Astros,
472,T.J. House,Cleveland Indians,
473,Ryan Raburn,Cleveland Indians,
474,Alexi Amarista,San Diego Padres,
475,Juan Perez,San Francisco Giants,
476,Jose Lobaton,Washington Nationals,
477,Dallas Keuchel,Houston Astros,
478,Los Angeles Dodgers,Los Angeles Dodgers,
479,Carlos Gonzalez,Colorado Rockies,
480,Matt Harvey,New York Mets,Future Star
481,Freddy Galvis,Philadelphia Phillies,
482,Joaquin Benoit,San Diego Padres,
483,Randal Grichuk,St. Louis Cardinals,
484,Melvin Mercedes,Detroit Tigers,Rookie
485,Daniel Hudson,Arizona Diamondbacks ,
486,Erik Goeddel,New York Mets,Rookie
487,Corey Kluber,Cleveland Indians,Cy Young Award Winner
488,John Lackey,St. Louis Cardinals,
489,Jeremy Hellickson,Arizona Diamondbacks ,
490,Gavin Floyd,Cleveland Indians,
491,Rougned Odor,Texas Rangers,Future Star
492,Brandon Barnes,Colorado Rockies,
493,Alex Rodriguez,New York Yankees,
494,James Jones,Seattle Mariners,
495,Christian Colon,Kansas City Royals,
496,Houston Astros,Houston Astros,
497,Hunter Strickland,San Francisco Giants,Rookie
498,Anthony Desclafani,Cincinnati Reds,
499,Eduardo Nunez,Minnesota Twins,
500,David Ortiz,Boston Red Sox,
501,Will Venable,San Diego Padres,
502,Kevin Frandsen,Washington Nationals,
503,Joe Panik,San Francisco Giants,Future Star
504,Minnesota Twins,Minnesota Twins,
505,Arodys Vizcaino,Atlanta Braves TM,
506,Chase Anderson,Arizona Diamondbacks ,
507,A.J. Pierzynski,Atlanta Braves TM,
508,Collin McHugh,Houston Astros,
509,Danny Santana,Minnesota Twins,Future Star
510,Mike Trout,Angels,League MVP
511,Asdrubal Cabrera,Tampa Bay Rays,
512,Jay Bruce,Cincinnati Reds,
513,Michael Cuddyer,New York Mets,
514,Will Smith,Milwaukee Brewers,
515,Victor Martinez,Detroit Tigers,
516,Lorenzo Cain,Kansas City Royals,
517,Yusmeiro Petit,San Francisco Giants,
518,Rajai Davis,Detroit Tigers,
519,Archie Bradley,Arizona Diamondbacks,Rookie
520,Brayan Pena,Cincinnati Reds,
521,Nick Castellanos,Detroit Tigers,Future Star
522,Sam Tuivailala,St. Louis Cardinals,Rookie
523,Christian Bethancourt,Atlanta Braves TM,Future Star
524,John Danks,Chicago White Sox,
525,Luke Gregerson,Houston Astros,
526,Will Middlebrooks,San Diego Padres,
527,Carlos Martinez,St. Louis Cardinals,Future Star
528,Brad Ziegler,Arizona Diamondbacks ,
529,Ryan Flaherty,Baltimore Orioles,

530,Chris Heston,San Francisco Giants,Rookie
531,Drew Hutchison,Toronto Blue Jays,
532,Dellin Betances,New York Yankees,Future Star
533,Marwin Gonzalez,Houston Astros,
534,Chris Capuano,New York Yankees,
535,Erik Cordier,San Francisco Giants,Rookie
536,Logan Morrison,Seattle Mariners,
537,Steven Souza Jr.,Tampa Bay Rays,
538,Brad Boxberger,Tampa Bay Rays,
539,Jimmy Nelson,Milwaukee Brewers,Future Star
540,Drew Stubbs,Colorado Rockies,
541,Homer Bailey,Cincinnati Reds,
542,Yasmany Tomas,Arizona Diamondbacks,Rookie
543,Alberto Callaspo,Atlanta Braves TM,
544,Travis d'Arnaud,New York Mets,Future Star
545,Clayton Kershaw,Los Angeles Dodgers,League MVP
546,Tyler Clippard,Oakland Athletics,
547,Kristopher Negron,Cincinnati Reds,
548,Cleveland Indians,Cleveland Indians,
549,Christian Walker,Baltimore Orioles,Rookie
550,David Price,Detroit Tigers,
551,Corey Hart,Pittsburgh Pirates,
552,Yovani Gallardo,Texas Rangers,
553,Grady Sizemore,Philadelphia Phillies,
554,A.J. Griffin,Oakland Athletics,
555,Jake Arrieta,Chicago Cubs,
556,Jake McGee,Tampa Bay Rays,
557,Nick Markakis,Atlanta Braves TM,
558,Patrick Corbin,Arizona Diamondbacks ,
559,Dee Gordon,Miami Marlins,
560,Jerome Williams,Philadelphia Phillies,
561,Ken Giles,Philadelphia Phillies,
562,Wilmer Flores,New York Mets,
563,J.J. Hardy,Baltimore Orioles,
564,Jose Quintana,Chicago White Sox,
565,Michael Morse,Miami Marlins,
566,Chris Davis,Baltimore Orioles,
567,Brennan Boesch,Cincinnati Reds,
568,Chris Tillman,Baltimore Orioles,
569,Marco Estrada,Toronto Blue Jays,
570,Jarrod Dyson,Kansas City Royals,
571,Devon Travis,Toronto Blue Jays,Rookie
572,A.J. Pollock,Arizona Diamondbacks ,
573,Ryan Rua,Texas Rangers,Rookie
574,Mitch Moreland,Texas Rangers,
575,Kris Medlen,Kansas City Royals,
576,Chase Headley,New York Yankees,
577,Henderson Alvarez,Miami Marlins,
578,Ender Inciarte,Arizona Diamondbacks ,
579,Jason Hammel,Chicago Cubs,
580,Chris Bassitt,Oakland Athletics,Rookie
581,John Holdzkom,Pittsburgh Pirates,Rookie
582,Wei-Yin Chen,Baltimore Orioles,
583,Jose Abreu,Chicago White Sox,Rookie of the Year
584,Danny Farquhar,Seattle Mariners,
585,Matt Moore,Tampa Bay Rays,
586,Max Scherzer,Washington Nationals,
587,Daniel Descalso,Colorado Rockies,
588,Kolten Wong,St. Louis Cardinals,Future Star
589,Jeff Locke,Pittsburgh Pirates,

590,Torii Hunter,Minnesota Twins,
591,Josh Collmenter,Arizona Diamondbacks ,
592,Martin Maldonado,Milwaukee Brewers,
593,Ruben Tejada,New York Mets,
594,Jose Pirela,New York Yankees,Rookie
595,Craig Kimbrel,Atlanta Braves TM,
596,Bronson Arroyo,Arizona Diamondbacks ,
597,Matt Shoemaker,Angels ,Future Star
598,Nick Swisher,Cleveland Indians,
599,Michael Brantley,Cleveland Indians,
600,Albert Pujols,Angels ,
601,Wade Miley,Boston Red Sox ,
602,Drew Storen,Washington Nationals,
603,Jose Fernandez,Miami Marlins ,Future Star
604,Jordan Schafer,Minnesota Twins,
605,Huston Street,Angels ,
606,Ian Desmond,Washington Nationals,
607,Jarrod Parker,Oakland Athletics,
608,Justin Smoak,Toronto Blue Jays,
609,Luke Hochevar,Kansas City Royals,
610,David Freese,Angels ,
611,Gregor Blanco,San Francisco Giants,
612,Caleb Joseph,Baltimore Orioles,
613,Josh Beckett,Los Angeles Dodgers,2014 Baseball Highlight
614,Jordan Walden,St. Louis Cardinals,
615,Carlos Sanchez,Chicago White Sox,
616,Kris Bryant,Chicago Cubs,Rookie
617,Terrance Gore,Kansas City Royals,Rookie
618,Billy Butler,Oakland Athletics,
619,Kevin Gausman,Baltimore Orioles,
620,Jose Altuve,Houston Astros,
621,Luis Valbuena,Houston Astros,
622,Yan Gomes,Cleveland Indians,
623,Melky Cabrera,Chicago White Sox,
624,Miguel Alfredo Gonzalez,Philadelphia Phillies,Rookie
625,Mark Buehrle,Toronto Blue Jays,
626,Hanley Ramirez,Boston Red Sox ,
627,Jason Grilli,Atlanta Braves TM,
628,Peter Bourjos,St. Louis Cardinals,
629,Robbie Grossman,Houston Astros,
630,Carlos Carrasco,Cleveland Indians,
631,Chris Iannetta,Angels ,
632,Kyle Gibson,Minnesota Twins,
633,Skip Schumaker,Cincinnati Reds,
634,Roenis Elias,Seattle Mariners,Future Star
635,Scott Feldman,Houston Astros,
636,Micah Johnson,Chicago White Sox,Rookie
637,Matt Szczur,Chicago Cubs,Rookie
638,Jimmy Rollins,Los Angeles Dodgers,
639,Cameron Maybin,San Diego Padres,
640,Matt Clark,Milwaukee Brewers,Rookie
641,Yorman Rodriguez,Cincinnati Reds,Rookie
642,Alex Wood,Atlanta Braves TM,
643,Oswaldo Arcia,Minnesota Twins,
644,Chicago White Sox,Chicago White Sox,
645,Neftali Feliz,Texas Rangers,
646,Aramis Ramirez,Milwaukee Brewers,
647,Yadier Molina,St. Louis Cardinals,
648,St. Louis Cardinals,St. Louis Cardinals,
649,Emilio Bonifacio,Chicago White Sox,

650,Pablo Sandoval,Boston Red Sox ,
651,Andrelton Simmons,Atlanta Braves TM,
652,Stephen Vogt,Oakland Athletics,
653,Rafael Montero,New York Mets,Future Star
654,Alfredo Simon,Detroit Tigers,
655,Taylor Hill,Washington Nationals,
656,Adeiny Hechavarria,Miami Marlins,Future Star
657,Justin Morneau,Colorado Rockies,
658,Tsuyoshi Wada,Chicago Cubs,
659,Jimmy Rollins,Philadelphia Phillies,2014 Baseball Highlight
660,Roberto Osuna,Toronto Blue Jays,Rookie
661,Grant Balfour,Tampa Bay Rays,
662,Darin Ruf,Philadelphia Phillies,
663,Jake Diekman,Philadelphia Phillies,
664,Hector Santiago,Angels ,
665,Stephen Strasburg,Washington Nationals,
666,Jonathan Broxton,Milwaukee Brewers,
667,Kole Calhoun,Angels ,
668,Jairo Diaz,Colorado Rockies,Rookie
669,Tampa Bay Rays,Tampa Bay Rays,
670,Darren O'Day,Baltimore Orioles,
671,Gerrit Cole,Pittsburgh Pirates,
672,Wily Peralta,Milwaukee Brewers,
673,Brett Oberholtzer,Houston Astros,
674,Desmond Jennings,Tampa Bay Rays,
675,Jonathan Lucroy,Milwaukee Brewers,
676,Nate McLouth,Washington Nationals,
677,Ryan Goins,Toronto Blue Jays,
678,Sam Freeman,St. Louis Cardinals,
679,Jorge De La Rosa,Colorado Rockies,
680,Nick Hundley,Colorado Rockies,
681,Zoilo Almonte,Atlanta Braves TM,
682,Christian Bergman,Colorado Rockies,
683,LaTroy Hawkins,Colorado Rockies,
684,Wil Myers,San Diego Padres,
685,Yangervis Solarte,San Diego Padres,
686,Tyson Ross,San Diego Padres,
687,Odubel Herrera,Philadelphia Phillies,Rookie
688,Angel Pagan,San Francisco Giants,
689,R.J. Alvarez,Oakland Athletics,Rookie
690,Brett Bochy,San Francisco Giants,Rookie
691,Lisalverto Bonilla,Texas Rangers,Rookie
692,Andrew Chafin,Arizona Diamondbacks,Rookie
693,Jason Rogers,Milwaukee Brewers,Rookie
694,Xavier Scruggs,St. Louis Cardinals,Rookie
695,Rafael Ynoa,Colorado Rockies,Rookie
696,Boston Red Sox,Boston Red Sox,
697,New York Yankees,New York Yankees,
698,Texas Rangers,Texas Rangers,
699,Miami Marlins,Miami Marlins,
700,Joe Mauer,Minnesota Twins,
701,Milwaukee Brewers,Milwaukee Brewers,
MANUFACTURED RELIC CARDS,,,
COMMEMORATIVE PATCH PINS,,,
CPP-01,Ken Griffey Jr.,Seattle Mariners TM,
CPP-02,Derek Jeter,New York Yankees,
CPP-03,Greg Maddux,Atlanta Braves,

CPP-04,Cal Ripken Jr.,Baltimore Orioles
CPP-05,Roger Clemens,Boston Red Sox
CPP-06,David Ortiz,Boston Red Sox
CPP-07,Dustin Pedroia,Boston Red Sox
CPP-08,Frank Thomas,Chicago White Sox
CPP-09,Nolan Ryan,Houston Astros
CPP-10,George Brett,Kansas City Royals
CPP-11,Rod Carew,California Angels
CPP-12,Clayton Kershaw,Los Angeles Dodgers
CPP-13,Ivan Rodriguez,Florida Marlins
CPP-14,Joe Mauer,Minnesota Twins
CPP-15,Dwight Gooden,New York Mets
CPP-16,David Wright,New York Mets
CPP-17,Mariano Rivera,New York Yankees
CPP-18,Mark McGwire,Oakland Athletics
CPP-19,Tony Gwynn,San Diego Padres
CPP-20,Johnny Bench,Cincinnati Reds
CPP-21,Ted Williams,Boston Red Sox
CPP-22,Bob Feller,Cleveland Indians
CPP-23,Brooks Robinson,Baltimore Orioles
CPP-24,Alex Rodriguez,Texas Rangers
CPP-25,Don Mattingly,New York Yankees
COMMEMORATIVE BAT KNOB CARDS,,
CBK-01,Willie Mays,San Francisco Giants 
CBK-02,Mike Trout,Angels
CBK-03,Buster Posey,San Francisco Giants
CBK-04,Babe Ruth,New York Yankees
CBK-05,Mark McGwire,St. Louis Cardinals
CBK-06,Derek Jeter,New York Yankees
CBK-07,Jose Abreu,Chicago White Sox
CBK-08,Ty Cobb,Detroit Tigers
CBK-09,Jackie Robinson,Brooklyn Dodgers
CBK-10,Yasiel Puig,Los Angeles Dodgers
CBK-11,Albert Pujols,Angels
CBK-12,Ken Griffey Jr.,Seattle Mariners
CBK-13,Giancarlo Stanton,Miami Marlins
CBK-14,Andrew McCutchen,Pittsburgh Pirates
CBK-15,Robinson Cano,Seattle Mariners
CBK-16,David Ortiz,Boston Red Sox
CBK-17,Ted Williams,Boston Red Sox
CBK-18,Adam Jones,Baltimore Orioles
CBK-19,Jacoby Ellsbury,New York Yankees
CBK-20,Miguel Cabrera,Detroit Tigers
CBK-21,Hunter Pence,San Francisco Giants
CBK-22,Ryan Braun,Milwaukee Brewers
CBK-23,Prince Fielder,Texas Rangers
CBK-24,Rusney Castillo,Boston Red Sox
CBK-25,Jorge Soler,Chicago Cubs
BIRTH YEAR COIN AND STAMP CARDS,,
CS-26,Jose Abreu,Chicago White Sox
CS-27,Jeff Bagwell,Houston Astros
CS-28,Mookie Betts,Boston Red Sox
CS-29,Wade Boggs,Boston Red Sox
CS-30,Paul Goldschmidt,Arizona Diamondbacks
CS-31,Clayton Kershaw,Los Angeles Dodgers
CS-32,Mark McGwire,St. Louis Cardinals
CS-33,Anthony Rizzo,Chicago Cubs
CS-34,Mike Schmidt,Philadelphia Phillies

CS-35,Giancarlo Stanton,Miami Marlins
CS-36,Buster Posey,San Francisco Giants
CS-37,Ty Cobb,Detroit Tigers
CS-38,Roger Maris,New York Yankees
CS-39,Jorge Soler,Chicago Cubs
CS-40,Joc Pederson,Los Angeles Dodgers
CS-41,Kennys Vargas,Minnesota Twins
CS-42,Evan Longoria,Tampa Bay Rays
CS-43,Yu Darvish,Texas Rangers
CS-44,Cal Ripken Jr.,Baltimore Orioles
CS-45,Tom Seaver,New York Mets
CS-46,Lonnie Chisenhall,Cleveland Indians
CS-47,Ken Griffey Jr.,Seattle Mariners
CS-48,Andrew McCutchen,Pittsburgh Pirates
CS-49,Felix Hernandez,Seattle Mariners
CS-50,Ted Williams,Boston Red Sox
AUTOGRAPH CARDS,,
BIRTH YEAR QUARTER WITH STAMP AUTOGRAPHS,,
BYA-AR,Anthony Rizzo,Chicago Cubs
BYA-GSP,George Springer,Houston Astros
BYA-JA,Jose Abreu,Chicago White Sox
BYA-JB,Jeff Bagwell,Houston Astros
BYA-JP,Joc Pederson,Los Angeles Dodgers
BYA-JS,Jorge Soler,Chicago Cubs
BYA-KV,Kennys Vargas,Minnesota Twins
BYA-PG,Paul Goldschmidt,Arizona Diamondbacks
CAREER HIGH,AUTOGRAPHS,
CHA-AB,Archie Bradley,Arizona Diamondbacks
CHA-AN,Aaron Northcraft,Atlanta Braves
CHA-AR,Anthony Ranaudo,Boston Red Sox
CHA-AS,Andrelton Simmons,Atlanta Braves
CHA-BFA,Buck Farmer,Detroit Tigers
CHA-BFI,Brandon Finnegan,Kansas City Royals
CHA-BH,Bryce Harper,Washington Nationals
CHA-CJ,Chris Johnson,Atlanta Braves
CHA-CR,Carlos Rodon,Chicago White Sox
CHA-CSA,Carlos Santana,Cleveland Indians
CHA-CSP,Cory Spangenberg,San Diego Padres
CHA-CW,Christian Walker,Baltimore Orioles
CHA-DH,Dilson Herrera,New York Mets
CHA-DN,Daniel Norris,Toronto Blue Jays
CHA-DP,Dalton Pompey,Toronto Blue Jays
CHA-EC,Erik Cordier,San Francisco Giants
CHA-EE,Edwin Escobar,Boston Red Sox
CHA-FJ,Fergie Jenkins,Chicago Cubs
CHA-GB,Gary Brown,San Francisco Giants
CHA-GS,George Springer,Houston Astros
CHA-HK,Hiroki Kuroda,New York Yankees
CHA-HS,Hector Santiago,Chicago White Sox
CHA-IK,Ian Kinsler,Texas Rangers
CHA-JB,Javier Baez,Chicago Cubs
CHA-JC,Jose Canseco,Oakland Athletics
CHA-JHO,John Holdzkom,Pittsburgh Pirates
CHA-JJ,Jon Jay,St. Louis Cardinals
CHA-JLG,Juan Lagares,New York Mets
CHA-JMC,James McCann,Detroit Tigers
CHA-JMR,Jake Marisnick,Miami Marlins

CHA-JPA,Joe Panik,San Francisco Giants
CHA-JPE,Joc Pederson,Los Angeles Dodgers
CHA-JPO,Johnny Podres,Brooklyn Dodgers
CHA-JR,Jason Rogers,Milwaukee Brewers
CHA-JS,Jorge Soler,Chicago Cubs
CHA-JT,Junichi Tazawa,Boston Red Sox
CHA-JW,Josh Willingham,Minnesota Twins
CHA-KB,Kris Bryant,Chicago Cubs
CHA-KG,Kendall Graveman,Toronto Blue Jays
CHA-LD,Lucas Duda,New York Mets
CHA-MBR,Matt Barnes,Boston Red Sox
CHA-MCL,Matt Clark,Milwaukee Brewers
CHA-MFO,Mike Foltynewicz,Houston Astros
CHA-MFR,Maikel Franco,Philadelphia Phillies
CHA-MT,Michael Taylor,Washington Nationals
CHA-NC,Nick Castellanos,Detroit Tigers
CHA-RC,Rusney Castillo,Boston Red Sox
CHA-RD,Rubby De La Rosa,Los Angeles Dodgers
CHA-SMU,Stan Musial,St. Louis Cardinals
CHA-TC,Tyler Chatwood,Colorado Rockies
CHA-TM,Trevor May,Minnesota Twins
CHA-TP,Tommy Pham,St. Louis Cardinals
CHA-YGA,Yimi Garcia,Los Angeles Dodgers
CHA-YV,Yordano Ventura,Kansas City Royals
STEPPING UP AUTOGRAPHS,,
SUA-AG,Adrian Gonzalez,Los Angeles Dodgers
SUA-CK,Corey Kluber,Cleveland Indians
SUA-FV,Fernando Valenzuela,Los Angeles Dodgers
SUA-JD,Jacob deGrom,New York Mets
SUA-JPA,Joe Panik,San Francisco Giants
SUA-JPO,Johnny Podres,Brooklyn Dodgers
SUA-JV,Joey Votto,Cincinnati Reds
SUA-LG,Luis Gonzalez,Arizona Diamondbacks
SUA-MW,Mookie Wilson,New York Mets
SUA-RJA,Reggie Jackson,New York Yankees 
HIGHLIGHT OF THE YEAR AUTOGRAPHS,,
HYA-AD,Andre Dawson,Montreal Expos
HYA-CK,Clayton Kershaw,Los Angeles Dodgers
HYA-CR,Cal Ripken Jr.,Baltimore Orioles 
HYA-DM,Don Mattingly,New York Yankees
HYA-EM,Edgar Martinez,Seattle Mariners
HYA-JP,Jim Palmer,Baltimore Orioles 
HYA-NR,Nolan Ryan,Texas Rangers
HYA-OS,Ozzie Smith,St. Louis Cardinals
HYA-RC,Roger Clemens,Boston Red Sox
HYA-RH,Rickey Henderson,Oakland Athletics
ECLIPSING HISTORY DUAL AUTOGRAPHS,,
EHA-GR,Nomar Garciaparra,Boston Red Sox
,Jim Rice,Boston Red Sox
EHA-GS,Tom Seaver,New York Mets 
,Dwight Gooden,New York Mets 
EHA-HB,Rickey Henderson,Oakland Athletics TM
,Lou Brock,St. Louis Cardinals
EHA-RF,Whitey Ford,New York Yankees
,Mariano Rivera,New York Yankees
EHA-VS,Ozzie Smith,St. Louis Cardinals
,Omar Vizquel,San Francisco Giants

BASEBALL ROYALTY AUTOGRAPHS,,
"BRA-CR Cal Ripken Jr.
BRA-FT Frank Thomas
BRA-GM Greg Maddux
BRA-HA Hank Aaron
BRA-JS John Smoltz
BRA-MP Mike Piazza
BRA-NR Nolan Ryan
BRA-OS Ozzie Smith
BRA-RC Roger Clemens
BRA-RJO Randy Johnson
HEART OF THE ORDER AUTOGRAPHS",,"Baltimore Orioles
Chicago White Sox
Atlanta Braves
Milwaukee Braves
Atlanta Braves
New York Mets
California Angels
St. Louis Cardinals
Boston Red Sox
Seattle Mariners"
HOA-AJ,Adam Jones,Baltimore Orioles
HOA-EM,Edgar Martinez,Seattle Mariners
HOA-FF,Freddie Freeman,Atlanta Braves
HOA-GC,Gary Carter,New York Mets
HOA-GS,Giancarlo Stanton,Miami Marlins
HOA-JB,Jeff Bagwell,Houston Astros
HOA-JC,Jose Canseco,Oakland Athletics
HOA-MA,Matt Adams,St. Louis Cardinals
HOA-PG,Paul Goldschmidt,Arizona Diamondbacks
HOA-TG,Tony Gwynn,San Diego Padres
TIL ITS OVER AUTOGRAPHS,,
TIOA-DF,David Freese,St. Louis Cardinals
TIOA-LB,Lou Brock,St. Louis Cardinals
TIOA-MC,Matt Cain,San Francisco Giants
TIOA-OV,Omar Vizquel,Cleveland Indians
TIOA-TT,Troy Tulowitzki,Colorado Rockies
HOT STREAK AUTOGRAPHS,,(RETAIL EXCLUSIVE)
HSA-CKL,Corey Kluber,Cleveland Indians
HSA-DC,David Cone,Kansas City Royals
HSA-DE,Dennis Eckersley,Oakland Athletics
HSA-JP,Jim Palmer,Baltimore Orioles
HSA-LG,Luis Gonzalez,Arizona Diamondbacks
HSA-LH,Livan Hernandez,Florida Marlins
HSA-MS,Max Scherzer,Detroit Tigers
HSA-OS,Ozzie Smith,St. Louis Cardinals
HSA-SK,Sandy Koufax,Los Angeles Dodgers
HSA-VC,Vinny Castilla,Colorado Rockies
MLB ALL STAR AUTOGRAPHS,,(WALMART EXCLUSIVE)
ASA-AJ,Adam Jones,Baltimore Orioles
ASA-AR,Anthony Rizzo,Chicago Cubs
ASA-BB,Brandon Belt,San Francisco Giants
ASA-BH,Bryce Harper,Washington Nationals
ASA-BL,Barry Larkin,Cincinnati Reds
ASA-CBI,Craig Biggio,Houston Astros
ASA-CBL,Charlie Blackmon,Colorado Rockies
ASA-CK,Clayton Kershaw,Los Angeles Dodgers
ASA-CR,Cal Ripken Jr.,Baltimore Orioles
ASA-CS,Chris Sale,Chicago White Sox
ASA-DB,Dellin Betances,New York Yankees
ASA-EB,Ernie Banks,Chicago Cubs
ASA-EE,Edwin Encarnacion,Toronto Blue Jays
ASA-EM,Edgar Martinez,Seattle Mariners
ASA-FF,Freddie Freeman,Atlanta Braves

ASA-GS,Giancarlo Stanton,Miami Marlins
ASA-HA,Hank Aaron,Atlanta Braves
ASA-JA,Jose Abreu,Chicago White Sox
ASA-JD,Josh Donaldson,Toronto Blue Jays
ASA-JS,John Smoltz,Atlanta Braves
ASA-KG,Ken Griffey Jr.,Seattle Mariners
ASA-MCB,Miguel Cabrera,Detroit Tigers
ASA-MCR,Matt Carpenter,St. Louis Cardinals
ASA-MG,Mark Grace,Chicago Cubs
ASA-MP,Mike Piazza,New York Mets
ASA-MT,Mike Trout,Angels
ASA-OV,Omar Vizquel,Cleveland Indians
ASA-PG,Paul Goldschmidt,Arizona Diamondbacks
ASA-PO,Paul O'Neill,New York Yankees
ASA-RC,Roger Clemens,Boston Red Sox
ASA-WB,Wade Boggs,Boston Red Sox
ASA-YP,Yasiel Puig,Los Angeles Dodgers
RELIC CARDS,,
CAREER HIGH,RELICS,
CHR-AC,Allen Craig,St. Louis Cardinals
CHR-AG,Adrian Gonzalez,Los Angeles Dodgers
CHR-AJ,Adam Jones,Baltimore Orioles
CHR-AS,Andrelton Simmons,Atlanta Braves
CHR-BH,Billy Hamilton,Cincinnati Reds
CHR-CBI,Craig Biggio,Houston Astros
CHR-CBL,Charlie Blackmon,Colorado Rockies
CHR-CR,Cal Ripken Jr.,Baltimore Orioles
CHR-CU,Chase Utley,Philadelphia Phillies
CHR-DJ,Derek Jeter,New York Yankees
CHR-DM,Don Mattingly,New York Yankees
CHR-DN,Daniel Norris,Toronto Blue Jays
CHR-DW,David Wright,New York Mets
CHR-EL,Evan Longoria,Tampa Bay Rays
CHR-GC,Gerrit Cole,Pittsburgh Pirates
CHR-HP,Hunter Pence,San Francisco Giants
CHR-HR,Hanley Ramirez,Florida Marlins
CHR-JA,Jose Abreu,Chicago White Sox
CHR-JBA,Jose Bautista,Toronto Blue Jays
CHR-JBR,Javier Baez,Chicago Cubs
CHR-JH,Josh Hamilton,Texas Rangers
CHR-JM,Joe Mauer,Minnesota Twins
CHR-JS,Jon Singleton,Houston Astros
CHR-JVE,Justin Verlander,Detroit Tigers
CHR-LL,Lance Lynn,St. Louis Cardinals
CHR-MBU,Madison Bumgarner,San Francisco Giants
CHR-MC,Miguel Cabrera,Detroit Tigers
CHR-MH,Matt Holliday,St. Louis Cardinals
CHR-MMC,Mark McGwire,St. Louis Cardinals
CHR-MS,Max Scherzer,Detroit Tigers
CHR-NC,Nick Castellanos,Detroit Tigers
CHR-PS,Pablo Sandoval,San Francisco Giants
CHR-RB,Ryan Braun,Milwaukee Brewers
CHR-RC,Roger Clemens,Boston Red Sox
CHR-RJ,Randy Johnson,Arizona Diamondbacks
CHR-RZ,Ryan Zimmerman,Washington Nationals
CHR-SC,Shin-Soo Choo,Cleveland Indians
CHR-SS,Stephen Strasburg,Washington Nationals
CHR-VG,Vladimir Guerrero,Anaheim AngelsTM

CHR-VM,Victor Martinez,Detroit Tigers
CHR-WB,Wade Boggs,Boston Red Sox
CHR-YD,Yu Darvish,Texas Rangers
CHR-YP,Yasiel Puig,Los Angeles Dodgers
STEPPING UP RELICS,,
SUR-AG,Adrian Gonzalez,Los Angeles Dodgers
SUR-DO,David Ortiz,Boston red Sox
SUR-DS,Duke Snider,Brooklyn Dodgers
SUR-JV,Joey Votto,Cincinnati Reds
SUR-MB,Madison Bumgarner,San Francisco Giants
SUR-MC,Miguel Cabrera,Detroit Tigers
SUR-MR,Mariano Rivera,New York Yankees
SUR-RH,Ryan Howard,Philadelphia Phillies
SUR-RJA,Reggie Jackson,New York Yankees 
SUR-RJO,Randy Johnson,Arizona Diamondbacks
HIGHLIGHT OF THE YEAR RELICS,,
HYR-AD,Andre Dawson,Montreal Expos
HYR-CR,Cal Ripken Jr.,Baltimore Orioles 
HYR-DM,Don Mattingly,New York Yankees
HYR-JP,Jim Palmer,Baltimore Orioles 
HYR-MM,Mark McGwire,Oakland Athletics
HYR-NR,Nolan Ryan,Texas Rangers
HYR-OS,Ozzie Smith,St. Louis Cardinals
HYR-RC,Roger Clemens,Boston Red Sox
HYR-RH,Rickey Henderson,Oakland Athletics
HYR-TS,Tom Seaver,Cincinnati Reds
ECLIPSING HISTORY DUAL RELICS,,
EHR-GR,Nomar Garciaparra,Boston Red Sox
,Jim Rice,Boston Red Sox
EHR-GS,Tom Seaver,New York Mets
,Dwight Gooden,New York Mets
EHR-TC,Rod Carew,California Angels
,Mike Trout,Angels
EHR-VS,Omar Vizquel,San Francisco Giants
,Ozzie Smith,St. Louis Cardinals
EHR-WS,Darryl Strawberry,New York Mets
,David Wright,New York Mets
BASEBALL ROYALTY RELICS,,
BRR-CJ,Chipper Jones,Atlanta Braves
BRR-CR,Cal Ripken Jr.,Baltimore Orioles
BRR-DJ,Derek Jeter,New York Yankees
BRR-FT,Frank Thomas,Chicago White Sox
BRR-GM,Greg Maddux,Atlanta Braves
BRR-HA,Hank Aaron,Milwaukee Braves
BRR-JS,John Smoltz,Atlanta Braves
BRR-KG,Ken Griffey Jr.,Seattle Mariners
BRR-MR,Mariano Rivera,New York Yankees
BRR-NR,Nolan Ryan,California Angels
BRR-OS,Ozzie Smith,St. Louis Cardinals
BRR-RC,Roger Clemens,Boston Red Sox
BRR-RJA,Reggie Jackson,Oakland Athletics
BRR-RJO,Randy Johnson,Seattle Mariners
BRR-WM,Willie Mays,San Francisco Giants
HEART OF THE ORDER RELICS,,
HTOR-CJ,Chipper Jones,Atlanta Braves

HTOR-DO,David Ortiz,Boston Red Sox
HTOR-GC,Gary Carter,New York Mets
HTOR-GS,Giancarlo Stanton,Miami Marlins
HTOR-HA,Hank Aaron,Milwaukee Braves
HTOR-KG,Ken Griffey Jr.,Seattle Mariners
HTOR-MT,Mike Trout,Angels
HTOR-TG,Tony Gwynn,San Diego Padres
HTOR-TW,Ted Williams,Boston Red Sox
HTOR-YP,Yasiel Puig,Los Angeles Dodgers
TIL ITS OVER RELICS,,
TIOR-CB,Craig Biggio,Houston Astros
TIOR-DO,David Ortiz,Boston Red Sox
TIOR-EL,Evan Longoria,Tampa Bay Rays
TIOR-JM,Joe Mauer,Minnesota Twins
TIOR-KG,Ken Griffey Jr.,Seattle Mariners
TIOR-NR,Nolan Ryan,New York Mets
TIOR-OV,Omar Vizquel,Cleveland Indians
TIOR-SP,Salvador Perez,Kansas City Royals
TIOR-TS,Tom Seaver,New York Mets
TIOR-TT,Troy Tulowitzki,Colorado Rockies
HOT STREAK RELICS,,(RETAIL EXCLUSIVE)
HSR-AP,Albert Pujols,St. Louis Cardinals
HSR-CJ,Chipper Jones,Atlanta Braves
HSR-CK,Clayton Kershaw,Los Angeles Dodgers
HSR-DM,Don Mattingly,New York Yankees
HSR-FR,Frank Robinson,Baltimore Orioles
HSR-JP,Jim Palmer,Baltimore Orioles
HSR-MS,Max Scherzer,Detroit Tigers
HSR-RJ,Randy Johnson,Seattle Mariners
HSR-TS,Tom Seaver,New York Mets
HSR-YP,Yasiel Puig,Los Angeles Dodgers
OWN THE NAME,,
OTN-AA,Alex Avila,Detroit Tigers
OTN-AB,Adrian Beltre,Texas Rangers
OTN-AC,Aroldis Chapman,Cincinnati Reds
OTN-AD,Adam Dunn,Chicago White Sox
OTN-AE,Andre Ethier,Los Angeles Dodgers
OTN-AGR,Alex Gordon,Kansas City Royals
OTN-AGZ,Adrian Gonzalez,Los Angeles Dodgers
OTN-AJ,Adam Jones,Baltimore Orioles
OTN-AM,Andrew McCutchen,Pittsburgh Pirates
OTN-ARE,Anthony Rendon,Washington Nationals
OTN-BBE,Brandon Beachy,Atlanta Braves
OTN-BBU,Billy Butler,Kansas City Royals
OTN-BC,Brandon Crawford,San Francisco Giants
OTN-BHA,Billy Hamilton,Cincinnati Reds
OTN-BHR,Bryce Harper,Washington Nationals
OTN-CA,Chris Archer,Tampa Bay Rays
OTN-CBE,Christian Bethancourt,Atlanta Braves
OTN-CBI,Craig Biggio,Houston Astros
OTN-CBL,Charlie Blackmon,Colorado Rockies
OTN-CD,Chris Davis,Baltimore Orioles
OTN-CGN,Carlos Gonzalez,Colorado Rockies
OTN-CGO,Carlos Gomez,Milwaukee Brewers
OTN-CH,Cole Hamels,Philadelphia Phillies
OTN-CKI,Craig Kimbrel,Atlanta Braves
OTN-DB,Domonic Brown,Philadelphia Phillies

OTN-DGE,Dillon Gee,New York Mets
OTN-DGO,Dee Gordon,Los Angeles Dodgers
OTN-DGR,Didi Gregorius,Arizona Diamondbacks
OTN-DJ,Desmond Jennings,Tampa Bay Rays
OTN-DME,Devin Mesoraco,Cincinnati Reds
OTN-EA,Elvis Andrus,Texas Rangers
OTN-EG,Evan Gattis,Atlanta Braves
OTN-EH,Eric Hosmer,Kansas City Royals
OTN-EL,Evan Longoria,Tampa Bay Rays
OTN-FF,Freddie Freeman,Atlanta Braves
OTN-FH,Felix Hernandez,Seattle Mariners
OTN-GC,Gerrit Cole,Pittsburgh Pirates
OTN-GP,Gregory Polanco,Pittsburgh Pirates
OTN-GS,Giancarlo Stanton,Miami Marlins
OTN-HA,Henderson Alvarez,Miami Marlins
OTN-JDG,Jacob deGrom,New York Mets
OTN-JDO,Josh Donaldson,Oakland Athletics
OTN-JFA,Jeurys Familia,New York Mets
OTN-JH,Josh Hamilton,Angels
OTN-JSI,Jon Singleton,Houston Astros
OTN-JVE,Justin Verlander,Detroit Tigers
OTN-LD,Lucas Duda,New York Mets
OTN-MBE,Mookie Betts,Boston Red Sox
OTN-MBU,Madison Bumgarner,San Francisco Giants
OTN-MCH,Michael Choice,Texas Rangers
OTN-MK,Matt Kemp,Los Angeles Dodgers
OTN-MMA,Manny Machado,Baltimore Orioles
OTN-MMU,Mike Moustakas,Kansas City Royals
OTN-MS,Max Scherzer,Detroit Tigers
OTN-NC,Nick Castellanos,Detroit Tigers
OTN-NE,Nate Eovaldi,Miami Marlins
OTN-NF,Neftali Feliz,Texas Rangers
OTN-NW,Neil Walker,Pittsburgh Pirates
OTN-PA,Pedro Alvarez,Pittsburgh Pirates
OTN-PG,Paul Goldschmidt,Arizona Diamondbacks
OTN-PK,Paul Konerko,Chicago White Sox
OTN-RD,R.A. Dickey,Toronto Blue Jays
OTN-RH,Ryan Howard,Philadelphia Phillies
OTN-SCI,Steve Cishek,Miami Marlins
OTN-SCS,Starlin Castro,Chicago Cubs
OTN-SG,Sonny Gray,Oakland Athletics
OTN-SP,Salvador Perez,Kansas City Royals
OTN-SS,Stephen Strasburg,Washington Nationals
OTN-TD,Travis d'Arnaud,New York Mets
OTN-VG,Vladimir Guerrero,Angels
OTN-WF,Wilmer Flores,New York Mets
OTN-YC,Yoenis Cespedes,Boston Red Sox
OTN-YG,Yasmani Grandal,San Diego Padres
OTN-YP,Yasiel Puig,Los Angeles Dodgers
STRATA CUT SIGNATURES,,
SCS-AL,Al Lopez,Chicago White Sox
SCS-BF,Bob Feller,Cleveland Indians
SCS-BG,Burleigh Grimes,Brooklyn Dodgers
SCS-BLE,Bob Lemon,Cleveland Indians
SCS-BLO,Buck Leonard,
SCS-CB,Cool Papa Bell,
SCS-DD,Dizzy Dean,St. Louis Cardinals
SCS-EA,Earl Averill,Cleveland Indians
SCS-EF,Elmer Flick,Cleveland NapsTM

SCS-GK,George Kell,Detroit Tigers
SCS-HG,Hank Greenberg,Detroit Tigers
SCS-HH,Harry Hooper,Boston Red Sox
SCS-JM,Johnny Mize,St. Louis Cardinals
SCS-JR,Jackie Robinson,Brooklyn Dodgers
SCS-JS,Joe Sewell,Cleveland Indians
SCS-LB,Lou Boudreau,Cleveland Indians
SCS-LG,Lefty Grove,Philadelphia Athletics
SCS-LW,Lloyd Waner,Pittsburgh Pirates
SCS-NF,Nellie Fox,Chicago White Sox
SCS-RK,Ralph Kiner,Pittsburgh Pirates
SCS-RM,Roger Maris,New York Yankees
SCS-RR,Red Ruffing,New York Yankees
SCS-RS,Ron Santo,Chicago Cubs
SCS-SM,Stan Musial,St. Louis Cardinals
SCS-SP,Satchel Paige,
SCS-TC,Ty Cobb,Detroit Tigers
SCS-WG,Warren Giles,Cincinnati Reds
SCS-WH,Waite Hoyt,New York Yankees
SCS-WSP,Warren Spahn,Milwaukee Braves
SCS-WST,Willie Stargell,Pittsburgh Pirates
MLB ALL STAR CUT SIGNATURES,,(WALMART EXCLUSIVE)
ASCS-BR,Babe Ruth,New York Yankees
ASCS-JD,Joe DiMaggio,New York Yankees
ASCS-JR,Jackie Robinson,Brooklyn Dodgers
ASCS-RC,Roberto Clemente,Pittsburgh Pirates
ASCS-TW,Ted Williams,Boston Red Sox
INSERT CARDS,,
STEPPING UP,,
SU-1,Reggie Jackson,New York Yankees 
SU-2,Duke Snider,Brooklyn Dodgers
SU-3,Sandy Koufax,Brooklyn Dodgers
SU-4,Johnny Podres,Brooklyn Dodgers
SU-5,David Ortiz,Boston Red Sox
SU-6,Mariano Rivera,New York Yankees
SU-7,Miguel Cabrera,Detroit Tigers
SU-8,Joey Votto,Cincinnati Reds
SU-9,Adrian Gonzalez,Los Angeles Dodgers
SU-10,Randy Johnson,Arizona Diamondbacks
SU-11,Madison Bumgarner,San Francisco Giants
SU-12,Albert Pujols,Angels
SU-13,Ryan Howard,Philadelphia Phillies
SU-14,Hunter Pence,San Francisco Giants
SU-15,Luis Gonzalez,Arizona Diamondbacks
SU-16,Mookie Wilson,New York Mets
SU-17,Fernando Valenzuela,Los Angeles Dodgers
SU-18,Corey Kluber,Cleveland Indians
SU-19,Joe Panik,San Francisco Giants
SU-20,Jacob deGrom,New York Mets
HIGHLIGHT OF THE YEAR,,
H-31,Ty Cobb,Detroit Tigers
H-32,Babe Ruth,New York Yankees
H-33,Babe Ruth,New York Yankees
H-34,First MLB All-Star Game,
H-35,Babe Ruth,New York Yankees
H-36,Enos Slaughter,St. Louis Cardinals

H-37,Lou Gehrig,New York Yankees
H-38,Ted Williams,Boston Red Sox
H-39,Bobby Doerr,Boston Red Sox
H-40,Jackie Robinson,Brooklyn Dodgers
H-41,Joe DiMaggio,New York Yankees
H-42,Bob Feller,Cleveland Indians
H-43,Willie Mays,New York Giants
H-44,Roberto Clemente,Pittsburgh Pirates
H-45,Hank Aaron,Milwaukee Braves
H-46,Sandy Koufax,Los Angeles Dodgers
H-47,Jim Palmer,Baltimore Orioles 
H-48,Tom Seaver,Cincinnati Reds
H-49,Rickey Henderson,Oakland Athletics
H-50,Andre Dawson,Montreal Expos
H-51,Roger Clemens,Boston Red Sox
H-52,Don Mattingly,New York Yankees
H-53,Mark McGwire,Oakland Athletics
H-54,Nolan Ryan,Texas Rangers
H-55,Ozzie Smith,St. Louis Cardinals
H-56,Cal Ripken Jr.,Baltimore Orioles 
H-57,Edgar Martinez,Seattle Mariners
H-58,Greg Maddux,Chicago Cubs
H-59,Mariano Rivera,New York Yankees
H-60,Clayton Kershaw,Los Angeles Dodgers
ECLIPSING HISTORY,,
EH-1,Lou Brock,St. Louis Cardinals
,Rickey Henderson,Oakland Athletics TM
EH-2,Stan Musial,St. Louis Cardinals
,Hank Aaron,Atlanta Braves
EH-3,Sandy Koufax,Brooklyn Dodgers
,Nolan Ryan,Texas Rangers
EH-4,Ozzie Smith,St. Louis Cardinals
,Omar Vizquel,San Francisco Giants
EH-5,Tom Seaver,New York Mets
,Dwight Gooden,New York Mets
EH-6,Whitey Ford,New York Yankees
,Mariano Rivera,New York Yankees
EH-7,Rod Carew,California Angels
,Mike Trout,Angels
EH-8,Jim Rice,Boston Red Sox
,Nomar Garciaparra,Boston Red Sox
EH-9,Derek Jeter,New York Yankees
,Lou Gehrig,New York Yankees
EH-10,Darryl Strawberry,New York Mets
,David Wright,New York Mets
BASEBALL ROYALTY,,
BR-1,Babe Ruth,New York Yankees
BR-2,Sandy Koufax,Los Angeles Dodgers
BR-3,Ted Williams,Boston Red Sox
BR-4,Joe DiMaggio,New York Yankees
BR-5,Jackie Robinson,Brooklyn Dodgers
BR-6,Willie Mays,San Francisco Giants
BR-7,Hank Aaron,Milwaukee Braves
BR-8,Mike Piazza,New York Mets
BR-9,Roger Clemens,Boston Red Sox
BR-10,Cal Ripken Jr.,Baltimore Orioles
BR-11,Greg Maddux,Atlanta Braves
BR-12,Ken Griffey Jr.,Seattle Mariners

BR-13,Randy Johnson,Seattle Mariners
BR-14,Nolan Ryan,California Angels
BR-15,Reggie Jackson,Oakland Athletics
BR-16,Ozzie Smith,St. Louis Cardinals
BR-17,Mark McGwire,St. Louis Cardinals
BR-18,Mariano Rivera,New York Yankees
BR-19,Frank Thomas,Chicago White Sox
BR-20,Miguel Cabrera,Detroit Tigers
BR-21,David Ortiz,Boston Red Sox
BR-22,Chipper Jones,Atlanta Braves
BR-23,Albert Pujols,Angels
BR-24,Derek Jeter,New York Yankees
BR-25,John Smoltz,Atlanta Braves
HEART OF THE ORDER,,
HOR-1,Ted Williams,Boston Red Sox
HOR-2,Mike Piazza,New York Mets
HOR-3,Hank Aaron,Milwaukee Braves
HOR-4,Ken Griffey Jr.,Seattle Mariners
HOR-5,Jose Canseco,Oakland Athletics
HOR-6,Yasiel Puig,Los Angeles Dodgers
HOR-7,Mike Trout,Angels
HOR-8,Gary Carter,New York Mets
HOR-9,Chipper Jones,Atlanta Braves
HOR-10,Giancarlo Stanton,Miami Marlins
HOR-11,Tony Gwynn,San Diego Padres
HOR-12,Hanley Ramirez,Boston Red Sox
HOR-13,Prince Fielder,Texas Rangers
HOR-14,Ryan Howard,Philadelphia Phillies
HOR-15,Matt Adams,St. Louis Cardinals
HOR-16,Jeff Bagwell,Houston Astros
HOR-17,Edgar Martinez,Seattle Mariners
HOR-18,Freddie Freeman,Atlanta Braves
HOR-19,Paul Goldschmidt,Arizona Diamondbacks
HOR-20,Adam Jones,Baltimore Orioles
TIL ITS OVER,,
TIO-1,David Ortiz,Boston Red Sox
TIO-2,Ken Griffey Jr.,Seattle Mariners
TIO-3,Troy Tulowitzki,Colorado Rockies
TIO-4,Evan Longoria,Tampa Bay Rays
TIO-5,Omar Vizquel,Cleveland Indians
TIO-6,Joe Mauer,Minnesota Twins
TIO-7,Lou Brock,St. Louis Cardinals
TIO-8,Nolan Ryan,New York Mets
TIO-9,Craig Biggio,Houston Astros
TIO-10,Tom Seaver,New York Mets
TIO-11,Ivan Rodriguez,Florida Marlins
TIO-12,Matt Cain,San Francisco Giants
TIO-13,Willie Mays,New York Giants
TIO-14,David Freese,St. Louis Cardinals
TIO-15,Salvador Perez,Kansas City Royals
HOT STREAK,,(RETAIL EXCLUSIVE)
HS-1,Yasiel Puig,Los Angeles Dodgers
HS-2,Jim Palmer,Baltimore Orioles
HS-3,Sandy Koufax,Los Angeles Dodgers
HS-4,Max Scherzer,Detroit Tigers
HS-5,Don Mattingly,New York Yankees
HS-6,Chipper Jones,Atlanta Braves

HS-7,,Vinny Castilla,Colorado Rockies
HS-8,,Nomar Garciaparra,Boston Red Sox
HS-9,,Frank Robinson,Baltimore Orioles
HS-10,,Clayton Kershaw,Los Angeles Dodgers
HS-11,,Roger Clemens,New York Yankees
HS-12,,Randy Johnson,Seattle Mariners
HS-13,,Pablo Sandoval,San Francisco Giants
HS-14,,George Brett,Kansas City Royals
HS-15,,Ozzie Smith,St.Louis Cardinals
HS-16,,David Cone,Kansas City Royals
HS-17,,Corey Kluber,Cleveland Indians
HS-18,,Livan Hernandez,Florida Marlins
HS-19,,Albert Pujols,St. Louis Cardinals
HS-20,,Luis Gonzalez,Arizona Diamondbacks
FIRST PITCH INSERT,,,
FP-16,,Kelsey Grammer,Los Angeles Dodgers
FP-17,,Chris Pratt,Chicago Cubs
FP-18,,Jon Hamm,St. Louis Cardinals
FP-19,,Melissa McCarthy,Los Angeles Dodgers
FP-20,,Chelsea Handler,Chicago Cubs
FP-21,,Stan Lee,San Francisco Giants
FP-22,,Lars Ulrich,San Francisco Giants
FP-23,,Kevin Hart,Chicago White Sox
FP-24,,BILL Kreutzmann and Mickey SHaanrt Francisco Giants,
FP-25,,Gabriel Iglesias,Miami Marlins
AUTOGRAPH RELIC CARDS,,,
STEPPING UP AUTOGRAPH RELICS,,,
SUAR-AG,,Adrian Gonzalez,Los Angeles Dodgers
SUAR-DO,,David Ortiz,Boston red Sox
SUAR-DS,,Duke Snider,Brooklyn Dodgers
SUAR-JD,,Jacob deGrom,New York Mets
SUAR-JV,,Joey Votto,Cincinnati Reds
SUAR-LG,,Luis Gonzalez,Arizona Diamondbacks
SUAR-MC,,Miguel Cabrera,Detroit Tigers
SUAR-RH,,Ryan Howard,Philadelphia Phillies
SUAR-RJA,,Reggie Jackson,New York Yankees
SUAR-RJO,,Randy Johnson,Arizona Diamondbacks
HIGHLIGHT OF THE YEAR AUTOGRAPH RELICS,,,
HYAR-AD,Andre Dawson,Montreal Expos,
HYAR-CK,Clayton Kershaw,Los Angeles Dodgers,
HYAR-DM,Don Mattingly,New York Yankees,
HYAR-EM,Edgar Martinez,Seattle Mariners,
HYAR-JP,Jim Palmer,Baltimore Orioles ,
HYAR-MM,Mark McGwire,Oakland Athletics TM,
HYAR-NR,Nolan Ryan,Texas Rangers,
HYAR-OS,Ozzie Smith,St. Louis Cardinals,
HYAR-RH,Rickey Henderson,Oakland Athletics,
ECLIPSING HISTORY DUAL AUTOGRAPH RELICS,,,
EHAR-GR,Nomar Garciaparra,,Boston Red Sox
,Jim Rice,,Boston Red Sox
EHAR-GS,Tom Seaver,,New York Mets
,Dwight Gooden,,New York Mets
EHAR-HB,Rickey Henderson,,Oakland Athletics
,Lou Brock,,St. Louis Cardinals
EHAR-TC,Rod Carew,,California Angels

,Mike Trout,Angels
EHAR-VS,Ozzie Smith,St. Louis Cardinals
,Omar Vizquel,San Francisco Giants
BASEBALL ROYALTY AUTOGRAPH RELICS,,
BRAR-CR,Cal Ripken Jr.,Baltimore Orioles
BRAR-FT,Frank Thomas,Chicago White Sox
BRAR-GM,Greg Maddux,Atlanta Braves
BRAR-JM,John Smoltz,Atlanta Braves
BRAR-KG,Ken Griffey Jr.,Seattle Mariners
BRAR-MR,Mariano Rivera,New York Yankees
BRAR-NR,Nolan Ryan,California Angels
BRAR-OS,Ozzie Smith,St. Louis Cardinals
BRAR-RJA,Reggie Jackson,Oakland Athletics
BRAR-RJO,Randy Johnson,Seattle Mariners
HEART OF THE ORDER AUTOGRAPH RELICS,,
HOAR-CJ,Chipper Jones,Atlanta Braves
HOAR-EM,Edgar Martinez,Seattle Mariners
HOAR-GC,Gary Carter,New York Mets
HOAR-GS,Giancarlo Stanton,Miami Marlins
HOAR-HR,Hanley Ramirez,Boston Red Sox
HOAR-MA,Matt Adams,St. Louis Cardinals
HOAR-PF,Prince Fielder,Texas Rangers
HOAR-PG,Paul Goldschmidt,Arizona Diamondbacks
HOAR-RH,Ryan Howard,Philadelphia Phillies
HOAR-YP,Yasiel Puig,Los Angeles Dodgers
TIL ITS OVER AUTOGRAPH RELICS,,
TIOAR-CB,Craig Biggio,Houston Astros
TIOAR-DF,David Freese,St. Louis Cardinals
TIOAR-DO,David Ortiz,Boston Red Sox
TIOAR-EL,Evan Longoria,Tampa Bay Rays
TIOAR-IR,Ivan Rodriguez,Florida Marlins
TIOAR-JM,Joe Mauer,Minnesota Twins
TIOAR-KG,Ken Griffey Jr.,Seattle Mariners
TIOAR-LB,Lou Brock,St. Louis Cardinals
TIOAR-MC,Matt Cain,San Francisco Giants
TIOAR-NR,Nolan Ryan,New York Mets
TIOAR-OV,Omar Vizquel,Cleveland Indians
TIOAR-SP,Salvador Perez,Kansas City Royals
TIOAR-TS,Tom Seaver,New York Mets
TIOAR-TT,Troy Tulowitzki,Colorado Rockies
TIOAR-WM,Willie Mays,New York Giants
HOT STREAK AUTOGRAPH RELICS,,(RETAIL EXCLUSIVE)
HSAR-CJ,Chipper Jones,Atlanta Braves
HSAR-CKE,Clayton Kershaw,Los Angeles Dodgers
HSAR-DE,Dennis Eckersley,Oakland Athletics
HSAR-DM,Don Mattingly,New York Yankees
HSAR-FR,Frank Robinson,Baltimore Orioles
HSAR-JP,Jim Palmer,Baltimore Orioles
HSAR-LG,Luis Gonzalez,Arizona Diamondbacks
HSAR-MS,Max Scherzer,Detroit Tigers
HSAR-OS,Ozzie Smith,St. Louis Cardinals
HSAR-RJ,Randy Johnson,Seattle Mariners
STRATA SIGNATURE RELICS,,
SSR-AR,Anthony Rizzo,Chicago Cubs
SSR-BP,Buster Posey,San Francisco Giants

SSR-CJ,Chipper Jones,Atlanta Braves
SSR-CR,Cal Ripken Jr.,Baltimore Orioles
SSR-CS,Chris Sale,Chicago White Sox
SSR-DW,David Wright,New York Mets
SSR-EE,Edwin Encarnacion,Toronto Blue Jays
SSR-FT,Frank Thomas,Chicago White Sox
SSR-JA,Jose Abreu,Chicago White Sox
SSR-JB,Javier Baez,Chicago Cubs
SSR-JDE,Jacob deGrom,New York Mets
SSR-JG,Juan Gonzalez,Texas Rangers
SSR-JH,Jason Heyward,St. Louis Cardinals
SSR-JSO,Jorge Soler,Chicago Cubs
SSR-KU,Koji Uehara,Boston Red Sox
SSR-KV,Kennys Vargas,Minnesota Twins
SSR-MM,Mike Minor,Atlanta Braves
SSR-MT,Mark Teixeira,New York Yankees
SSR-PF,Prince Fielder,Texas Rangers
SSR-RP,Rafael Palmeiro,Baltimore Orioles
SSR-VG,Vladimir Guerrero,Angels
RETAIL EXCLUSIVE CARDS,,
FIRST HOME RUN,,
FHR-1,Eddie Murray,Baltimore Orioles 
FHR-2,Cal Ripken Jr.,Baltimore Orioles 
FHR-3,Brooks Robinson,Baltimore Orioles 
FHR-4,Babe Ruth,Boston Red Sox
FHR-5,Ted Williams,Boston Red Sox
FHR-6,Frank Thomas,Chicago White Sox 
FHR-7,Johnny Bench,Cincinnati Reds 
FHR-8,Tony Pérez,Cincinnati Reds 
FHR-9,Ty Cobb,Detroit Tigers 
FHR-10,Miguel Cabrera,Florida Marlins TM
FHR-11,Giancarlo Stanton,Florida Marlins TM
FHR-12,Hunter Pence,Houston Astros 
FHR-13,Reggie Jackson,Kansas City AthleticsTM
FHR-14,Carlos Beltran,Kansas City Royals 
FHR-15,Bo Jackson,Kansas City Royals 
FHR-16,David Ortiz,Minnesota Twins 
FHR-17,Mark McGwire,Oakland Athletics TM
FHR-18,Tony Gwynn,San Diego Padres TM
FHR-19,Jayson Werth,Toronto Blue Jays 
FHR-20,Harmon Killebrew,Washington Senators TM
FHR-21,Clayton Kershaw,Los Angeles Dodgers 
FHR-22,Rusney Castillo,Boston Red Sox
FHR-23,Dwight Gooden,New York Mets
FHR-24,Greg Maddux,Chicago Cubs
FHR-25,Pedro Alvarez,Pittsburgh Pirates
FHR-26,Ryan Braun,Milwaukee Brewers
FHR-27,Albert Pujols,St. Louis Cardinals
FHR-28,Matt Kemp,Los Angeles Dodgers 
FHR-29,Prince Fielder,Milwaukee Brewers
FHR-30,Nelson Cruz,Texas Rangers
FHR-31,Cliff Floyd,Montreal Expos
FHR-32,Pablo Sandoval,San Francisco Giants
FHR-33,Yadier Molina,St. Louis Cardinals
FHR-34,Alex Gordon,Kansas City Royals 
FHR-35,Lucas Duda,New York Mets
FIRST HOME RUN MEDALLION CARDS,,

FHRM-AG,Alex Gordon,Kansas City Royals 
FHRM-AP,Albert Pujols,St. Louis Cardinals
FHRM-BJ,Bo Jackson,Kansas City Royals 
FHRM-BRO,Brooks Robinson,Baltimore Orioles 
FHRM-BRU,Babe Ruth,Boston Red Sox
FHRM-CB,Carlos Beltran,Kansas City Royals 
FHRM-CF,Cliff Floyd,Montreal Expos
FHRM-CK,Clayton Kershaw,Los Angeles Dodgers 
FHRM-CR,Cal Ripken Jr.,Baltimore Orioles 
FHRM-DG,Dwight Gooden,New York Mets
FHRM-DO,David Ortiz,Minnesota Twins 
FHRM-EM,Eddie Murray,Baltimore Orioles 
FHRM-FT,Frank Thomas,Chicago White Sox 
FHRM-GM,Greg Maddux,Chicago Cubs
FHRM-GS,Giancarlo Stanton,Florida Marlins TM
FHRM-HK,Harmon Killebrew,Washington Senators TM
FHRM-HP,Hunter Pence,Houston Astros 
FHRM-JB,Johnny Bench,Cincinnati Reds 
FHRM-JW,Jayson Werth,Toronto Blue Jays 
FHRM-LD,Lucas Duda,New York Mets
FHRM-MC,Miguel Cabrera,Florida Marlins TM
FHRM-MK,Matt Kemp,Los Angeles Dodgers 
FHRM-MM,Mark McGwire,Oakland Athletics TM
FHRM-NC,Nelson Cruz,Texas Rangers
FHRM-PA,Pedro Alvarez,Pittsburgh Pirates
FHRM-PF,Prince Fielder,Milwaukee Brewers
FHRM-PS,Pablo Sandoval,San Francisco Giants
FHRM-RB,Ryan Braun,Milwaukee Brewers
FHRM-RC,Rusney Castillo,Boston Red Sox
FHRM-RJ,Reggie Jackson,Kansas City AthleticsTM
FHRM-TC,Ty Cobb,Detroit Tigers 
FHRM-TG,Tony Gwynn,San Diego Padres TM
FHRM-TP,Tony Pérez,Cincinnati Reds 
FHRM-TW,Ted Williams,Boston Red Sox
FHRM-YM,Yadier Molina,St. Louis Cardinals
FIRST HOME RUN RELICS,,
FHRR-AG,Alex Gordon,Kansas City Royals 
FHRR-AP,Albert Pujols,St. Louis Cardinals
FHRR-CK,Clayton Kershaw,Los Angeles Dodgers 
FHRR-DO,David Ortiz,Minnesota Twins 
FHRR-FT,Frank Thomas,Chicago White Sox 
FHRR-GS,Giancarlo Stanton,Florida Marlins TM
FHRR-HP,Hunter Pence,Houston Astros 
FHRR-LD,Lucas Duda,New York Mets
FHRR-MC,Miguel Cabrera,Florida Marlins TM
FHRR-MK,Matt Kemp,Los Angeles Dodgers 
FHRR-MM,Mark McGwire,Oakland Athletics TM
FHRR-NC,Nelson Cruz,Texas Rangers
FHRR-PA,Pedro Alvarez,Pittsburgh Pirates
FHRR-PF,Prince Fielder,Milwaukee Brewers
FHRR-PS,Pablo Sandoval,San Francisco Giants
FHRR-RB,Ryan Braun,Milwaukee Brewers
FHRR-RC,Rusney Castillo,Boston Red Sox
FHRR-RJ,Reggie Jackson,Kansas City AthleticsTM
FHRR-TG,Tony Gwynn,San Diego Padres TM
FHRR-YM,Yadier Molina,St. Louis Cardinals
FIRST HOME RUN AUTO RELICS,,
FHRAR-CK,Clayton Kershaw,Los Angeles Dodgers 

FHRAR-DO,David Ortiz,,,Minnesota Twins 
FHRAR-FT,Frank Thomas,,,Chicago White Sox 
FHRAR-GS,Giancarlo Stanton,,,Florida Marlins TM
FHRAR-MC,Miguel Cabrera,,,Florida Marlins TM
FHRAR-MM,Mark McGwire,,,Oakland Athletics TM
FHRAR-PS,Pablo Sandoval,,,San Francisco Giants
FHRAR-RB,Ryan Braun,,,Milwaukee Brewers
FHRAR-RC,Rusney Castillo,,,Boston Red Sox
FHRAR-RJ,Reggie Jackson,,,Kansas City AthleticsTM
THE SULTAN OF SWAT,,,,(TARGET EXCLUSIVE)
RUTH-1,Babe Ruth,,,New York Yankees
RUTH-2,Babe Ruth,,,New York Yankees
RUTH-3,Babe Ruth,,,New York Yankees
RUTH-4,Babe Ruth,,,New York Yankees
RUTH-5,Babe Ruth,,,New York Yankees
RUTH-6,Babe Ruth,,,New York Yankees
RUTH-7,Babe Ruth,,,New York Yankees
RUTH-8,Babe Ruth,,,New York Yankees
RUTH-9,Babe Ruth,,,New York Yankees
RUTH-10,Babe Ruth,,,New York Yankees
2632,,,,(WALMART EXCLUSIVE)
2632-1,Cal,Ripken,Jr.,Baltimore Orioles
2632-2,Cal,Ripken,Jr.,Baltimore Orioles
2632-3,Cal,Ripken,Jr.,Baltimore Orioles
2632-4,Cal,Ripken,Jr.,Baltimore Orioles
2632-5,Cal,Ripken,Jr.,Baltimore Orioles
2632-6,Cal,Ripken,Jr.,Baltimore Orioles
2632-7,Cal,Ripken,Jr.,Baltimore Orioles
2632-8,Cal,Ripken,Jr.,Baltimore Orioles
2632-9,Cal,Ripken,Jr.,Baltimore Orioles
2632-10,Cal,Ripken,Jr.,Baltimore Orioles
PROMOTIONAL CARDS,,,,
BUNT PLAYER CODE CARDS,,,,
Johnny Cueto,Cincinnati Reds,,,
Chris Sale,Chicago White Sox,,,
Jose Abreu,Chicago White Sox,,,
Bryce Harper,Washington Nationals,,,
Troy Tulowitzki,Colorado Rockies,,,
David Price,Detroit Tigers,,,
Stephen StrasburgWashington Nationals,,,,
Craig Kimbrel,Atlanta Braves,,,
Aroldis Chapman Cincinnati Reds,,,,
Jon Lester,Chicago Cubs,,,
Greg Holland,Kansas City Royals,,,
Yasiel Puig,Los Angeles Dodgers,,,
Felix Hernandez,Seattle Mariners,,,
Clayton Kershaw Los Angeles Dodgers,,,,
Giancarlo StantonMiami Marlins,,,,
Madison BumgarnSearn Francisco Giants,,,,
Matt Harvey,New York Mets,,,
Andrew McCutchePnittsburgh Pirates,,,,
David Ortiz,Boston Red Sox,,,
Jacoby Ellsbury,New York Yankees,,,
Robinson Cano,Seattle Mariners,,,
Adam Jones,Baltimore Orioles,,,
Carlos Gomez,Milwaukee Brewers,,,

Anthony Rizzo,Chicago Cubs
Mike Trout,Angels
