BASE SET,,,
1,Mike Trout,Los Angeles Angels,
2,Gerrit Cole,Houston Astros,League Leaders
3,Nicky Lopez,Kansas City Royals,
4,Robinson Cano,New York Mets,
5,JaCoby Jones,Detroit Tigers,
6,Juan Soto,Washington Nationals,World Series Highlights
7,Aaron Judge,New York Yankees,
8,Jonathan Villar,Baltimore Orioles,
9,Trent Grisham,Milwaukee Brewers,Rookie
10,Austin Meadows,Tampa Bay Rays,
11,Anthony Rendon,Washington Nationals,League Leaders
12,Sam Hilliard,Colorado Rockies,Rookie
13,Miles Mikolas,St. Louis Cardinals,
14,Anthony Rendon,Washington Nationals,
15,Hollywood Heroes,San Diego Padres,
16,Gleyber Torres,New York Yankees,
17,Franmil Reyes,Cleveland Indians,
18,Christian & Nolan,Minnesota Twins,
19,Los Angeles Angels,Los Angeles Angels,Team Card
20,Aristides Aquino,Cincinnati Reds,Rookie
21,Shane Greene,Atlanta Braves,
22,Emilio Pagan,Tampa Bay Rays,
23,Christin Stewart,Detroit Tigers,
24,Kenley Jansen,Los Angeles Dodgers,
25,Kirby Yates,San Diego Padres,
26,Kyle Hendricks,Chicago Cubs,
27,Milwaukee Brewers,Milwaukee Brewers,Team Card
28,Tim Anderson,Chicago White Sox,
29,Starlin Castro,Miami Marlins,
30,Josh VanMeter,Cincinnati Reds,
31,Close Call,American LeagueTM,
32,Brandon Woodruff,Milwaukee Brewers,
33,Houston Astros,Houston Astros,Team Card
34,Ian Kinsler,San Diego Padres,
35,Adalberto Mondesi,Kansas City Royals,
36,Sean Doolittle,Washington Nationals,
37,Albert Almora,Chicago Cubs,
38,Austin Nola,Seattle Mariners,Rookie
39,Tyler O'neill,St. Louis Cardinals,
40,Bobby Bradley,Cleveland Indians,Rookie
41,Brian Anderson,Miami Marlins,
42,Lewis Brinson,Miami Marlins,
43,Leury Garcia,Chicago White Sox,
44,Tommy Edman,St. Louis Cardinals,Future Stars
45,Mitch Haniger,Seattle Mariners,
46,Gary Sanchez,New York Yankees,
47,Dansby Swanson,Atlanta Braves,
48,Jeff McNeil,New York Mets,Future Stars
49,Eloy Jimenez,Chicago White Sox,Rookie Cup

50,Cody Bellinger,Los Angeles Dodgers,
51,Anthony Rizzo,Chicago Cubs,
52,Yasmani Grandal,Milwaukee Brewers,
53,Pete Alonso,New York Mets,League Leaders
54,Hunter Dozier,Kansas City Royals,
55,Jose Martinez,St. Louis Cardinals,
56,Andres Muñoz,San Diego Padres,Rookie
57,Travis Demeritte,Detroit Tigers,Rookie
58,Jesse Winker,Cincinnati Reds,
59,Chris Archer,Pittsburgh Pirates,
60,Matt Barnes,Boston Red Sox,
61,Manny Being Manny,Toronto Blue Jays,
62,Chase Anderson,Milwaukee Brewers,
63,Christian Vazquez,Boston Red Sox,
64,Kyle Lewis,Seattle Mariners,Rookie
65,Cleveland Indians,Cleveland Indians,Team Card
66,Andrew Heaney,Los Angeles Angels,
67,Tyler Beede,San Francisco Giants,
68,James Paxton,New York Yankees,
69,Brendan McKay,Tampa Bay Rays,Rookie
70,Nico Hoerner,Chicago Cubs,Rookie
71,Sandy Alcantara,Miami Marlins,
72,"Good-Bye, Home Run!",Milwaukee Brewers,
73,Oakland Athletics,Oakland Athletics,Team Card
74,Bubba Starling,Kansas City Royals,Rookie
75,Michael Conforto,New York Mets,
76,Stephen Strasburg,Washington Nationals,World Series Highlights
77,Charlie Culberson,Atlanta Braves,
78,Bo Bichette,Toronto Blue Jays,Rookie
79,Brad Keller,Kansas City Royals,
80,Austin Barnes,Los Angeles Dodgers,
81,Ryan Yarbrough,Tampa Bay Rays,
82,Jorge Polanco,Minnesota Twins,
83,New York Yankees,New York Yankees,Team Card
84,Ken Giles,Toronto Blue Jays,
85,Soaking It All In,Chicago White Sox,
86,Hyun-Jin Ryu,Los Angeles Dodgers,League Leaders
87,St. Louis Cardinals,St. Louis Cardinals,Team Card
88,Jorge Alfaro,Miami Marlins,
89,Kurt Suzuki,Washington Nationals,
90,Brock Holt,Boston Red Sox,
91,Yolmer Sanchez,Chicago White Sox,
92,Blake Treinen,Oakland Athletics,
93,Alex Colome,Chicago White Sox,
94,Marwin Gonzalez,Minnesota Twins,
95,Ian Kennedy,Kansas City Royals,
96,Jose Abreu,Chicago White Sox,League Leaders
97,Lewis Thorpe,Minnesota Twins,Rookie
98,Jesus Aguilar,Tampa Bay Rays,
99,Dan Vogelbach,Seattle Mariners,
100,Alex Bregman,Houston Astros,
101,Brad Hand,Cleveland Indians,

102,Josh Phegley,Oakland Athletics,
103,Danny Hultzen,Chicago Cubs,Rookie
104,Marco Gonzales,Seattle Mariners,
105,Niko Goodrum,Detroit Tigers,
106,Rogelio Armenteros,Houston Astros,Rookie
107,Luis Castillo,Cincinnati Reds,
108,Josh Rojas,Arizona Diamondbacks,Rookie
109,Reese McGuire,Toronto Blue Jays,
110,Jesus Luzardo,Oakland Athletics,Rookie
111,Buster Posey,San Francisco Giants,
112,Max Stassi,Los Angeles Angels,
113,Matt Carpenter,St. Louis Cardinals,
114,Ildemaro Vargas,Arizona Diamondbacks,
115,Matt Thaiss,Los Angeles Angels,Rookie
116,Daniel Murphy,Colorado Rockies,
117,Max Kepler,Minnesota Twins,
118,Clayton Kershaw,Los Angeles Dodgers,
119,Kyle Schwarber,Chicago Cubs,
120,Kenta Maeda,Los Angeles Dodgers,
121,DJ LeMahieu,New York Yankees,
122,Caleb Smith,Miami Marlins,
123,Seth Brown,Oakland Athletics,Rookie
124,Jose Berrios,Minnesota Twins,
125,Shohei Ohtani,Los Angeles Angels,
126,German Marquez,Colorado Rockies,
127,Matt Chapman,Oakland Athletics,
128,Steven Matz,New York Mets,
129,Yoan Moncada,Chicago White Sox,
130,Michael Chavis,Boston Red Sox,Future Stars
131,Ketel Marte,Arizona Diamondbacks,
132,Jay Bruce,Philadelphia Phillies,
133,Michael Brosseau,Tampa Bay Rays,Rookie
134,David Fletcher,Los Angeles Angels,
135,Enrique Hernandez,Los Angeles Dodgers,
136,Amed Rosario,New York Mets,
137,Merrill Kelly,Arizona Diamondbacks,
138,Jackie Bradley Jr.,Boston Red Sox,
139,Jose Quintana,Chicago Cubs,
140,Trevor Bauer,Cincinnati Reds,
141,Roberto Osuna,Houston Astros,
142,Tyler Flowers,Atlanta Braves,
143,Christian Yelich,Milwaukee Brewers,League Leaders
144,Jake Arrieta,Philadelphia Phillies,
145,Paul Goldschmidt,St. Louis Cardinals,
146,Dwight Smith Jr.,Baltimore Orioles,
147,Jake Rogers,Detroit Tigers,Rookie
148,Willy Adames,Tampa Bay Rays,
149,Orlando Arcia,Milwaukee Brewers,
150,Ronald Acuña Jr.,Atlanta Braves,
151,Tommy La Stella,Los Angeles Angels,
152,Zack Wheeler,New York Mets,
153,Andrew Cashner,Boston Red Sox,

154,C.J. Cron,Minnesota Twins,
155,Jack Flaherty,St. Louis Cardinals,
156,Nick Markakis,Atlanta Braves,
157,Master & Apprentice,New York Yankees,
158,Jake Lamb,Arizona Diamondbacks,
159,Jorge Soler,Kansas City Royals,League Leaders
160,Tim & Yolmer,National LeagueTM,
161,Aroldis Chapman,New York Yankees,
162,Michel Baez,San Diego Padres,Rookie
163,Ryan Pressly,Houston Astros,
164,Matt Strahm,San Diego Padres,
165,Matthew Boyd,Detroit Tigers,
166,Nick Solak,Texas Rangers,Rookie
167,Anthony Kay,Toronto Blue Jays,Rookie
168,Fernando Tatis Jr.,San Diego Padres,Rookie Cup
169,Jacob Waguespack,Toronto Blue Jays,Rookie
170,Gregory Polanco,Pittsburgh Pirates,
171,Kole Calhoun,Los Angeles Angels,
172,Sonny Gray,Cincinnati Reds,
173,Yadier Molina,St. Louis Cardinals,
174,Alex Verdugo,Los Angeles Dodgers,
175,Lucas Giolito,Chicago White Sox,
176,Brandon Belt,San Francisco Giants,
177,Craig Kimbrel,Chicago Cubs,
178,Mauricio Dubon,San Francisco Giants,Rookie
179,Ramon Laureano,Oakland Athletics,Future Stars
180,Max Scherzer,Washington Nationals,
181,Stephen Strasburg,Washington Nationals,League Leaders
182,Vladimir Guerrero Jr.,Toronto Blue Jays,Rookie Cup
183,Starling Marte,Pittsburgh Pirates,
184,Mychal Givens,Baltimore Orioles,
185,Johnny Cueto,San Francisco Giants,
186,Roberto Perez,Cleveland Indians,
187,Chance Sisco,Baltimore Orioles,
188,Manny Machado,San Diego Padres,
189,Mike Moustakas,Milwaukee Brewers,
190,Aaron Nola,Philadelphia Phillies,
191,Jeremy Jeffress,Milwaukee Brewers,
192,Yusei Kikuchi,Seattle Mariners,
193,Anibal Sanchez,Washington Nationals,
194,Liam Hendriks,Oakland Athletics,
195,Julio Teheran,Atlanta Braves,
196,Andrew Benintendi,Boston Red Sox,
197,Raisel Iglesias,Cincinnati Reds,
198,Erick Fedde,Washington Nationals,
199,Domingo Santana,Seattle Mariners,
200,Christian Yelich,Milwaukee Brewers,
201,Francisco Lindor,Cleveland Indians,
202,New York Mets,New York Mets,Team Card
203,Joc Pederson,Los Angeles Dodgers,
204,Hector Neris,Philadelphia Phillies,
205,Patrick Sandoval,Los Angeles Angels,Rookie

206,Tommy Pham,Tampa Bay Rays,
207,Zac Gallen,Arizona Diamondbacks,Rookie
208,Zack Collins,Chicago White Sox,Rookie
209,Derek Dietrich,Cincinnati Reds,
210,Mitch Garver,Minnesota Twins,
211,Trevor Richards,Tampa Bay Rays,
212,Mike Fiers,Oakland Athletics,
213,Minnesota Twins,Minnesota Twins,Team Card
214,Trea Turner,Washington Nationals,
215,Luke Jackson,Atlanta Braves,
216,Scott Kingery,Philadelphia Phillies,
217,Amir Garrett,Cincinnati Reds,
218,Atlanta Braves,Atlanta Braves,Team Card
219,Jean Segura,Philadelphia Phillies,
220,J.T. Realmuto,Philadelphia Phillies,
221,Nick Pivetta,Philadelphia Phillies,
222,Andrew Chafin,Arizona Diamondbacks,
223,Aaron Civale,Cleveland Indians,Rookie
224,Juan Soto,Washington Nationals,
225,Oscar Mercado,Cleveland Indians,Future Stars
226,Trent Thornton,Toronto Blue Jays,
227,David Peralta,Arizona Diamondbacks,
228,Logan Allen,Cleveland Indians,Rookie
229,Randy Arozarena,St. Louis Cardinals,Rookie
230,Nolan Arenado,Colorado Rockies,
231,Randal Grichuk,Toronto Blue Jays,
232,Justin Verlander,Houston Astros,League Leaders
233,David Dahl,Colorado Rockies,
234,Cesar Hernandez,Philadelphia Phillies,
235,Dustin May,Los Angeles Dodgers,Rookie
236,Brandon Crawford,San Francisco Giants,
237,Luis Garcia,Los Angeles Angels,
238,Freddy Peralta,Milwaukee Brewers,
239,Anthony Rendon,Washington Nationals,World Series Highlights
240,Jameson Taillon,Pittsburgh Pirates,
241,Mike Clevinger,Cleveland Indians,
242,Alex Young,Arizona Diamondbacks,Rookie
243,Jeimer Candelario,Detroit Tigers,
244,Chris Paddack,San Diego Padres,Future Stars
245,Los Angeles Dodgers,Los Angeles Dodgers,Team Card
246,Philadelphia Phillies,Philadelphia Phillies,Team Card
247,Garrett Cooper,Miami Marlins,
248,Hunter Renfroe,San Diego Padres,
249,Jordan Yamamoto,Miami Marlins,Rookie
250,Bryce Harper,Philadelphia Phillies,
251,A.J. Puk,Oakland Athletics,Rookie
252,Aaron Hicks,New York Yankees,
253,Brandon Drury,Toronto Blue Jays,
254,Andrew Miller,St. Louis Cardinals,
255,Max Muncy,Los Angeles Dodgers,
256,Roman Quinn,Philadelphia Phillies,
257,Joey Lucchesi,San Diego Padres,

258,Max Scherzer,Washington Nationals,World Series Highlights
259,Jaylin Davis,San Francisco Giants,Rookie
260,Zack Greinke,Houston Astros,
261,Daniel Mengden,Oakland Athletics,
262,Anthony Santander,Baltimore Orioles,
263,J.P. Crawford,Seattle Mariners,
264,Abraham Toro,Houston Astros,Rookie
265,Patrick Corbin,Washington Nationals,
266,Austin Riley,Atlanta Braves,Future Stars
267,Joey Votto,Cincinnati Reds,
268,Ian Desmond,Colorado Rockies,
269,J.D. Martinez,Boston Red Sox,
270,Jose Urena,Miami Marlins,
271,Josh Bell,Pittsburgh Pirates,
272,Carlos Santana,Cleveland Indians,
273,Bryan Abreu,Houston Astros,Rookie
274,Boston Red Sox,Boston Red Sox,Team Card
275,JT Riddle,Miami Marlins,
276,Yordan Alvarez,Houston Astros,Rookie
277,Dominic Smith,New York Mets,
278,Isan Diaz,Miami Marlins,Rookie
279,Masahiro Tanaka,New York Yankees,
280,Tony Gonsolin,Los Angeles Dodgers,Rookie
281,Nelson Cruz,Minnesota Twins,
282,Jake Marisnick,Houston Astros,
283,Robel Garcia,Chicago Cubs,Rookie
284,Jason Kipnis,Cleveland Indians,
285,Tyler Alexander,Detroit Tigers,Rookie
286,Blake Parker,Philadelphia Phillies,
287,Jose Peraza,Cincinnati Reds,
288,Jon Gray,Colorado Rockies,
289,Yuli Gurriel,Houston Astros,
290,Nick Senzel,Cincinnati Reds,Future Stars
291,Tyler Naquin,Cleveland Indians,
292,Gavin Lux,Los Angeles Dodgers,Rookie
293,Wade Davis,Colorado Rockies,
294,Jordan Zimmermann,Detroit Tigers,
295,Jeff Samardzija,San Francisco Giants,
296,Whit Merrifield,Kansas City Royals,
297,Mike Yastrzemski,San Francisco Giants,Future Stars
298,"Big Air, Big Hair",Los Angeles Dodgers,
299,David Price,Boston Red Sox,
300,Javier Baez,Chicago Cubs,
301,Mike Tauchman,New York Yankees,
302,Tim Anderson,Chicago White Sox,League Leaders
303,Mallex Smith,Seattle Mariners,
304,Shane Bieber,Cleveland Indians,
305,Tyler Glasnow,Tampa Bay Rays,
306,Jon Lester,Chicago Cubs,
307,Daniel Palka,Chicago White Sox,
308,Carlos Rodon,Chicago White Sox,
309,Robbie Grossman,Oakland Athletics,

310,Jose Urquidy,Houston Astros,Rookie
311,David Bote,Chicago Cubs,
312,Billy Hamilton,Atlanta Braves,
313,Melky Cabrera,Pittsburgh Pirates,
314,Rafael Devers,Boston Red Sox,
315,Adam Frazier,Pittsburgh Pirates,
316,Justin Turner,Los Angeles Dodgers,
317,Sean Murphy,Oakland Athletics,Rookie
318,Omar Narvaez,Seattle Mariners,
319,Matt Olson,Oakland Athletics,
320,Austin Hedges,San Diego Padres,
321,Eduardo Rodriguez,Boston Red Sox,
322,Dario Agrazal,Pittsburgh Pirates,Rookie
323,Tyler White,Los Angeles Dodgers,
324,Mike Soroka,Atlanta Braves,Rookie Cup
325,"Like Father, Like Son",Chicago Cubs,
326,Dylan Cease,Chicago White Sox,Rookie
327,Cavan Biggio,Toronto Blue Jays,Future Stars
328,Chris Davis,Baltimore Orioles,
329,Washington Nationals,Washington Nationals,Team Card
330,George Springer,Houston Astros,
331,Kevin McCarthy,Kansas City Royals,
332,Jacob deGrom,New York Mets,
333,Evan Longoria,San Francisco Giants,
334,Kevin Pillar,San Francisco Giants,
335,Luke Voit,New York Yankees,
336,Miguel Cabrera,Detroit Tigers,
337,Michael Pineda,Minnesota Twins,
338,Chicago Cubs,Chicago Cubs,Team Card
339,Hansel Robles,Los Angeles Angels,
340,Adbert Alzolay,Chicago Cubs,Rookie
341,Hanser Alberto,Baltimore Orioles,
342,Taylor Rogers,Minnesota Twins,
343,Carson Kelly,Arizona Diamondbacks,
344,Ben Gamel,Milwaukee Brewers,
345,Justin Verlander,Houston Astros,
346,Lourdes Gurriel Jr.,Toronto Blue Jays,
347,Ryan Braun,Milwaukee Brewers,
348,Adrian Morejon,San Diego Padres,Rookie
349,Carlos Correa,Houston Astros,
350,Pete Alonso,New York Mets,Rookie Cup
Hobby Only,,,
BASE CARD CLEAR VARIATION,,,
1 Mike Trout,Los Angeles Angels,,
7 Aaron Judge,New York Yankees,,
9 Trent Grisham,Milwaukee Brewers,Rookie,
14 Anthony Rendon,Washington Nationals,,
20 Aristides Aquino,Cincinnati Reds,Rookie,
35 Adalberto Mondesi,Kansas City Royals,,
40 Bobby Bradley,Cleveland Indians,Rookie,
46 Gary Sanchez,New York Yankees,,

49,Eloy Jimenez,Chicago White Sox,
50,Cody Bellinger,Los Angeles Dodgers,
51,Anthony Rizzo,Chicago Cubs,
52,Yasmani Grandal,Milwaukee Brewers,
56,Andres Muñoz,San Diego Padres,Rookie
64,Kyle Lewis,Seattle Mariners,Rookie
69,Brendan McKay,Tampa Bay Rays,Rookie
70,Nico Hoerner,Chicago Cubs,Rookie
74,Bubba Starling,Kansas City Royals,Rookie
75,Michael Conforto,New York Mets,
78,Bo Bichette,Toronto Blue Jays,Rookie
99,Dan Vogelbach,Seattle Mariners,
100,Alex Bregman,Houston Astros,
107,Luis Castillo,Cincinnati Reds,
110,Jesus Luzardo,Oakland Athletics,Rookie
111,Buster Posey,San Francisco Giants,
115,Matt Thaiss,Los Angeles Angels,Rookie
117,Max Kepler,Minnesota Twins,
118,Clayton Kershaw,Los Angeles Dodgers,
119,Kyle Schwarber,CHicago Cubs,
123,Seth Brown,Oakland Athletics,Rookie
124,Jose Berrios,Minnesota Twins,
125,Shohei Ohtani,Los Angeles Angels,
127,Matt Chapman,Oakland Athletics,
129,Yoan Moncada,Chicago White Sox,
131,Ketel Marte,Arizona Diamondbacks,
140,Trevor Bauer,Cincinnati Reds,
145,Paul Goldschmidt,St. Louis Cardinals,
147,Jake Rogers,Detroit Tigers,Rookie
150,Ronald Acuña Jr.,Atlanta Braves,
155,Jack Flaherty,St. Louis Cardinals,
162,Michel Baez,San Diego Padres,Rookie
166,Nick Solak,Texas Rangers,Rookie
167,Anthony Kay,Toronto Blue Jays,Rookie
168,Fernando Tatis Jr.,San Diego Padres,
172,Sonny Gray,Cincinnati Reds,
173,Yadier Molina,St. Louis Cardinals,
175,Lucas Giolito,Chicago White Sox,
178,Mauricio Dubon,San Francisco Giants,Rookie
180,Max Scherzer,Washington Nationals,
182,Vladimir Guerrero Jr.,Toronto Blue Jays,
188,Manny Machado,San Diego Padres,
190,Aaron Nola,Philadelphia Phillies,
196,Andrew Benintendi,Boston Red Sox,
200,Christian Yelich,Milwaukee Brewers,
201,Francisco Lindor,Cleveland Indians,
203,Joc Pederson,Los Angeles Dodgers,
207,Zac Gallen,Arizona Diamondbacks,Rookie
208,Zack Collins,Chicago White Sox,Rookie
214,Trea Turner,Washington Nationals,
223,Aaron Civale,Cleveland Indians,Rookie
224,Juan Soto,Washington Nationals,

228,Logan Allen,Cleveland Indians,Rookie
229,Randy Arozarena,St. Louis Cardinals,Rookie
230,Nolan Arenado,Colorado Rockies,
235,Dustin May,Los Angeles Dodgers,Rookie
241,Mike Clevinger,Cleveland Indians,
242,Alex Young,Arizona Diamondbacks,Rookie
249,Jordan Yamamoto,Miami Marlins,Rookie
250,Bryce Harper,Philadelphia Phillies,
251,A.J. Puk,Oakland Athletics,Rookie
255,Max Muncy,Los Angeles Dodgers,
259,Jaylin Davis,San Francisco Giants,Rookie
264,Abraham Toro,Houston Astros,Rookie
265,Patrick Corbin,Washington Nationals,
267,Joey Votto,Cincinnati Reds,
269,J.D. Martinez,Boston Red Sox,
271,Josh Bell,Pittsburgh Pirates,
272,Carlos Santana,Cleveland Indians,
273,Bryan Abreu,Houston Astros,Rookie
276,Yordan Alvarez,Houston Astros,Rookie
278,Isan Diaz,Miami Marlins,Rookie
279,Masahiro Tanaka,New York Yankees,
281,Nelson Cruz,Minnesota Twins,
283,Robel Garcia,Chicago Cubs,Rookie
292,Gavin Lux,Los Angeles Dodgers,Rookie
296,Whit Merrifield,Kansas City Royals,
300,Javier Baez,Chicago Cubs,
304,Shane Bieber,Cleveland Indians,
314,Rafael Devers,Boston Red Sox,
317,Sean Murphy,Oakland Athletics,Rookie
324,Mike Soroka,Atlanta Braves,
326,Dylan Cease,Chicago White Sox,Rookie
330,George Springer,Houston Astros,
332,Jacob deGrom,New York Mets,
336,Miguel Cabrera,Detroit Tigers,
340,Adbert Alzolay,Chicago Cubs,Rookie
345,Justin Verlander,Houston Astros,
346,Lourdes Gurriel Jr.,Toronto Blue Jays,
348,Adrian Morejon,San Diego Padres,Rookie
349,Carlos Correa,Houston Astros,
350,Pete Alonso,New York Mets,
INSERT,,,
DECADES BEST,,,
DB-1,Willie Mays,New York Giants,
DB-2,Ernie Banks,Chicago Cubs,
DB-3,Ernie Banks,Chicago Cubs,
DB-4,Hank Aaron,Milwaukee Braves,
DB-5,Warren Spahn,Milwaukee Braves,

DB-6,Willie Mays,New York Giants
DB-7,Frank Robinson,Cincinnati Reds
DB-8,Orlando Cepeda,San Francisco Giants
DB-9,Luis Aparicio,Chicago White Sox
DB-10,Phil Rizzuto,New York Yankees
DB-11,Larry Doby,Cleveland Indians
DB-12,Eddie Mathews,Milwaukee Braves
DB-13,Duke Snider,Brooklyn Dodgers
DB-14,Ted Williams,Boston Red Sox
DB-15,Stan Musial,St. Louis Cardinals
DB-16,Jackie Robinson,Brooklyn Dodgers
DB-17,Willie Mays,New York Giants
DB-18,Monte Irvin,San Francisco Giants
DB-19,Ralph Kiner,Pittsburgh Pirates
DB-20,Hank Aaron,Milwaukee Braves
DB-21,Pittsburgh Pirates,Pittsburgh Pirates
DB-22,New York Yankees,New York Yankees
DB-23,San Francisco Giants,San Francisco Giants
DB-24,Los Angeles Dodgers,Los Angeles Dodgers
DB-25,St. Louis Cardinals,St. Louis Cardinals
DB-26,Minnesota Twins,Minnesota Twins
DB-27,Baltimore Orioles,Baltimore Orioles
DB-28,Cincinnati Reds,Cincinnati Reds
DB-29,Detroit Tigers,Detroit Tigers
DB-30,New York Mets,New York Mets
DB-31,Bob Gibson,St. Louis Cardinals
DB-32,Jim Palmer,Baltimore Orioles
DB-33,Tom Seaver,New York Mets
DB-34,Fergie Jenkins,Chicago Cubs
DB-35,Catfish Hunter,Oakland Athletics
DB-36,Steve Carlton,Philadelphia Phillies
DB-37,Nolan Ryan,California Angels
DB-38,Bert Blyleven,Minnesota Twins
DB-39,Don Sutton,Los Angeles Dodgers
DB-40,Phil Niekro,Atlanta Braves
DB-41,Wade Boggs,Boston Red Sox
DB-42,Don Mattingly,New York Yankees
DB-43,Ryne Sandberg,Chicago Cubs
DB-44,Cal Ripken Jr.,Baltimore Orioles
DB-45,Darryl Strawberry,New York Mets
DB-46,Eddie Murray,Baltimore Orioles
DB-47,Dale Murphy,Atlanta Braves
DB-48,George Brett,Kansas City Royals
DB-49,Robin Yount,Milwaukee Brewers
DB-50,Andre Dawson,Montreal Expos
DB-51,Ken Griffey Jr.,Seattle Mariners
DB-52,Frank Thomas,Chicago White Sox
DB-53,Sammy Sosa,Chicago Cubs
DB-54,Mark McGwire,Oakland Athletics
DB-55,Jeff Bagwell,Houston Astros
DB-56,Tony Gwynn,San Diego Padres
DB-57,Roberto Alomar,Toronto Blue Jays

DB-58,Barry Larkin,Cincinnati Reds,
DB-59,Chipper Jones,Atlanta Braves,
DB-60,Edgar Martinez,Seattle Mariners,
DB-61,Cal Ripken Jr.,Baltimore Orioles,
DB-62,Pedro Martinez,Boston Red Sox,
DB-63,Rickey Henderson,Oakland Athletics,
DB-64,Roger Clemens,Toronto Blue Jays,
DB-65,Sammy Sosa,Chicago Cubs,
DB-66,Ken Griffey Jr.,Seattle Mariners,
DB-67,Chipper Jones,Atlanta Braves,
DB-68,Jeff Bagwell,Houston Astros,
DB-69,Barry Larkin,Cincinnati Reds,
DB-70,Frank Thomas,Chicago White Sox,
DB-71,Pedro Martinez,Boston Red Sox,
DB-72,Randy Johnson,Arizona Diamondbacks,
DB-73,Andy Pettitte,New York Yankees,
DB-74,Roger Clemens,New York Yankees,
DB-75,Mike Mussina,New York Yankees,
DB-76,Mariano Rivera,New York Yankees,
DB-77,Tom Glavine,Atlanta Braves,
DB-78,John Smoltz,Atlanta Braves,
DB-79,CC Sabathia,Cleveland Indians,
DB-80,Roy Oswalt,Houston Astros,
DB-81,Boston Red Sox,Boston Red Sox,
DB-82,New York Yankees,New York Yankees,
DB-83,Chicago Cubs,Chicago Cubs,
DB-84,Houston Astros,Houston Astros,
DB-85,Los Angeles Dodgers,Los Angeles Dodgers,
DB-86,Cleveland Indians,Cleveland Indians,
DB-87,San Francisco Giants,San Francisco Giants,
DB-88,St. Louis Cardinals,St. Louis Cardinals,
DB-89,Texas Rangers,Texas Rangers,
DB-90,Kansas City Royals,Kansas City Royals,
DB-91,Miguel Cabrera,Detroit Tigers,
DB-92,Shohei Ohtani,Los Angeles Angels,
DB-93,Mike Trout,Los Angeles Angels,
DB-94,Kris Bryant,Chicago Cubs,
DB-95,Jacob DeGrom,New York Mets,
DB-96,Bryce Harper,Washington Nationals,
DB-97,Max Scherzer,Detroit Tigers,
DB-98,Felix Hernandez,Seattle Mariners,
DB-99,Mookie Betts,Boston Red Sox,
DB-100,Aaron Judge,New York Yankees,
TOPPS CHOICE,,,
TC-1,Vladimir Guerrero Jr.,Toronto Blue Jays,
TC-2,Yordan Alvarez,Houston Astros,Rookie
TC-3,Gavin Lux,Los Angeles Dodgers,Rookie
TC-4,Babe Ruth,New York Yankees,
TC-5,Pete Alonso,New York Mets,
TC-6,Ronald Acuña Jr.,Atlanta Braves,
TC-7,Mike Trout,Los Angeles Angels,

TC-8,Clayton Kershaw,Los Angeles Dodgers,
TC-9,Ichiro,Seattle Mariners,
TC-10,Don Mattingly,New York Yankees,
TC-11,Randy Johnson,Seattle Mariners,
TC-12,Ty Cobb,Detroit Tigers,
TC-13,Fernando Tatis Jr.,San Diego Padres,
TC-14,Mookie Betts,Boston Red Sox,
TC-15,Yadier Molina,St. Louis Cardinals,
TC-16,Kris Bryant,Chicago Cubs,
TC-17,Christian Yelich,Milwaukee Brewers,
TC-18,Aaron Judge,New York Yankees,
TC-19,Cody Bellinger,Los Angeles Dodgers,
TC-20,Bryce Harper,Philadelphia Phillies,
TC-21,Jose Altuve,Houston Astros,
TC-22,Cal Ripken Jr.,Baltimore Orioles,
TC-23,Ken Griffey Jr.,Seattle Mariners,
TC-24,Shohei Ohtani,Los Angeles Angels,
TC-25,Ryne Sandberg,Chicago Cubs,
DECADES NEXT,,,
DN-1,Vladimir Guerrero Jr.,Toronto Blue Jays,
DN-2,Austin Riley,Atlanta Braves,
DN-3,Fernando Tatis Jr.,San Diego Padres,
DN-4,Yordan Alvarez,Houston Astros,Rookie
DN-5,Ronald Acuña Jr.,Atlanta Braves,
DN-6,Gleyber Torres,New York Yankees,
DN-7,Keston Hiura,Milwaukee Brewers,
DN-8,Brendan Rodgers,Colorado Rockies,
DN-9,Eloy Jimenez,Chicago White Sox,
DN-10,Gavin Lux,Los Angeles Dodgers,Rookie
DN-11,Pete Alonso,New York Mets,
DN-12,Juan Soto,Washington Nationals,
DN-13,Bo Bichette,Toronto Blue Jays,Rookie
DN-14,Kyle Tucker,Houston Astros,
DN-15,Nick Senzel,Cincinnati Reds,
DN-16,Ozzie Albies,Atlanta Braves,
DN-17,Walker Buehler,Los Angeles Dodgers,
DN-18,Rafael Devers,Boston Red Sox,
DN-19,Cody Bellinger,Los Angeles Dodgers,
DN-20,Victor Robles,Washington Nationals,
DN-21,Lucas Giolito,Chicago White Sox,
DN-22,Nico Hoerner,Chicago Cubs,Rookie
DN-23,Shohei Ohtani,Los Angeles Angels,
DN-24,Julio Urias,Los Angeles Dodgers,
DN-25,Chris Paddack,San Diego Padres,
DN-26,Brendan McKay,Tampa Bay Rays,
DN-27,Ramon Laureano,Oakland Athletics,
DN-28,Jesus Luzardo,Oakland Athletics,Rookie
DN-29,Carter Kieboom,Washington Nationals,
DN-30,Mike Soroka,Atlanta Braves,
DECADE OF DOMINANCE DIE CUTS,,,

DOD-1,Babe Ruth,New York Yankees,
DOD-2,Willie Mays,San Francisco Giants,
DOD-3,Hank Aaron,Atlanta Braves,
DOD-4,Mark McGwire,St. Louis Cardinals,
DOD-5,Ken Griffey Jr.,Seattle Mariners,
DOD-6,Roger Clemens,Boston Red Sox,
DOD-7,Sandy Koufax,Los Angeles Dodgers,
DOD-8,Ty Cobb,Detroit Tigers,
DOD-9,Mike Trout,Los Angeles Angels,
DOD-10,Lou Gehrig,New York Yankees,
DOD-11,Tony Gwynn,San Diego Padres,
DOD-12,Ichiro,Seattle Mariners,
DOD-13,Alex Rodriguez,Texas Rangers,
DOD-14,Randy Johnson,Arizona Diamondbacks,
DOD-15,Mariano Rivera,New York Yankees,
DOD-16,Ted Williams,Boston Red Sox,
DOD-17,Honus Wagner,Pittsburgh Pirates,
DOD-18,Nolan Ryan,Texas Rangers,
DOD-19,Rickey Henderson,Oakland Athletics,
DOD-20,Johnny Bench,Cincinnati Reds,
1985 TOPPS BASEBALL,,,
85-1,Mike Trout,Los Angeles Angels,
85-2,Shohei Ohtani,Los Angeles Angels,
85-3,Albert Pujols,Los Angeles Angels,
85-4,Matt Thaiss,Los Angeles Angels,Rookie
85-5,Alex Young,Arizona Diamondbacks,Rookie
85-6,Zac Gallen,Arizona Diamondbacks,Rookie
85-7,Chipper Jones,Atlanta Braves,
85-8,Dale Murphy,Atlanta Braves,
85-9,Hank Aaron,Atlanta Braves,
85-10,Mike Soroka,Atlanta Braves,
85-11,Ozzie Albies,Atlanta Braves,
85-12,Ronald Acuña Jr.,Atlanta Braves,
85-13,Cal Ripken Jr.,Baltimore Orioles,
85-14,Mike Mussina,Baltimore Orioles,
85-15,Chris Sale,Boston Red Sox,
85-16,J.D. Martinez,Boston Red Sox,
85-17,Rafael Devers,Boston Red Sox,
85-18,Roger Clemens,Boston Red Sox,
85-19,Wade Boggs,Boston Red Sox,
85-20,Xander Bogaerts,Boston Red Sox,
85-21,Mookie Betts,Boston Red Sox,
85-22,Jackie Robinson,Brooklyn Dodgers,
85-23,Rod Carew,California Angels,
85-24,Anthony Rizzo,Chicago Cubs,
85-25,Kris Bryant,Chicago Cubs,
85-26,Kyle Schwarber,Chicago Cubs,
85-27,Ryne Sandberg,Chicago Cubs,
85-28,Willson Contreras,Chicago Cubs,
85-29,Robel Garcia,Chicago Cubs,Rookie
85-30,Dylan Cease,Chicago White Sox,Rookie

85-31,Eloy Jimenez,Chicago White Sox,
85-32,Frank Thomas,Chicago White Sox,
85-33,Zack Collins,Chicago White Sox,Rookie
85-34,Joey Votto,Cincinnati Reds,
85-35,Johnny Bench,Cincinnati Reds,
85-36,Nick Senzel,Cincinnati Reds,
85-37,Trevor Bauer,Cincinnati Reds,
85-38,Aristides Aquino,Cincinnati Reds,Rookie
85-39,Francisco Lindor,Cleveland Indians,
85-40,Shane Bieber,Cleveland Indians,
85-41,Nolan Arenado,Colorado Rockies,
85-42,Al Kaline,Detroit Tigers,
85-43,Miguel Cabrera,Detroit Tigers,
85-44,Jake Rogers,Detroit Tigers,Rookie
85-45,George Springer,Houston Astros,
85-46,Gerrit Cole,Houston Astros,
85-47,Jeff Bagwell,Houston Astros,
85-48,Jose Altuve,Houston Astros,
85-49,Nolan Ryan,Houston Astros,
85-50,Yordan Alvarez,Houston Astros,Rookie
85-51,Alex Bregman,Houston Astros,
85-52,Whit Merrifield,Kansas City Royals,
85-53,George Brett,Kansas City Royals,
85-54,Clayton Kershaw,Los Angeles Dodgers,
85-55,Sandy Koufax,Los Angeles Dodgers,
85-56,Walker Buehler,Los Angeles Dodgers,
85-57,Dustin May,Los Angeles Dodgers,Rookie
85-58,Jordan Yamamoto,Miami Marlins,Rookie
85-59,Christian Yelich,Milwaukee Brewers,
85-60,Keston Hiura,Milwaukee Brewers,
85-61,Robin Yount,Milwaukee Brewers,
85-62,Jose Berrios,Minnesota Twins,
85-63,Max Kepler,Minnesota Twins,
85-64,Vladimir Guerrero,Montreal Expos,
85-65,Darryl Strawberry,New York Mets,
85-66,Jacob deGrom,New York Mets,
85-67,Noah Syndergaard,New York Mets,
85-68,Pete Alonso,New York Mets,
85-69,Aaron Judge,New York Yankees,
85-70,Don Mattingly,New York Yankees,
85-71,Luis Severino,New York Yankees,
85-72,Mariano Rivera,New York Yankees,
85-73,Reggie Jackson,New York Yankees,
85-74,Gleyber Torres,New York Yankees,
85-75,Mark McGwire,Oakland Athletics,
85-76,Ramon Laureano,Oakland Athletics,
85-77,Rickey Henderson,Oakland Athletics,
85-78,Matt Chapman,Oakland Athletics,
85-79,Bryce Harper,Philadelphia Phillies,
85-80,Rhys Hoskins,Philadelphia Phillies,
85-81,Roberto Clemente,Pittsburgh Pirates,
85-82,Manny Machado,San Diego Padres,

85-83,Chris Paddack,San Diego Padres,
85-84,Fernando Tatis Jr.,San Diego Padres,
85-85,Tony Gwynn,San Diego Padres,
85-86,Will Clark,San Francisco Giants,
85-87,Willie Mays,San Francisco Giants,
85-88,Ichiro,Seattle Mariners,
85-89,Ken Griffey Jr.,Seattle Mariners,
85-90,Paul Goldschmidt,St. Louis Cardinals,
85-91,Ozzie Smith,St. Louis Cardinals,
85-92,Gavin Lux,Los Angeles Dodgers,Rookie
85-93,Yadier Molina,St. Louis Cardinals,
85-94,Blake Snell,Tampa Bay Rays,
85-95,Nico Hoerner,Chicago Cubs,Rookie
85-96,Brendan McKay,Tampa Bay Rays,Rookie
85-97,Bo Bichette,Toronto Blue Jays,Rookie
85-98,Vladimir Guerrero Jr.,Toronto Blue Jays,
85-99,Juan Soto,Washington Nationals,
85-100,Max Scherzer,Washington Nationals,
Hobby/Hobby Jumbo Only - Silver Pack Boxloader,,,
1985 TOPPS BASEBALL CHROME VARIATION,,,
85C-1,Mike Trout,Los Angeles Angels,
85C-2,Shohei Ohtani,Los Angeles Angels,
85C-3,Ronald Acuña Jr.,Atlanta Braves,
85C-4,Cal Ripken Jr.,Baltimore Orioles,
85C-5,Rafael Devers,Boston Red Sox,
85C-6,Nico Hoerner,Chicago Cubs,Rookie
85C-7,Mookie Betts,Boston Red Sox,
85C-8,Kris Bryant,Chicago Cubs,
85C-9,Ryne Sandberg,Chicago Cubs,
85C-10,Dylan Cease,Chicago White Sox,Rookie
85C-11,Frank Thomas,Chicago White Sox,
85C-12,Francisco Lindor,Cleveland Indians,
85C-13,Nolan Arenado,Colorado Rockies,
85C-14,Jose Altuve,Houston Astros,
85C-15,Nolan Ryan,Houston Astros,
85C-16,Yordan Alvarez,Houston Astros,Rookie
85C-17,Whit Merrifield,Kansas City Royals,
85C-18,Clayton Kershaw,Los Angeles Dodgers,
85C-19,Dustin May,Los Angeles Dodgers,Rookie
85C-20,Jordan Yamamoto,Miami Marlins,Rookie
85C-21,Christian Yelich,Milwaukee Brewers,
85C-22,Keston Hiura,Milwaukee Brewers,
85C-23,Max Kepler,Minnesota Twins,
85C-24,Darryl Strawberry,New York Mets,
85C-25,Jacob deGrom,New York Mets,
85C-26,Pete Alonso,New York Mets,
85C-27,Aaron Judge,New York Yankees,
85C-28,Don Mattingly,New York Yankees,
85C-29,Gleyber Torres,New York Yankees,
85C-30,Mark McGwire,Oakland Athletics,
85C-31,Bryce Harper,Philadelphia Phillies,

85C-32,Manny Machado,San Diego Padres,
85C-33,Fernando Tatis Jr.,San Diego Padres,
85C-34,Sean Murphy,Oakland Athletics,Rookie
85C-35,Will Clark,San Francisco Giants,
85C-36,Ichiro,Seattle Mariners,
85C-37,Ken Griffey Jr.,Seattle Mariners,
85C-38,Paul Goldschmidt,St. Louis Cardinals,
85C-39,Kyle Lewis,Seattle Mariners,Rookie
85C-40,Brendan McKay,Tampa Bay Rays,Rookie
85C-41,Bo Bichette,Toronto Blue Jays,Rookie
85C-42,Vladimir Guerrero Jr.,Toronto Blue Jays,
85C-43,Juan Soto,Washington Nationals,
85C-44,Matt Thaiss,Los Angeles Angels,Rookie
85C-45,Zac Gallen,Arizona Diamondbacks,Rookie
85C-46,Aristides Aquino,Cincinnati Reds,Rookie
85C-47,Robel Garcia,Chicago Cubs,Rookie
85C-48,Gavin Lux,Los Angeles Dodgers,Rookie
85C-49,Jesus Luzardo,Oakland Athletics,Rookie
85C-50,Trent Grisham,Milwaukee Brewers,Rookie
Walmart Exclusive,,,
WALMART PLAYER HIGHLIGHT,,,
RH-1,Rhys Hoskins,Philadelphia,Phillies
RH-2,Rhys Hoskins,Philadelphia,Phillies
RH-3,Rhys Hoskins,Philadelphia,Phillies
RH-4,Rhys Hoskins,Philadelphia,Phillies
RH-5,Rhys Hoskins,Philadelphia,Phillies
RH-6,Rhys Hoskins,Philadelphia,Phillies
RH-7,Rhys Hoskins,Philadelphia,Phillies
RH-8,Rhys Hoskins,Philadelphia,Phillies
RH-9,Rhys Hoskins,Philadelphia,Phillies
RH-10,Rhys Hoskins,Philadelphia,Phillies
RH-11,Rhys Hoskins,Philadelphia,Phillies
RH-12,Rhys Hoskins,Philadelphia,Phillies
RH-13,Rhys Hoskins,Philadelphia,Phillies
RH-14,Rhys Hoskins,Philadelphia,Phillies
RH-15,Rhys Hoskins,Philadelphia,Phillies
RH-16,Rhys Hoskins,Philadelphia,Phillies
RH-17,Rhys Hoskins,Philadelphia,Phillies
RH-18,Rhys Hoskins,Philadelphia,Phillies
RH-19,Rhys Hoskins,Philadelphia,Phillies
RH-20,Rhys Hoskins,Philadelphia,Phillies
RH-21,Rhys Hoskins,Philadelphia,Phillies
RH-22,Rhys Hoskins,Philadelphia,Phillies
RH-23,Rhys Hoskins,Philadelphia,Phillies
RH-24,Rhys Hoskins,Philadelphia,Phillies
RH-25,Rhys Hoskins,Philadelphia,Phillies
RH-26,Rhys Hoskins,Philadelphia,Phillies
RH-27,Rhys Hoskins,Philadelphia,Phillies
RH-28,Rhys Hoskins,Philadelphia,Phillies
RH-29,Rhys Hoskins,Philadelphia,Phillies
RH-30,Rhys Hoskins,Philadelphia,Phillies

Target Exclusive,,,,,
TARGET PLAYER HIGHLIGHT,,,,,
VGJ-1,Vladimir Guerrero,Jr.,Toronto,Blue,Jays
VGJ-2,Vladimir Guerrero,Jr.,Toronto,Blue,Jays
VGJ-3,Vladimir Guerrero,Jr.,Toronto,Blue,Jays
VGJ-4,Vladimir Guerrero,Jr.,Toronto,Blue,Jays
VGJ-5,Vladimir Guerrero,Jr.,Toronto,Blue,Jays
VGJ-6,Vladimir Guerrero,Jr.,Toronto,Blue,Jays
VGJ-7,Vladimir Guerrero,Jr.,Toronto,Blue,Jays
VGJ-8,Vladimir Guerrero,Jr.,Toronto,Blue,Jays
VGJ-9,Vladimir Guerrero,Jr.,Toronto,Blue,Jays
VGJ-10,Vladimir Guerrero,Jr.,Toronto,Blue,Jays
VGJ-11,Vladimir Guerrero,Jr.,Toronto,Blue,Jays
VGJ-12,Vladimir Guerrero,Jr.,Toronto,Blue,Jays
VGJ-13,Vladimir Guerrero,Jr.,Toronto,Blue,Jays
VGJ-14,Vladimir Guerrero,Jr.,Toronto,Blue,Jays
VGJ-15,Vladimir Guerrero,Jr.,Toronto,Blue,Jays
VGJ-16,Vladimir Guerrero,Jr.,Toronto,Blue,Jays
VGJ-17,Vladimir Guerrero,Jr.,Toronto,Blue,Jays
VGJ-18,Vladimir Guerrero,Jr.,Toronto,Blue,Jays
VGJ-19,Vladimir Guerrero,Jr.,Toronto,Blue,Jays
VGJ-20,Vladimir Guerrero,Jr.,Toronto,Blue,Jays
VGJ-21,Vladimir Guerrero,Jr.,Toronto,Blue,Jays
VGJ-22,Vladimir Guerrero,Jr.,Toronto,Blue,Jays
VGJ-23,Vladimir Guerrero,Jr.,Toronto,Blue,Jays
VGJ-24,Vladimir Guerrero,Jr.,Toronto,Blue,Jays
VGJ-25,Vladimir Guerrero,Jr.,Toronto,Blue,Jays
VGJ-26,Vladimir Guerrero,Jr.,Toronto,Blue,Jays
VGJ-27,Vladimir Guerrero,Jr.,Toronto,Blue,Jays
VGJ-28,Vladimir Guerrero,Jr.,Toronto,Blue,Jays
VGJ-29,Vladimir Guerrero,Jr.,Toronto,Blue,Jays
VGJ-30,Vladimir Guerrero,Jr.,Toronto,Blue,Jays
Retail Exclusive,,,,,
TURKEY RED 2020,,,,,
TR-1,Bryce Harper,Philadelphia Phillies,,,
TR-2,Ronald Acuña Jr.,Atlanta Braves,,,
TR-3,Ketel Marte,Arizona Diamondbacks,,,
TR-4,Adam Jones,Arizona Diamondbacks,,,
TR-5,Zack Greinke,Houston Astros,,,
TR-6,Freddie Freeman,Atlanta Braves,,,
TR-7,Nick Markakis,Atlanta Braves,,,
TR-8,Ozzie Albies,Atlanta Braves,,,
TR-9,Trey Mancini,Baltimore Orioles,,,
TR-10,Sean Murphy,Oakland Athletics,,,Rookie
TR-11,Dustin May,Los Angeles Dodgers,,,Rookie
TR-12,John Means,Baltimore Orioles,,,
TR-13,Mookie Betts,Boston Red Sox,,,
TR-14,J.D. Martinez,Boston Red Sox,,,
TR-15,Chris Sale,Boston Red Sox,,,
TR-16,Tim Anderson,Chicago White Sox,,,

TR-17,Yoan Moncada,Chicago White Sox,
TR-18,Eloy Jimenez,Chicago White Sox,
TR-19,Willson Contreras,Chicago Cubs,
TR-20,Javier Baez,Chicago Cubs,
TR-21,Kris Bryant,Chicago Cubs,
TR-22,Kyle Schwarber,Chicago Cubs,
TR-23,Nick Senzel,Cincinnati Reds,
TR-24,Yasiel Puig,Cleveland Indians,
TR-25,Luis Castillo,Cincinnati Reds,
TR-26,Francisco Lindor,Cleveland Indians,
TR-27,Rafael Devers,Boston Red Sox,
TR-28,Jose Ramirez,Cleveland Indians,
TR-29,Nolan Arenado,Colorado Rockies,
TR-30,Charlie Blackmon,Colorado Rockies,
TR-31,Brendan Rodgers,Colorado Rockies,
TR-32,Brendan McKay,Tampa Bay Rays,Rookie
TR-33,Matthew Boyd,Detroit Tigers,
TR-34,Miguel Cabrera,Detroit Tigers,
TR-35,Jose Altuve,Houston Astros,
TR-36,Alex Bregman,Houston Astros,
TR-37,Yordan Alvarez,Houston Astros,Rookie
TR-38,Justin Verlander,Houston Astros,
TR-39,A.J. Puk,Oakland Athletics,Rookie
TR-40,Whit Merrifield,Kansas City Royals,
TR-41,Nico Hoerner,Chicago Cubs,Rookie
TR-42,Cody Bellinger,Los Angeles Dodgers,
TR-43,Clayton Kershaw,Los Angeles Dodgers,
TR-44,Walker Buehler,Los Angeles Dodgers,
TR-45,Albert Pujols,Los Angeles Angels,
TR-46,Mike Trout,Los Angeles Angels,
TR-47,Shohei Ohtani,Los Angeles Angels,
TR-48,Brian Anderson,Miami Marlins,
TR-49,Jesus Luzardo,Oakland Athletics,Rookie
TR-50,Zac Gallen,Arizona Diamondbacks,Rookie
TR-51,Christian Yelich,Milwaukee Brewers,
TR-52,Lorenzo Cain,Milwaukee Brewers,
TR-53,Josh Hader,Milwaukee Brewers,
TR-54,Eddie Rosario,Minnesota Twins,
TR-55,Nelson Cruz,Minnesota Twins,
TR-56,Xander Bogaerts,Boston Red Sox,
TR-57,Max Kepler,Minnesota Twins,
TR-58,Gary Sanchez,New York Yankees,
TR-59,Gleyber Torres,New York Yankees,
TR-60,Aaron Judge,New York Yankees,
TR-61,Giancarlo Stanton,New York Yankees,
TR-62,Masahiro Tanaka,New York Yankees,
TR-63,Pete Alonso,New York Mets,
TR-64,Jeff McNeil,New York Mets,
TR-65,Jacob deGrom,New York Mets,
TR-66,Matt Chapman,Oakland Athletics,
TR-67,Khris Davis,Oakland Athletics,
TR-68,Matt Olson,Oakland Athletics,

TR-69,Rhys Hoskins,Philadelphia Phillies,
TR-70,Aaron Nola,Philadelphia Phillies,
TR-71,Gerrit Cole,Houston Astros,
TR-72,Josh Bell,Pittsburgh Pirates,
TR-73,Gavin Lux,Los Angeles Dodgers,Rookie
TR-74,Chris Archer,Pittsburgh Pirates,
TR-75,Manny Machado,San Diego Padres,
TR-76,Fernando Tatis Jr.,San Diego Padres,
TR-77,Buster Posey,San Francisco Giants,
TR-78,Brandon Crawford,San Francisco Giants,
TR-79,Yusei Kikuchi,Seattle Mariners,
TR-80,Keston Hiura,Milwaukee Brewers,
TR-81,Yadier Molina,St. Louis Cardinals,
TR-82,Marcell Ozuna,St. Louis Cardinals,
TR-83,Paul Goldschmidt,St. Louis Cardinals,
TR-84,Austin Meadows,Tampa Bay Rays,
TR-85,Blake Snell,Tampa Bay Rays,
TR-86,Charlie Morton,Tampa Bay Rays,
TR-87,Joey Gallo,Texas Rangers,
TR-88,Shin-Soo Choo,Texas Rangers,
TR-89,Kyle Lewis,Seattle Mariners,Rookie
TR-90,Cavan Biggio,Toronto Blue Jays,
TR-91,Vladimir Guerrero Jr.,Toronto Blue Jays,
TR-92,Marcus Stroman,New York Mets,
TR-93,Aristides Aquino,Cincinnati Reds,Rookie
TR-94,Bo Bichette,Toronto Blue Jays,Rookie
TR-95,Juan Soto,Washington Nationals,
TR-96,Max Scherzer,Washington Nationals,
TR-97,Anthony Rendon,Washington Nationals,
TR-98,Sean Doolittle,Washington Nationals,
TR-99,Gio Urshela,New York Yankees,
TR-100,George Springer,Houston Astros,
Retail Exclusive,,,
TURKEY RED 2020 CHROME VARIATION,,,
TRC-1,Bryce Harper,Philadelphia Phillies,
TRC-2,Ronald Acuña Jr.,Atlanta Braves,
TRC-3,Ketel Marte,Arizona Diamondbacks,
TRC-4,Adam Jones,Arizona Diamondbacks,
TRC-5,Zack Greinke,Houston Astros,
TRC-6,Freddie Freeman,Atlanta Braves,
TRC-7,Nick Markakis,Atlanta Braves,
TRC-8,Ozzie Albies,Atlanta Braves,
TRC-9,Trey Mancini,Baltimore Orioles,
TRC-10,Sean Murphy,Oakland Athletics,Rookie
TRC-11,Dustin May,Los Angeles Dodgers,Rookie
TRC-12,John Means,Baltimore Orioles,
TRC-13,Mookie Betts,Boston Red Sox,
TRC-14,J.D. Martinez,Boston Red Sox,
TRC-15,Chris Sale,Boston Red Sox,
TRC-16,Tim Anderson,Chicago White Sox,
TRC-17,Yoan Moncada,Chicago White Sox,

TRC-18,Eloy Jimenez,Chicago White Sox,
TRC-19,Willson Contreras,Chicago Cubs,
TRC-20,Javier Baez,Chicago Cubs,
TRC-21,Kris Bryant,Chicago Cubs,
TRC-22,Kyle Schwarber,Chicago Cubs,
TRC-23,Nick Senzel,Cincinnati Reds,
TRC-24,Yasiel Puig,Cleveland Indians,
TRC-25,Luis Castillo,Cincinnati Reds,
TRC-26,Francisco Lindor,Cleveland Indians,
TRC-27,Rafael Devers,Boston Red Sox,
TRC-28,Jose Ramirez,Cleveland Indians,
TRC-29,Nolan Arenado,Colorado Rockies,
TRC-30,Charlie Blackmon,Colorado Rockies,
TRC-31,Brendan Rodgers,Colorado Rockies,
TRC-32,Brendan McKay,Tampa Bay Rays,Rookie
TRC-33,Matthew Boyd,Detroit Tigers,
TRC-34,Miguel Cabrera,Detroit Tigers,
TRC-35,Jose Altuve,Houston Astros,
TRC-36,Alex Bregman,Houston Astros,
TRC-37,Yordan Alvarez,Houston Astros,Rookie
TRC-38,Justin Verlander,Houston Astros,
TRC-39,A.J. Puk,Oakland Athletics,Rookie
TRC-40,Whit Merrifield,Kansas City Royals,
TRC-41,Nico Hoerner,Chicago Cubs,Rookie
TRC-42,Cody Bellinger,Los Angeles Dodgers,
TRC-43,Clayton Kershaw,Los Angeles Dodgers,
TRC-44,Walker Buehler,Los Angeles Dodgers,
TRC-45,Albert Pujols,Los Angeles Angels,
TRC-46,Mike Trout,Los Angeles Angels,
TRC-47,Shohei Ohtani,Los Angeles Angels,
TRC-48,Brian Anderson,Miami Marlins,
TRC-49,Jesus Luzardo,Oakland Athletics,Rookie
TRC-50,Zac Gallen,Arizona Diamondbacks,Rookie
TRC-51,Christian Yelich,Milwaukee Brewers,
TRC-52,Lorenzo Cain,Milwaukee Brewers,
TRC-53,Josh Hader,Milwaukee Brewers,
TRC-54,Eddie Rosario,Minnesota Twins,
TRC-55,Nelson Cruz,Minnesota Twins,
TRC-56,Xander Bogaerts,Boston Red Sox,
TRC-57,Max Kepler,Minnesota Twins,
TRC-58,Gary Sanchez,New York Yankees,
TRC-59,Gleyber Torres,New York Yankees,
TRC-60,Aaron Judge,New York Yankees,
TRC-61,Giancarlo Stanton,New York Yankees,
TRC-62,Masahiro Tanaka,New York Yankees,
TRC-63,Pete Alonso,New York Mets,
TRC-64,Jeff McNeil,New York Mets,
TRC-65,Jacob deGrom,New York Mets,
TRC-66,Matt Chapman,Oakland Athletics,
TRC-67,Khris Davis,Oakland Athletics,
TRC-68,Matt Olson,Oakland Athletics,
TRC-69,Rhys Hoskins,Philadelphia Phillies,

TRC-70,Aaron Nola,Philadelphia Phillies,
TRC-71,Gerrit Cole,Houston Astros,
TRC-72,Josh Bell,Pittsburgh Pirates,
TRC-73,Gavin Lux,Los Angeles Dodgers,Rookie
TRC-74,Chris Archer,Pittsburgh Pirates,
TRC-75,Manny Machado,San Diego Padres,
TRC-76,Fernando Tatis Jr.,San Diego Padres,
TRC-77,Buster Posey,San Francisco Giants,
TRC-78,Brandon Crawford,San Francisco Giants,
TRC-79,Yusei Kikuchi,Seattle Mariners,
TRC-80,Keston Hiura,Milwaukee Brewers,
TRC-81,Yadier Molina,St. Louis Cardinals,
TRC-82,Marcell Ozuna,St. Louis Cardinals,
TRC-83,Paul Goldschmidt,St. Louis Cardinals,
TRC-84,Austin Meadows,Tampa Bay Rays,
TRC-85,Blake Snell,Tampa Bay Rays,
TRC-86,Charlie Morton,Tampa Bay Rays,
TRC-87,Joey Gallo,Texas Rangers,
TRC-88,Shin-Soo Choo,Texas Rangers,
TRC-89,Kyle Lewis,Seattle Mariners,Rookie
TRC-90,Cavan Biggio,Toronto Blue Jays,
TRC-91,Vladimir Guerrero Jr.,Toronto Blue Jays,
TRC-92,Marcus Stroman,New York Mets,
TRC-93,Aristides Aquino,Cincinnati Reds,Rookie
TRC-94,Bo Bichette,Toronto Blue Jays,Rookie
TRC-95,Juan Soto,Washington Nationals,
TRC-96,Max Scherzer,Washington Nationals,
TRC-97,Anthony Rendon,Washington Nationals,
TRC-98,Sean Doolittle,Washington Nationals,
TRC-99,Gio Urshela,New York Yankees,
TRC-100,George Springer,Houston Astros,
HOBBY JUMBO EXCLUSIVE,,,
TURKEY RED 2020 BOXTOPPER VARIATION,,,
OTR-1,Mike Trout,Los Angeles Angels,
OTR-2,Shohei Ohtani,Los Angeles Angels,
OTR-3,Ketel Marte,Arizona Diamondbacks,
OTR-4,Ronald Acuña Jr.,Atlanta Braves,
OTR-5,Freddie Freeman,Atlanta Braves,
OTR-6,Trey Mancini,Baltimore Orioles,
OTR-7,Mookie Betts,Boston Red Sox,
OTR-8,Rafael Devers,Boston Red Sox,
OTR-9,Javier Baez,Chicago Cubs,
OTR-10,Kris Bryant,Chicago Cubs,
OTR-11,Nico Hoerner,Chicago Cubs,Rookie
OTR-12,Eloy Jimenez,Chicago White Sox,
OTR-13,Aristides Aquino,Cincinnati Reds,Rookie
OTR-14,Francisco Lindor,Cleveland Indians,
OTR-15,Nolan Arenado,Colorado Rockies,
OTR-16,Miguel Cabrera,Detroit Tigers,
OTR-17,Jose Altuve,Houston Astros,
OTR-18,Alex Bregman,Houston Astros,

OTR-19,Yordan Alvarez,Houston Astros,
OTR-20,Justin Verlander,Houston Astros,
OTR-21,Whit Merrifield,Kansas City Royals,
OTR-22,Cody Bellinger,Los Angeles Dodgers,
OTR-23,Clayton Kershaw,Los Angeles Dodgers,
OTR-24,Gavin Lux,Los Angeles Dodgers,Rookie
OTR-25,Christian Yelich,Milwaukee Brewers,
OTR-26,Keston Hiura,Milwaukee Brewers,Rookie
OTR-27,Max Kepler,Minnesota Twins,
OTR-28,Pete Alonso,New York Mets,
OTR-29,Jacob deGrom,New York Mets,
OTR-30,Gleyber Torres,New York Yankees,
OTR-31,Aaron Judge,New York Yankees,
OTR-32,Giancarlo Stanton,New York Yankees,
OTR-33,Matt Chapman,Oakland Athletics,
OTR-34,Jesus Luzardo,Oakland Athletics,Rookie
OTR-35,Bryce Harper,Philadelphia Phillies,
OTR-36,Rhys Hoskins,Philadelphia Phillies,
OTR-37,Josh Bell,Pittsburgh Pirates,
OTR-38,Manny Machado,San Diego Padres,
OTR-39,Fernando Tatis Jr.,San Diego Padres,
OTR-40,Buster Posey,San Francisco Giants,
OTR-41,Kyle Lewis,Seattle Mariners,Rookie
OTR-42,Yadier Molina,St. Louis Cardinals,
OTR-43,Paul Goldschmidt,St. Louis Cardinals,
OTR-44,Brendan McKay,Tampa Bay Rays,Rookie
OTR-45,Joey Gallo,Texas Rangers,
OTR-46,Vladimir Guerrero Jr.,Toronto Blue Jays,
OTR-47,Bo Bichette,Toronto Blue Jays,Rookie
OTR-48,Juan Soto,Washington Nationals,
OTR-49,Max Scherzer,Washington Nationals,
OTR-50,Anthony Rendon,Washington Nationals,
2019 TOPPS NOW REVIEW,,,
TNR-1,Mike Trout,Los Angeles Angels,
TNR-2,Vladimir Guerrero Jr.,Toronto Blue Jays,
TNR-3,Albert Pujols,Los Angeles Angels,
TNR-4,Yordan Alvarez,Houston Astros,
TNR-5,Shohei Ohtani,Los Angeles Angels,
TNR-6,Pete Alonso,New York Mets,
TNR-7,Mariano Rivera,New York Yankees,
TNR-8,Bryce Harper,Philadelphia Phillies,
TNR-9,Pete Alonso,New York Mets,
TNR-10,Justin Verlander,Houston Astros,
HR CHALLENGE CODE CARDS,,,
HRC-1,Bryce Harper,Philadelphia Phillies,
HRC-2,Ronald Acuña Jr.,Atlanta Braves,
HRC-3,J.D. Martinez,Boston Red Sox,
HRC-4,Freddie Freeman,Atlanta Braves,
HRC-5,Mookie Betts,Boston Red Sox,

HRC-6,Nolan Arenado,Colorado Rockies
HRC-7,Javier Baez,Chicago Cubs
HRC-8,Kris Bryant,Chicago Cubs
HRC-9,Anthony Rizzo,Chicago Cubs
HRC-10,Francisco Lindor,Cleveland Indians
HRC-11,Aaron Judge,New York Yankees
HRC-12,Giancarlo Stanton,New York Yankees
HRC-13,Vladimir Guerrero Jr.,Toronto Blue Jays
HRC-14,George Springer,Houston Astros
HRC-15,Juan Soto,Washington Nationals
HRC-16,Joey Gallo,Texas Rangers
HRC-17,Paul Goldschmidt,St. Louis Cardinals
HRC-18,Manny Machado,San Diego Padres
HRC-19,Fernando Tatis Jr.,San Diego Padres
HRC-20,Josh Bell,Pittsburgh Pirates
HRC-21,Pete Alonso,New York Mets
HRC-22,Gleyber Torres,New York Yankees
HRC-23,Christian Yelich,Milwaukee Brewers
HRC-24,Mike Trout,Los Angeles Angels
HRC-25,Cody Bellinger,Los Angeles Dodgers
HRC-26,Alex Bregman,Houston Astros
HRC-27,Yordan Alvarez,Houston Astros
HRC-28,Max Kepler,Minnesota Twins
HRC-29,Max Muncy,Los Angeles Dodgers
HRC-30,Rhys Hoskins,Philadelphia Phillies
Retail TIN Exclusive,,
DECADES BEST CHROME VARIATION,,
DBC-1,Willie Mays,New York Giants
DBC-2,Ernie Banks,Chicago Cubs
DBC-3,Ernie Banks,Chicago Cubs
DBC-4,Hank Aaron,Milwaukee Braves
DBC-5,Warren Spahn,Milwaukee Braves
DBC-6,Willie Mays,New York Giants
DBC-7,Frank Robinson,Cincinnati Reds
DBC-8,Orlando Cepeda,San Francisco Giants
DBC-9,Luis Aparicio,Chicago White Sox
DBC-10,Phil Rizzuto,New York Yankees
DBC-11,Larry Doby,Cleveland Indians
DBC-12,Eddie Mathews,Milwaukee Braves
DBC-13,Duke Snider,Brooklyn Dodgers
DBC-14,Ted Williams,Boston Red Sox
DBC-15,Stan Musial,St. Louis Cardinals
DBC-16,Jackie Robinson,Brooklyn Dodgers
DBC-17,Willie Mays,New York Giants
DBC-18,Monte Irvin,New York Giants
DBC-19,Ralph Kiner,Pittsburgh Pirates
DBC-20,Hank Aaron,Milwaukee Braves
DBC-21,Pittsburgh Pirates,Pittsburgh Pirates
DBC-22,New York Yankees,New York Yankees
DBC-23,San Francisco Giants,San Francisco Giants

DBC-24,Los Angeles Dodgers,Los Angeles Dodgers
DBC-25,St. Louis Cardinals,St. Louis Cardinals
DBC-26,Minnesota Twins,Minnesota Twins
DBC-27,Baltimore Orioles,Baltimore Orioles
DBC-28,Cincinnati Reds,Cincinnati Reds
DBC-29,Detroit Tigers,Detroit Tigers
DBC-30,New York Mets,New York Mets
DBC-31,Bob Gibson,St. Louis Cardinals
DBC-32,Jim Palmer,Baltimore Orioles
DBC-33,Tom Seaver,New York Mets
DBC-34,Fergie Jenkins,Chicago Cubs
DBC-35,Catfish Hunter,Oakland Athletics
DBC-36,Steve Carlton,Philadelphia Phillies
DBC-37,Nolan Ryan,California Angels
DBC-38,Bert Blyleven,Minnesota Twins
DBC-39,Don Sutton,Los Angeles Dodgers
DBC-40,Phil Niekro,Atlanta Braves
DBC-41,Wade Boggs,Boston Red Sox
DBC-42,Don Mattingly,New York Yankees
DBC-43,Ryne Sandberg,Chicago Cubs
DBC-44,Cal Ripken Jr.,Baltimore Orioles
DBC-45,Darryl Strawberry,New York Mets
DBC-46,Eddie Murray,Baltimore Orioles
DBC-47,Dale Murphy,Atlanta Braves
DBC-48,George Brett,Kansas City Royals
DBC-49,Robin Yount,Milwaukee Brewers
DBC-50,Andre Dawson,Montreal Expos
DBC-51,Ken Griffey Jr.,Seattle Mariners
DBC-52,Frank Thomas,Chicago White Sox
DBC-53,Sammy Sosa,Chicago Cubs
DBC-54,Mark McGwire,Oakland Athletics
DBC-55,Jeff Bagwell,Houston Astros
DBC-56,Tony Gwynn,San Diego Padres
DBC-57,Roberto Alomar,Toronto Blue Jays
DBC-58,Barry Larkin,Cincinnati Reds
DBC-59,Chipper Jones,Atlanta Braves
DBC-60,Edgar Martinez,Seattle Mariners
DBC-61,Cal Ripken Jr.,Baltimore Orioles
DBC-62,Pedro Martinez,Boston Red Sox
DBC-63,Rickey Henderson,Oakland Athletics
DBC-64,Roger Clemens,Toronto Blue Jays
DBC-65,Sammy Sosa,Chicago Cubs
DBC-66,Ken Griffey Jr.,Seattle Mariners
DBC-67,Chipper Jones,Atlanta Braves
DBC-68,Jeff Bagwell,Houston Astros
DBC-69,Barry Larkin,Cincinnati Reds
DBC-70,Frank Thomas,Chicago White Sox
DBC-71,Pedro Martinez,Boston Red Sox
DBC-72,Randy Johnson,Arizona Diamondbacks
DBC-73,Andy Pettitte,New York Yankees
DBC-74,Roger Clemens,New York Yankees
DBC-75,Mike Mussina,New York Yankees

DBC-76,Mariano Rivera,New York Yankees
DBC-77,Tom Glavine,Atlanta Braves
DBC-78,John Smoltz,Atlanta Braves
DBC-79,CC Sabathia,Cleveland Indians
DBC-80,Roy Oswalt,Houston Astros
DBC-81,Boston Red Sox,Boston Red Sox
DBC-82,New York Yankees,New York Yankees
DBC-83,Chicago Cubs,Chicago Cubs
DBC-84,Houston Astros,Houston Astros
DBC-85,Los Angeles Dodgers,Los Angeles Dodgers
DBC-86,Cleveland Indians,Cleveland Indians
DBC-87,San Francisco Giants,San Francisco Giants
DBC-88,St. Louis Cardinals,St. Louis Cardinals
DBC-89,Texas Rangers,Texas Rangers
DBC-90,Kansas City Royals,Kansas City Royals
DBC-91,Miguel Cabrera,Detroit Tigers
DBC-92,Shohei Ohtani,Los Angeles Angels
DBC-93,Mike Trout,Los Angeles Angels
DBC-94,Kris Bryant,Chicago Cubs
DBC-95,Jacob DeGrom,New York Mets
DBC-96,Bryce Harper,Washington Nationals
DBC-97,Max Scherzer,Detroit Tigers
DBC-98,Felix Hernandez,Seattle Mariners
DBC-99,Mookie Betts,Boston Red Sox
DBC-100,Aaron Judge,New York Yankees
AUTOGRAPH,,
DECADES BEST AUTOGRAPH PARALLEL,,
BD70-BB,Bert Blyleven,Minnesota Twins
BD70-BG,Bob Gibson,St. Louis Cardinals
BD70-DS,Don Sutton,Los Angeles Dodgers
BD70-NR,Nolan Ryan,California Angels
BD70-PN,Phil Niekro,Atlanta Braves
BD70-SC,Steve Carlton,Philadelphia Phillies
BD80-AD,Andre Dawson,Montreal Expos
BD80-CRJ,Cal Ripken Jr.,Baltimore Orioles
BD80-DM,Don Mattingly,New York Yankees
BD80-DMU,Dale Murphy,Atlanta Braves
BD80-DS,Darryl Strawberry,New York Mets
BD80-RS,Ryne Sandberg,Chicago Cubs
BD80-RY,Robin Yount,Milwaukee Brewers
BD80-WB,Wade Boggs,Boston Red Sox
DB90-BL,Barry Larkin,Cincinnati Reds
DB90-BL1,Barry Larkin,Cincinnati Reds
DB90-CJ,Chipper Jones,Atlanta Braves
DB90-CRJ,Cal Ripken Jr.,Baltimore Orioles
DB90-EM,Edgar Martinez,Seattle Mariners
DB90-FT1,Frank Thomas,Chicago White Sox
DB90-JB,Jeff Bagwell,Houston Astros
DB90-JBA,Jeff Bagwell,Houston Astros
DB90-KGJ,Ken Griffey Jr.,Seattle Mariners

DB90-MM,Mark McGwire,Oakland Athletics
DB90-PM,Pedro Martinez,Boston Red Sox
DB90-RA,Roberto Alomar,Toronto Blue Jays
DB90-RH,Rickey Henderson,Oakland Athletics
DB90-SS,Sammy Sosa,Chicago Cubs
DB00-AP,Andy Pettitte,New York Yankees
DB00-CC,CC Sabathia,Cleveland Indians
DB00-JS,John Smoltz,Atlanta Braves
DB00-MM,Mike Mussina,New York Yankees
DB00-MR,Mariano Rivera,New York Yankees
DB00-PM,Pedro Martinez,Boston Red Sox
DB00-RC,Roger Clemens,New York Yankees
DB00-RJ,Randy Johnson,Arizona Diamondbacks
DB00-TG,Tom Glavine,Atlanta Braves
DB10-AJ,Aaron Judge,New York Yankees
DB10-JD,Jacob DeGrom,New York Mets
DB10-KB,Kris Bryant,Chicago Cubs
DB10-MC,Miguel Cabrera,Detroit Tigers
DB10-MS,Max Scherzer,Detroit Tigers
DB10-MT,Mike Trout,Los Angeles Angels
DB10-SO,Shohei Ohtani,Los Angeles Angels
TOPPS CHOICE AUTOGRAPH PARALLEL,,
TCA-AJ,Aaron Judge,New York Yankees
TCA-CK,Clayton Kershaw,Los Angeles Dodgers
TCA-CRJ,Cal Ripken Jr.,Baltimore Orioles
TCA-CY,Christian Yelich,Milwaukee Brewers
TCA-DMA,Don Mattingly,New York Yankees
TCA-FTJ,Fernando Tatis Jr.,San Diego Padres
TCA-GL,Gavin Lux,Los Angeles Dodgers
TCA-I,Ichiro,Seattle Mariners
TCA-JA,Jose Altuve,Houston Astros
TCA-KB,Kris Bryant,Chicago Cubs
TCA-KGJ,Ken Griffey Jr.,Seattle Mariners
TCA-MT,Mike Trout,Los Angeles Angels
TCA-PA,Pete Alonso,New York Mets
TCA-RAJ,Ronald Acuna Jr.,Atlanta Braves
TCA-SO,Shohei Ohtani,Los Angeles Angels
TCA-VGJ,Vladimir Guerrero Jr.,Toronto Blue Jays
TCA-YA,Yordan Alvarez,Houston Astros
DECADES NEXT AUTOGRAPH PARALLEL,,
DNA-AR,Austin Riley,Atlanta Braves
DNA-BBI,Bo Bichette,Toronto Blue Jays
DNA-BMK,Brendan McKay,Tampa Bay Rays
DNA-CP,Chris Paddack,San Diego Padres
DNA-EJ,Eloy Jimenez,Chicago White Sox
DNA-FTJ,Fernando Tatis Jr.,San Diego Padres
DNA-GL,Gavin Lux,Los Angeles Dodgers
DNA-GT,Gleyber Torres,New York Yankees
DNA-JR,Julio Urias,Los Angeles Dodgers
DNA-JS,Juan Soto,Washington Nationals

DNA-JSL,Jesus Luzardo,Oakland Athletics
DNA-KH,Keston Hiura,Milwaukee Brewers
DNA-KT,Kyle Tucker,Houston Astros
DNA-LG,Lucas Giolito,Chicago White Sox
DNA-MS,Mike Soroka,Atlanta Braves
DNA-NH,Nico Hoerner,Chicago Cubs
DNA-OAL,Ozzie Albies,Atlanta Braves
DNA-PAL,Pete Alonso,New York Mets
DNA-RAJ,Ronald Acuna Jr.,Atlanta Braves
DNA-RD,Rafael Devers,Boston Red Sox
DNA-RL,Ramon Laureano,Oakland Athletics
DNA-SOH,Shohei Ohtani,Los Angeles Angels
DNA-VGJ,Vladimir Guerrero Jr.,Toronto Blue Jays
DNA-VR,Victor Robles,Washington Nationals
DNA-YA,Yordan Alvarez,Houston Astros
DECADE OF DOMINANCE DIE CUTS AUTOGRAPH PARALLEL,,
DOD-I,Ichiro,Seattle Mariners
DOD-JB,Johnny Bench,Cincinnati Reds
DOD-KGJ,Ken Griffey Jr.,Seattle Mariners
DOD-MM,Mark McGwire,St. Louis Cardinals
DOD-MR,Mariano Rivera,New York Yankees
DOD-MT,Mike Trout,Los Angeles Angels
DOD-NR,Nolan Ryan,Texas Rangers
DOD-RC,Roger Clemens,Boston Red Sox
DOD-RH,Rickey Henderson,Oakland Athletics
DOD-RJ,Randy Johnson,Arizona Diamondbacks
Walmart Exclusive,,
WALMART PLAYER HIGHLIGHT AUTOGRAPH PARALLEL,,
RHA-1,Rhys Hoskins,Philadelphia Phillies
RHA-2,Rhys Hoskins,Philadelphia Phillies
RHA-3,Rhys Hoskins,Philadelphia Phillies
RHA-4,Rhys Hoskins,Philadelphia Phillies
RHA-5,Rhys Hoskins,Philadelphia Phillies
RHA-6,Rhys Hoskins,Philadelphia Phillies
RHA-7,Rhys Hoskins,Philadelphia Phillies
RHA-8,Rhys Hoskins,Philadelphia Phillies
RHA-9,Rhys Hoskins,Philadelphia Phillies
RHA-10,Rhys Hoskins,Philadelphia Phillies
RHA-11,Rhys Hoskins,Philadelphia Phillies
RHA-12,Rhys Hoskins,Philadelphia Phillies
RHA-13,Rhys Hoskins,Philadelphia Phillies
RHA-14,Rhys Hoskins,Philadelphia Phillies
RHA-15,Rhys Hoskins,Philadelphia Phillies
RHA-16,Rhys Hoskins,Philadelphia Phillies
RHA-17,Rhys Hoskins,Philadelphia Phillies
RHA-18,Rhys Hoskins,Philadelphia Phillies
RHA-19,Rhys Hoskins,Philadelphia Phillies
RHA-20,Rhys Hoskins,Philadelphia Phillies
RHA-21,Rhys Hoskins,Philadelphia Phillies

RHA-22,Rhys,Hoskins,Philadelphia,Phillies,
RHA-23,Rhys,Hoskins,Philadelphia,Phillies,
RHA-24,Rhys,Hoskins,Philadelphia,Phillies,
RHA-25,Rhys,Hoskins,Philadelphia,Phillies,
RHA-26,Rhys,Hoskins,Philadelphia,Phillies,
RHA-27,Rhys,Hoskins,Philadelphia,Phillies,
RHA-28,Rhys,Hoskins,Philadelphia,Phillies,
RHA-29,Rhys,Hoskins,Philadelphia,Phillies,
RHA-30,Rhys,Hoskins,Philadelphia,Phillies,
Target Exclusive,,,,,
TARGET PLAYER HIGHLIGHT AUTOGRAPH PARALLEL,,,,,
VGJA-1,Vladimir Guerrero Jr.,,Toronto Blue,Jays,
VGJA-2,Vladimir Guerrero Jr.,,Toronto Blue,Jays,
VGJA-3,Vladimir Guerrero Jr.,,Toronto Blue,Jays,
VGJA-4,Vladimir Guerrero Jr.,,Toronto Blue,Jays,
VGJA-5,Vladimir Guerrero Jr.,,Toronto Blue,Jays,
VGJA-6,Vladimir Guerrero Jr.,,Toronto Blue,Jays,
VGJA-7,Vladimir Guerrero Jr.,,Toronto Blue,Jays,
VGJA-8,Vladimir Guerrero Jr.,,Toronto Blue,Jays,
VGJA-9,Vladimir Guerrero Jr.,,Toronto Blue,Jays,
VGJA-10,Vladimir Guerrero Jr.,,Toronto Blue,Jays,
VGJA-11,Vladimir Guerrero Jr.,,Toronto Blue,Jays,
VGJA-12,Vladimir Guerrero Jr.,,Toronto Blue,Jays,
VGJA-13,Vladimir Guerrero Jr.,,Toronto Blue,Jays,
VGJA-14,Vladimir Guerrero Jr.,,Toronto Blue,Jays,
VGJA-15,Vladimir Guerrero Jr.,,Toronto Blue,Jays,
VGJA-16,Vladimir Guerrero Jr.,,Toronto Blue,Jays,
VGJA-17,Vladimir Guerrero Jr.,,Toronto Blue,Jays,
VGJA-18,Vladimir Guerrero Jr.,,Toronto Blue,Jays,
VGJA-19,Vladimir Guerrero Jr.,,Toronto Blue,Jays,
VGJA-20,Vladimir Guerrero Jr.,,Toronto Blue,Jays,
VGJA-21,Vladimir Guerrero Jr.,,Toronto Blue,Jays,
VGJA-22,Vladimir Guerrero Jr.,,Toronto Blue,Jays,
VGJA-23,Vladimir Guerrero Jr.,,Toronto Blue,Jays,
VGJA-24,Vladimir Guerrero Jr.,,Toronto Blue,Jays,
VGJA-25,Vladimir Guerrero Jr.,,Toronto Blue,Jays,
VGJA-26,Vladimir Guerrero Jr.,,Toronto Blue,Jays,
VGJA-27,Vladimir Guerrero Jr.,,Toronto Blue,Jays,
VGJA-28,Vladimir Guerrero Jr.,,Toronto Blue,Jays,
VGJA-29,Vladimir Guerrero Jr.,,Toronto Blue,Jays,
VGJA-30,Vladimir Guerrero Jr.,,Toronto Blue,Jays,
BASEBALL STARS AUTOGRAPHS,,,,,
BSA-AA,Adbert Alzolay,,Chicago Cubs,,Rookie
BSA-AAQ,Aristides Aquino,,Cincinnati Reds,,Rookie
BSA-AC,Aaron Civale,,Cleveland Indians,,Rookie
BSA-AR,Austin Riley,,Atlanta Braves,,
BSA-ARI,Anthony Rizzo,,Chicago Cubs,,
BSA-AT,Abraham Toro,,Houston Astros,,Rookie
BSA-BB,Bobby Bradley,,Cleveland Indians,,Rookie

BSA-BBU,Brock Burke,Texas Rangers,Rookie
BSA-BO,Bo Bichette,Toronto Blue Jays,Rookie
BSA-BR,Bryan Reynolds,Pittsburgh Pirates,
BSA-CD,Corey Dickerson,Philadelphia Phillies,
BSA-CF,Cecil Fielder,Detroit Tigers,
BSA-CH,Cesar Hernandez,Philadelphia Phillies,
BSA-CKE,Clayton Kershaw,Los Angeles Dodgers,
BSA-CP,Chris Paddack,San Diego Padres,
BSA-CW,Christian Walker,Arizona Diamondbacks,
BSA-DM,Dustin May,Los Angeles Dodgers,Rookie
BSA-DPD,Daniel Ponce de Leon,St. Louis Cardinals,
BSA-EE,Eduardo Escobar,Arizona Diamondbacks,
BSA-FT,Frank Thomas,Chicago White Sox,
BSA-GH,Garrett Hampson,Colorado Rockies,
BSA-GL,Gavin Lux,Los Angeles Dodgers,Rookie
BSA-GS,George Springer,Houston Astros,
BSA-GU,Gio Urshela,New York Yankees,
BSA-HR,Harold Ramirez,Miami Marlins,
BSA-ID,Isan Diaz,Miami Marlins,Rookie
BSA-JB,Jake Bauers,Cleveland Indians,
BSA-JF,Jack Flaherty,St. Louis Cardinals,
BSA-JFR,Jake Fraley,Seattle Mariners,Rookie
BSA-JJ,Josh James,Houston Astros,
BSA-JL,Jesus Luzardo,Oakland Athletics,Rookie
BSA-JY,Jordan Yamamoto,Miami Marlins,Rookie
BSA-KB,Kris Bryant,Chicago Cubs,
BSA-KGJ,Ken Griffey Jr.,Seattle Mariners,
BSA-KH,Keston Hiura,Milwaukee Brewers,
BSA-KL,Kyle Lewis,Seattle Mariners,Rookie
BSA-LA,Logan Allen,Cleveland Indians,Rookie
BSA-LAR,Luis Arraez,Minnesota Twins,
BSA-LGJ,Lourdes Gurriel Jr.,Toronto Blue Jays,
BSA-LMJ,Lance McCullers Jr.,Houston Astros,
BSA-MC,Michael Chavis,Boston Red Sox,
BSA-MO,Matt Olson,Oakland Athletics,
BSA-MS,Max Scherzer,Washington Nationals,
BSA-MT,Mike Trout,Los Angeles Angels,
BSA-NA,Nolan Arenado,Colorado Rockies,
BSA-NH,Nico Hoerner,Chicago Cubs,Rookie
BSA-NL,Nate Lowe,Tampa Bay Rays,
BSA-NLA,Aaron Nola,Philadelphia Phillies,
BSA-NSO,Nick Solak,Texas Rangers,Rookie
BSA-RF,Rollie Fingers,Oakland Athletics,
BSA-RH,Rhys Hoskins,Philadelphia Phillies,
BSA-RMC,Ryan McMahon,Colorado Rockies,
BSA-SMU,Sean Murphy,Oakland Athletics,Rookie
BSA-SO,Shohei Ohtani,Los Angeles Angels,
BSA-SSC,Shin-Soo Choo,Texas Rangers,
BSA-TA,Tim Anderson,Chicago White Sox,
BSA-TG,Trent Grisham,Milwaukee Brewers,Rookie
BSA-TM,Tino Martinez,New York Yankees,
BSA-VR,Victor Robles,Washington Nationals,

BSA-WA,Willians Astudillo,Minnesota Twins,,
BSA-WC,Willson Contreras,Chicago Cubs,,
BSA-WM,Whit Merrifield,Kansas City Royals,,
BSA-WS,Will Smith,Los Angeles Dodgers,,
BSA-YA,Yordan Alvarez,Houston Astros,,Rookie
BASEBALL STARS DUAL AUTOGRAPHS,,,,
BSDA-AJ,Chipper Jones,Atlanta Braves,,
BSDA-AJ,Ronald Acuña Jr.,Atlanta Braves,,
BSDA-AS,George Springer,Houston Astros,,
BSDA-AS,Yordan Alvarez,Houston Astros,,
BSDA-GB,Vladimir Guerrero Jr.,Toronto Blue Jays,,
BSDA-GB,Bo Bichette,Toronto Blue Jays,,
BSDA-GG,Vladimir Guerrero,Montreal Expos,,
BSDA-GG,Vladimir Guerrero Jr.,Toronto Blue Jays,,
BSDA-GT,Mike Trout,Los Angeles Angels,,
BSDA-GT,Ken Griffey Jr.,Seattle Mariners,,
BSDA-JJ,Aaron Judge,New York Yankees,,
BSDA-JJ,Reggie Jackson,New York Yankees,,
BSDA-MO,David Ortiz,Boston Red Sox,,
BSDA-MO,J.D. Martinez,Boston Red Sox,,
BSDA-MS,Pedro Martinez,Boston Red Sox,,
BSDA-MS,Chris Sale,Boston Red Sox,,
BSDA-MTJ,Fernando Tatis Jr.,San Diego Padres,,
BSDA-MTJ,Manny Machado,San Diego Padres,,
BSDA-NC,Aaron Nola,Philadelphia Phillies,,
BSDA-NC,Steve Carlton,Philadelphia Phillies,,
BSDA-SB,Ryne Sandberg,Chicago Cubs,,
BSDA-SB,Kris Bryant,Chicago Cubs,,
BSDA-SJ,Max Scherzer,Washington Nationals,,
BSDA-SJ,Randy Johnson,Arizona Diamondbacks,,
BSDA-SS,Juan Soto,Washington Nationals,,
BSDA-SS,Max Scherzer,Washington Nationals,,
BSDA-TO,Shohei Ohtani,Los Angeles Angels,,
BSDA-TO,Mike Trout,Los Angeles Angels,,
WORLD CHAMPION AUTOGRAPH CARDS,,,,
WCA-FR,Fernando Rodney,Washington,Nationals,
WCA-HK,Howie Kendrick,Washington,Nationals,
WCA-JR,Joe Ross,Washington,Nationals,
WCA-JS,Juan Soto,Washington,Nationals,
WCA-MS,Max Scherzer,Washington,Nationals,
WCA-PC,Patrick Corbin,Washington,Nationals,
WCA-SD,Sean Doolittle,Washington,Nationals,
WCA-VR,Victor Robles,Washington,Nationals,
POSTSEASON PERFORMANCE AUTOGRAPH CARDS,,,,
PPA-AJ,Aaron Judge,New York Yankees,,
PPA-BS,Blake Snell,Tampa Bay Rays,,
PPA-DS,Dansby Swanson,Atlanta Braves,,
PPA-GL,Gavin Lux,Los Angeles Dodgers,,
PPA-GS,George Springer,Houston Astros,,

PPA-GT,Gleyber Torres,New York Yankees,
PPA-JA,Jose Altuve,Houston Astros,
PPA-JF,Jack Flaherty,St. Louis Cardinals,
PPA-JP,Joc Pederson,Los Angeles Dodgers,
PPA-JS,Juan Soto,Washington Nationals,
PPA-MM,Max Muncy,Los Angeles Dodgers,
PPA-MS,Max Scherzer,Washington Nationals,
PPA-MSO,Mike Soroka,Atlanta Braves,
PPA-OA,Ozzie Albies,Atlanta Braves,
PPA-PC,Patrick Corbin,Washington Nationals,
PPA-PG,Paul Goldschmidt,St. Louis Cardinals,
PPA-RA,Ronald Acuña Jr.,Atlanta Braves,
PPA-SD,Sean Doolittle,Washington Nationals,
1985 TOPPS BASEBALL AUTOGRAPHS,,,
85A-AAQ,Aristides Aquino,Cincinnati Reds,Rookie
85A-AC,Aaron Civale,Cleveland Indians,Rookie
85A-AD,Andre Dawson,Chicago Cubs,
85A-AJ,Aaron Judge,New York Yankees,
85A-AN,Aaron Nola,Philadelphia Phillies,
85A-AP,A.J. Puk,Oakland Athletics,Rookie
85A-ARI,Austin Riley,Atlanta Braves,
85A-AT,Abraham Toro,Houston Astros,Rookie
85A-AY,Alex Young,Arizona Diamondbacks,Rookie
85A-BB,Bo Bichette,Toronto Blue Jays,Rookie
85A-BBE,Brock Burke,Texas Rangers,Rookie
85A-BHA,Bryce Harper,Philadelphia Phillies,
85A-BO,Bobby Bradley,Cleveland Indians,Rookie
85A-CB,Cavan Biggio,Toronto Blue Jays,
85A-CF,Carlton Fisk,Chicago White Sox,
85A-CK,Carter Kieboom,Washington Nationals,
85A-CKE,Clayton Kershaw,Los Angeles Dodgers,
85A-CR,Cal Ripken Jr.,Baltimore Orioles,
85A-DC,Dylan Cease,Chicago White Sox,Rookie
85A-DE,Dennis Eckersley,Oakland Athletics,
85A-DL,DJ LeMahieu,New York Yankees,
85A-DM,Don Mattingly,New York Yankees,
85A-DMA,Dustin May,Los Angeles Dodgers,Rookie
85A-DO,David Ortiz,Boston Red Sox,
85A-DPD,Dustin Pedroia,Boston Red Sox,
85A-DS,Dansby Swanson,Atlanta Braves,
85A-DST,Darryl Strawberry,New York Mets,
85A-EJ,Eloy Jimenez,Chicago White Sox,
85A-FT,Fernando Tatis Jr.,San Diego Padres,
85A-FTH,Frank Thomas,Chicago White Sox,
85A-GC,Gerrit Cole,Houston Astros,
85A-GL,Gavin Lux,Los Angeles Dodgers,Rookie
85A-HA,Hank Aaron,Atlanta Braves,
85A-HH,Hunter Harvey,Baltimore Orioles,Rookie
85A-HM,Hideki Matsui,New York Yankees,
85A-ID,Isan Diaz,Miami Marlins,Rookie

85A-JAA,Jose Altuve,Houston Astros,
85A-JBN,Johnny Bench,Cincinnati Reds,
85A-JFE,Junior Fernandez,St. Louis Cardinals,Rookie
85A-JR,Jake Rogers,Detroit Tigers,Rookie
85A-JS,Juan Soto,Washington Nationals,
85A-JSM,John Smoltz,Atlanta Braves,
85A-JV,Joey Votto,Cincinnati Reds,
85A-JVA,Jason Varitek,Boston Red Sox,
85A-JY,Jordan Yamamoto,Miami Marlins,Rookie
85A-KHI,Keston Hiura,Milwaukee Brewers,
85A-KL,Kyle Lewis,Seattle Mariners,Rookie
85A-KW,Kerry Wood,Chicago Cubs,
85A-LA,Logan Allen,Cleveland Indians,Rookie
85A-LM,Lance McCullers Jr.,Houston Astros,
85A-LW,Logan Webb,San Francisco Giants,Rookie
85A-MCL,Mike Clevinger,Cleveland Indians,
85A-MMU,Max Muncy,Los Angeles Dodgers,
85A-MR,Mariano Rivera,New York Yankees,
85A-MSO,Mike Soroka,Atlanta Braves,
85A-MT,Mike Trout,Los Angeles Angels,
85A-MU,Andres Munoz,San Diego Padres,Rookie
85A-NGA,Nomar Garciaparra,Boston Red Sox,
85A-NH,Nico Hoerner,Chicago Cubs,Rookie
85A-NR,Nolan Ryan,Houston Astros,
85A-NSO,Nick Solak,Texas Rangers,Rookie
85A-OS,Ozzie Smith,St. Louis Cardinals,
85A-PAL,Pete Alonso,New York Mets,
85A-PS,Patrick Sandoval,Los Angeles Angels,Rookie
85A-RAC,Ronald Acuña Jr.,Atlanta Braves,
85A-RAL,Roberto Alomar,Toronto Blue Jays,
85A-RCL,Roger Clemens,Boston Red Sox,
85A-RG,Robel Garcia,Chicago Cubs,Rookie
85A-SB,Seth Brown,Oakland Athletics,Rookie
85A-SH,Sam Hilliard,Colorado Rockies,Rookie
85A-SM,Sean Murphy,Oakland Athletics,Rookie
85A-SO,Shohei Ohtani,Los Angeles Angels,
85A-TA,Tim Anderson,Chicago White Sox,
85A-TD,Travis Demeritte,Detroit Tigers,Rookie
85A-TG,Tom Glavine,Atlanta Braves,
85A-VG,Vladimir Guerrero Jr.,Toronto Blue Jays,
85A-WB,Wade Boggs,Boston Red Sox,
85A-WCO,Willson Contreras,Chicago Cubs,
85A-XB,Xander Bogaerts,Boston Red Sox,
85A-YA,Yordan Alvarez,Houston Astros,Rookie
Hobby/Hobby Jumbo Only - Silver Pack Boxloader,,,
1985 TOPPS BASEBALL CHROME VARIATION AUTOGRAPH PARALLEL,,,
85C-1,Mike Trout,Los Angeles Angels,
85C-2,Shohei Ohtani,Los Angeles Angels,
85C-3,Ronald Acuña Jr.,Atlanta Braves,
85C-4,Cal Ripken Jr.,Baltimore Orioles,
85C-5,Rafael Devers,Boston Red Sox,

85C-6,Nico Hoerner,Chicago Cubs,Rookie
85C-8,Kris Bryant,Chicago Cubs,
85C-9,Ryne Sandberg,Chicago Cubs,
85C-10,Dylan Cease,Chicago White Sox,Rookie
85C-11,Frank Thomas,Chicago White Sox,
85C-13,Nolan Arenado,Colorado Rockies,
85C-14,Jose Altuve,Houston Astros,
85C-15,Nolan Ryan,Houston Astros,
85C-16,Yordan Alvarez,Houston Astros,Rookie
85C-17,Whit Merrifield,Kansas City Royals,
85C-18,Clayton Kershaw,Los Angeles Dodgers,
85C-19,Dustin May,Los Angeles Dodgers,Rookie
85C-20,Jordan Yamamoto,Miami Marlins,Rookie
85C-21,Christian Yelich,Milwaukee Brewers,
85C-22,Keston Hiura,Milwaukee Brewers,
85C-23,Max Kepler,Minnesota Twins,
85C-24,Darryl Strawberry,New York Mets,
85C-25,Jacob deGrom,New York Mets,
85C-26,Pete Alonso,New York Mets,
85C-27,Aaron Judge,New York Yankees,
85C-28,Don Mattingly,New York Yankees,
85C-29,Gleyber Torres,New York Yankees,
85C-30,Mark McGwire,Oakland Athletics,
85C-32,Manny Machado,San Diego Padres,
85C-33,Fernando Tatis Jr.,San Diego Padres,
85C-34,Sean Murphy,Oakland Athletics,Rookie
85C-35,Will Clark,San Francisco Giants,
85C-36,Ichiro,Seattle Mariners,
85C-37,Ken Griffey Jr.,Seattle Mariners,
85C-38,Paul Goldschmidt,St. Louis Cardinals,
85C-39,Kyle Lewis,Seattle Mariners,Rookie
85C-40,Brendan McKay,Tampa Bay Rays,Rookie
85C-41,Bo Bichette,Toronto Blue Jays,Rookie
85C-42,Vladimir Guerrero Jr.,Toronto Blue Jays,
85C-43,Juan Soto,Washington Nationals,
85C-44,Matt Thaiss,Los Angeles Angels,Rookie
85C-46,Aristides Aquino,Cincinnati Reds,Rookie
85C-47,Robel Garcia,Chicago Cubs,Rookie
85C-48,Gavin Lux,Los Angeles Dodgers,Rookie
85C-49,Jesus Luzardo,Oakland Athletics,Rookie
85C-50,Trent Grisham,Milwaukee Brewers,Rookie
RELIC,,,
Hobby/Hobby Jumbo Only,,,
JUMBO JERSEY SLEEVE PATCH CARDS,,,
JJSP-AA,Aristides Aquino,Cincinnati Reds,Rookie
JJSP-ABR,Alex Bregman,Houston Astros,
JJSP-AM,Adalberto Mondesi,Kansas City Royals,
JJSP-AP,Albert Pujols,Los Angeles Angels,
JJSP-ARI,Anthony Rizzo,Chicago Cubs,

JJSP-BH,Bryce Harper,Philadelphia Phillies,
JJSP-BM,Brendan McKay,Tampa Bay Rays,Rookie
JJSP-BP,Buster Posey,San Francisco Giants,
JJSP-BS,Blake Snell,Tampa Bay Rays,
JJSP-CB,Cody Bellinger,Los Angeles Dodgers,
JJSP-CK,Clayton Kershaw,Los Angeles Dodgers,
JJSP-DV,Daniel Vogelbach,Seattle Mariners,
JJSP-EA,Elvis Andrus,Texas Rangers,
JJSP-EJ,Eloy Jimenez,Chicago White Sox,
JJSP-FF,Freddie Freeman,Atlanta Braves,
JJSP-JB,Javier Baez,Chicago Cubs,
JJSP-JBE,Josh Bell,Pittsburgh Pirates,
JJSP-JD,Jacob deGrom,New York Mets,
JJSP-JG,Joey Gallo,Texas Rangers,
JJSP-JL,Jesus Luzardo,Oakland Athletics,
JJSP-JS,Juan Soto,Washington Nationals,
JJSP-JV,Justin Verlander,Houston Astros,
JJSP-JVO,Joey Votto,Cincinnati Reds,
JJSP-JY,Jordan Yamamoto,Miami Marlins,Rookie
JJSP-KB,Kris Bryant,Chicago Cubs,
JJSP-KL,Kyle Lewis,Seattle Mariners,Rookie
JJSP-KM,Ketel Marte,Arizona Diamondbacks,
JJSP-MB,Mookie Betts,Boston Red Sox,
JJSP-MC,Matt Chapman,Oakland Athletics,
JJSP-MK,Max Kepler,Minnesota Twins,
JJSP-MS,Max Scherzer,Washington Nationals,
JJSP-MT,Mike Trout,Los Angeles Angels,
JJSP-NA,Nolan Arenado,Colorado Rockies,
JJSP-OA,Ozzie Albies,Atlanta Braves,
JJSP-PA,Pete Alonso,New York Mets,
JJSP-RA,Ronald Acuña Jr.,Atlanta Braves,
JJSP-RD,Rafael Devers,Boston Red Sox,
JJSP-RH,Rhys Hoskins,Philadelphia Phillies,
JJSP-SO,Shohei Ohtani,Los Angeles Angels,
JJSP-TM,Trey Mancini,Baltimore Orioles,
JJSP-TS,Trevor Story,Colorado Rockies,
JJSP-WB,Walker Buehler,Los Angeles Dodgers,
JJSP-WM,Whit Merrifield,Kansas City Royals,
JJSP-XB,Xander Bogaerts,Boston Red Sox,
JJSP-YA,Yordan Alvarez,Houston Astros,Rookie
JJSP-ZG,Zac Gallen,Arizona Diamondbacks,Rookie
Hobby/Hobby Jumbo Only,,,
GLOBAL GAME MEDALLION CARDS,,,
GGM-AB,Alex Bregman,Houston Astros,
GGM-AC,Aroldis Chapman,New York Yankees,
GGM-AJ,Aaron Judge,New York Yankees,
GGM-AP,Albert Pujols,Los Angeles Angels,
GGM-AV,Alex Verdugo,Los Angeles Dodgers,
GGM-BH,Bryce Harper,Philadelphia Phillies,
GGM-BP,Buster Posey,San Francisco Giants,
GGM-CB,Cody Bellinger,Los Angeles Dodgers,

GGM-CC,Carlos Correa,Houston Astros
GGM-CK,Clayton Kershaw,Los Angeles Dodgers
GGM-CY,Christian Yelich,Milwaukee Brewers
GGM-DG,Didi Gregorius,New York Yankees
GGM-DO,David Ortiz,Boston Red Sox
GGM-EJ,Eloy Jimenez,Chicago White Sox
GGM-FF,Freddie Freeman,Atlanta Braves
GGM-FL,Francisco Lindor,Cleveland Indians
GGM-GS,Gary Sanchez,New York Yankees
GGM-GT,Gleyber Torres,New York Yankees
GGM-HM,Hideki Matsui,New York Yankees
GGM-I,Ichiro,Seattle Mariners
GGM-JA,Jose Altuve,Houston Astros
GGM-JB,Javier Baez,Chicago Cubs
GGM-JS,Juan Soto,Washington Nationals
GGM-JT,Jameson Taillon,Pittsburgh Pirates
GGM-JU,Julio Urias,Los Angeles Dodgers
GGM-JV,Joey Votto,Cincinnati Reds
GGM-KB,Kris Bryant,Chicago Cubs
GGM-KD,Khris Davis,Oakland Athletics
GGM-KG,Ken Griffey Jr.,Seattle Mariners
GGM-LU,Luis Urias,San Diego Padres
GGM-MA,Masahiro Tanaka,New York Yankees
GGM-MB,Mookie Betts,Boston Red Sox
GGM-MC,Miguel Cabrera,Detroit Tigers
GGM-MM,Manny Machado,San Diego Padres
GGM-MT,Mike Trout,Los Angeles Angels
GGM-OA,Ozzie Albies,Atlanta Braves
GGM-RA,Ronald Acuña Jr.,Atlanta Braves
GGM-RC,Roberto Clemente,Pittsburgh Pirates
GGM-RD,Rafael Devers,Boston Red Sox
GGM-RO,Robinson Cano,New York Mets
GGM-SO,Shohei Ohtani,Los Angeles Angels
GGM-VG,Vladimir Guerrero Jr.,Toronto Blue Jays
GGM-WC,Willson Contreras,Chicago Cubs
GGM-XB,Xander Bogaerts,Boston Red Sox
GGM-YA,Yordan Alvarez,Houston Astros
GGM-YD,Yu Darvish,Chicago Cubs
GGM-YG,Yasmani Grandal,Milwaukee Brewers
GGM-YM,Yadier Molina,St. Louis Cardinals
GGM-YO,Yoan Moncada,Chicago White Sox
GGM-YP,Yasiel Puig,Cleveland Indians
Retail Relic Box Exclusive,,
ROOKIE CARD RETROSPECTIVE RC LOGO MEDALLION CARD,,
RCR-AJ,Aaron Judge,New York Yankees
RCR-AK,Al Kaline,Detroit Tigers
RCR-AP,Albert Pujols,St. Louis Cardinals
RCR-BG,Bob Gibson,St. Louis Cardinals
RCR-BH,Bryce Harper,Washington Nationals
RCR-BJ,Bo Jackson,Kansas City Royals

RCR-BP,Buster Posey,San Francisco Giants
RCR-BR,Brooks Robinson,Baltimore Orioles
RCR-CA,Jose Canseco,Oakland Athletics
RCR-CB,Cody Bellinger,Los Angeles Dodgers
RCR-CC,Carlos Correa,Houston Astros
RCR-CJ,Chipper Jones,Atlanta Braves
RCR-CK,Clayton Kershaw,Los Angeles Dodgers
RCR-CR,Cal Ripken Jr.,Baltimore Orioles
RCR-CY,Christian Yelich,Miami Marlins
RCR-DG,Dwight Gooden,New York Mets
RCR-DM,Don Mattingly,New York Yankees
RCR-DS,Darryl Strawberry,New York Mets
RCR-DY,Dennis Eckersley,Cleveland Indians
RCR-EB,Ernie Banks,Chicago Cubs
RCR-EM,Eddie Murray,Baltimore Orioles
RCR-FA,Frank Thomas,Chicago White Sox
RCR-FR,Frank Robinson,Cincinnati Reds
RCR-FT,Fernando Tatis Jr.,San Diego Padres
RCR-HA,Hank Aaron,Milwaukee Braves
RCR-IS,Ichiro,Seattle Mariners
RCR-JA,Jose Altuve,Houston Astros
RCR-JB,Jeff Bagwell,Houston Astros
RCR-JS,John Smoltz,Atlanta Braves
RCR-KB,Kris Bryant,Chicago Cubs
RCR-KG,Ken Griffey Jr.,Seattle Mariners
RCR-MC,Miguel Cabrera,Florida Marlins
RCR-MS,Giancarlo Stanton,Florida Marlins
RCR-MT,Mike Trout,Los Angeles Angels
RCR-OS,Ozzie Smith,San Diego Padres
RCR-PA,Pete Alonso,New York Mets
RCR-RC,Roger Clemens,Boston Red Sox
RCR-RH,Rickey Henderson,Oakland Athletics
RCR-RJ,Reggie Jackson,Oakland Athletics
RCR-RO,Roberto Clemente,Pittsburgh Pirates
RCR-RS,Ryne Sandberg,Chicago Cubs
RCR-RY,Rhys Hoskins,Philadelphia Phillies
RCR-SA,Sandy Alomar Jr.,San Diego Padres
RCR-SK,Sandy Koufax,Brooklyn Dodgers
RCR-SO,Shohei Ohtani,Los Angeles Angels
RCR-SS,Sammy Sosa,Chicago White Sox
RCR-ST,Stephen Strasburg,Washington Nationals
RCR-TG,Tony Gwynn,San Diego Padres
RCR-TR,Tim Raines,Montreal Expos
RCR-VG,Vladimir Guerrero Jr.,Toronto Blue Jays
MAJOR LEAGUE MATERIAL CARDS,,
MLM-AB,Andrew Benintendi,Boston Red Sox
MLM-AJ,Aaron Judge,New York Yankees
MLM-AM,Austin Meadows,Tampa Bay Rays
MLM-AR,Anthony Rizzo,Chicago Cubs
MLM-ARI,Austin Riley,Atlanta Braves
MLM-ARO,Amed Rosario,New York Mets

MLM-BB,Byron Buxton,Minnesota Twins
MLM-BP,Buster Posey,San Francisco Giants
MLM-BS,Blake Snell,Tampa Bay Rays
MLM-CB,Charlie Blackmon,Colorado Rockies
MLM-CBE,Cody Bellinger,Los Angeles Dodgers
MLM-CS,Corey Seager,Los Angeles Dodgers
MLM-CSA,Carlos Santana,Cleveland Indians
MLM-DD,David Dahl,Colorado Rockies
MLM-DG,Didi Gregorius,New York Yankees
MLM-DS,Dansby Swanson,Atlanta Braves
MLM-DV,Daniel Vogelbach,Seattle Mariners
MLM-ET,Eric Thames,Milwaukee Brewers
MLM-FF,Freddie Freeman,Atlanta Braves
MLM-FL,Francisco Lindor,Cleveland Indians
MLM-GS,George Springer,Houston Astros
MLM-GSA,Gary Sanchez,New York Yankees
MLM-JA,Jose Altuve,Houston Astros
MLM-JB,Jose Berrios,Minnesota Twins
MLM-JG,Joey Gallo,Texas Rangers
MLM-JH,Josh Hader,Milwaukee Brewers
MLM-JR,J.T. Realmuto,Philadelphia Phillies
MLM-LC,Lorenzo Cain,Milwaukee Brewers
MLM-LG,Lourdes Gurriel Jr.,Toronto Blue Jays
MLM-LV,Luke Voit,New York Yankees
MLM-MB,Matthew Boyd,Detroit Tigers
MLM-MCO,Michael Conforto,New York Mets
MLM-MSA,Miguel Sano,Minnesota Twins
MLM-MT,Mike Trout,Los Angeles Angels
MLM-NS,Nick Senzel,Cincinnati Reds
MLM-NSY,Noah Syndergaard,New York Mets
MLM-OA,Ozzie Albies,Atlanta Braves
MLM-PA,Pete Alonso,New York Mets
MLM-PD,Paul DeJong,St. Louis Cardinals
MLM-SG,Sonny Gray,Cincinnati Reds
MLM-SS,Stephen Strasburg,Washington Nationals
MLM-TA,Tim Anderson,Chicago White Sox
MLM-TM,Trey Mancini,Baltimore Orioles
MLM-TS,Trevor Story,Colorado Rockies
MLM-TT,Trea Turner,Washington Nationals
MLM-WB,Walker Buehler,Los Angeles Dodgers
MLM-WC,Willson Contreras,Chicago Cubs
MLM-WM,Whit Merrifield,Kansas City Royals
MLM-XB,Xander Bogaerts,Boston Red Sox
MLM-YM,Yoan Moncada,Chicago White Sox
1985 TOPPS BASEBALL RELICS,,
85R-AB,Alex Bregman,Houston Astros
85R-AJ,Aaron Judge,New York Yankees
85R-AP,Albert Pujols,Los Angeles Angels
85R-BH,Bryce Harper,Philadelphia Phillies
85R-BL,Barry Larkin,Cincinnati Reds
85R-BP,Buster Posey,San Francisco Giants

85R-CB,Charlie Blackmon,Colorado Rockies,
85R-CBE,Cody Bellinger,Los Angeles Dodgers,
85R-CR,Cal Ripken Jr.,Baltimore Orioles,
85R-DM,Don Mattingly,New York Yankees,
85R-EM,Eddie Murray,Baltimore Orioles,
85R-FF,Freddie Freeman,Atlanta Braves,
85R-FL,Francisco Lindor,Cleveland Indians,
85R-FT,Fernando Tatis Jr.,San Diego Padres,
85R-FTH,Frank Thomas,Chicago White Sox,
85R-GB,George Brett,Kansas City Royals,
85R-GS,George Springer,Houston Astros,
85R-GT,Gleyber Torres,New York Yankees,
85R-HR,Hyun-Jin Ryu,Los Angeles Dodgers,
85R-JBZ,Javier Baez,Chicago Cubs,
85R-JS,Juan Soto,Washington Nationals,
85R-KB,Kris Bryant,Chicago Cubs,
85R-KG,Ken Griffey Jr.,Seattle Mariners,
85R-KH,Keston Hiura,Milwaukee Brewers,
85R-MB,Mookie Betts,Boston Red Sox,
85R-MC,Miguel Cabrera,Detroit Tigers,
85R-MK,Max Kepler,Minnesota Twins,
85R-MM,Manny Machado,San Diego Padres,
85R-MMG,Mark McGwire,Oakland Athletics,
85R-MS,Max Scherzer,Washington Nationals,
85R-MT,Mike Trout,Los Angeles Angels,
85R-NA,Nolan Arenado,Colorado Rockies,
85R-NR,Nolan Ryan,Houston Astros,
85R-OS,Ozzie Smith,St. Louis Cardinals,
85R-PA,Pete Alonso,New York Mets,
85R-PG,Paul Goldschmidt,St. Louis Cardinals,
85R-RA,Ronald Acuña Jr.,Atlanta Braves,
85R-RC,Roger Clemens,Boston Red Sox,
85R-RD,Rafael Devers,Boston Red Sox,
85R-RH,Rickey Henderson,Oakland Athletics,
85R-RHO,Rhys Hoskins,Philadelphia Phillies,
85R-RJ,Reggie Jackson,California Los Angeles Angels,
85R-RS,Ryne Sandberg,Chicago Cubs,
85R-RY,Robin Yount,Milwaukee Brewers,
85R-TG,Tony Gwynn,San Diego Padres,
85R-VG,Vladimir Guerrero Jr.,Toronto Blue Jays,
85R-WB,Wade Boggs,Boston Red Sox,
85R-WC,Will Clark,San Francisco Giants,
85R-WM,Whit Merrifield,Kansas City Royals,
85R-XB,Xander Bogaerts,Boston Red Sox,
WORLD CHAMPION RELIC CARDS,,,
WCR-AC,Asdrubal Cabrera,Washington,Nationals
WCR-AR,Anthony Rendon,Washington,Nationals
WCR-AS,Anibal Sanchez,Washington,Nationals
WCR-BD,Brian Dozier,Washington,Nationals
WCR-JS,Juan Soto,Washington,Nationals
WCR-KS,Kurt Suzuki,Washington,Nationals

WCR-MS,Max Scherzer,Washington,Nationals
WCR-MT,Michael Taylor,Washington,Nationals
WCR-PC,Patrick Corbin,Washington,Nationals
WCR-RZ,Ryan Zimmerman,Washington,Nationals
WCR-SD,Sean Doolittle,Washington,Nationals
WCR-SS,Stephen Strasburg,Washington,Nationals
WCR-TT,Trea Turner,Washington,Nationals
WCR-VR,Victor Robles,Washington,Nationals
WCR-YG,Yan Gomes,Washington,Nationals
POSTSEASON PERFORMANCE RELIC CARDS,,,
PPR-AB,Alex Bregman,Houston Astros,
PPR-AJ,Aaron Judge,New York Yankees,
PPR-AR,Anthony Rendon,Washington Nationals,
PPR-CB,Cody Bellinger,Los Angeles Dodgers,
PPR-CC,Carlos Correa,Houston Astros,
PPR-DS,Dansby Swanson,Atlanta Braves,
PPR-FF,Freddie Freeman,Atlanta Braves,
PPR-GC,Gerrit Cole,Houston Astros,
PPR-GS,Giancarlo Stanton,New York Yankees,
PPR-GSP,George Springer,Houston Astros,
PPR-JA,Jose Altuve,Houston Astros,
PPR-JF,Jack Flaherty,St. Louis Cardinals,
PPR-JP,Joc Pederson,Los Angeles Dodgers,
PPR-JS,Juan Soto,Washington Nationals,
PPR-JV,Justin Verlander,Houston Astros,
PPR-MS,Max Scherzer,Washington Nationals,
PPR-MSO,Mike Soroka,Atlanta Braves,
PPR-OA,Ozzie Albies,Atlanta Braves,
PPR-PC,Patrick Corbin,Washington Nationals,
PPR-PG,Paul Goldschmidt,St. Louis Cardinals,
PPR-RA,Ronald Acuña Jr.,Atlanta Braves,
PPR-RZ,Ryan Zimmerman,Washington Nationals,
PPR-SD,Sean Doolittle,Washington Nationals,
PPR-SS,Stephen Strasburg,Washington Nationals,
PPR-TG,Tyler Glasnow,Tampa Bay Rays,
PPR-TT,Trea Turner,Washington Nationals,
PPR-WB,Walker Buehler,Los Angeles Dodgers,
PPR-YM,Yadier Molina,St. Louis Cardinals,
Hobby/Hobby Jumbo Only,,,
IN THE NAME RELIC CARDS,,,
ITN-AB,Alex Bregman,Houston Astros,
ITN-AC,Aroldis Chapman,New York Yankees,
ITN-AM,Austin Meadows,Tampa Bay Rays,
ITN-CB,Charlie Blackmon,Colorado Rockies,
ITN-CBE,Cody Bellinger,Los Angeles Dodgers,
ITN-CK,Clayton Kershaw,Los Angeles Dodgers,
ITN-CM,Charlie Morton,Tampa Bay Rays,
ITN-CS,Carlos Santana,Cleveland Indians,
ITN-CY,Christian Yelich,Milwaukee Brewers,
ITN-DD,David Dahl,Colorado Rockies,

ITN-DL,DJ LeMahieu,New York Yankees
ITN-DV,Daniel Vogelbach,Seattle Mariners
ITN-FF,Freddie Freeman,Atlanta Braves
ITN-FL,Francisco Lindor,Cleveland Indians
ITN-GC,Gerrit Cole,Houston Astros
ITN-GS,George Springer,Houston Astros
ITN-GSA,Gary Sanchez,New York Yankees
ITN-GT,Gleyber Torres,New York Yankees
ITN-HP,Hunter Pence,Texas Rangers
ITN-HR,Hyun-Jin Ryu,Los Angeles Dodgers
ITN-JA,Jose Abreu,Chicago White Sox
ITN-JBE,Josh Bell,Pittsburgh Pirates
ITN-JBZ,Javier Baez,Chicago Cubs
ITN-JD,Jacob deGrom,New York Mets
ITN-JG,Joey Gallo,Texas Rangers
ITN-JH,Josh Hader,Milwaukee Brewers
ITN-JM,James McCann,Chicago White Sox
ITN-JMA,J.D. Martinez,Boston Red Sox
ITN-JMC,Jeff McNeil,New York Mets
ITN-JME,John Means,Baltimore Orioles
ITN-JO,Jake Odorizzi,Minnesota Twins
ITN-JP,Jorge Polanco,Minnesota Twins
ITN-JR,J.T. Realmuto,Philadelphia Phillies
ITN-JV,Justin Verlander,Houston Astros
ITN-KB,Kris Bryant,Chicago Cubs
ITN-KM,Ketel Marte,Arizona Diamondbacks
ITN-KY,Kirby Yates,San Diego Padres
ITN-LG,Lucas Giolito,Chicago White Sox
ITN-LH,Liam Hendriks,Oakland Athletics
ITN-MB,Mookie Betts,Boston Red Sox
ITN-MBR,Michael Brantley,Houston Astros
ITN-MC,Matt Chapman,Oakland Athletics
ITN-MM,Mike Minor,Texas Rangers
ITN-MMO,Mike Moustakas,Milwaukee Brewers
ITN-MMU,Max Muncy,Los Angeles Dodgers
ITN-MS,Mike Soroka,Atlanta Braves
ITN-MSC,Max Scherzer,Washington Nationals
ITN-MT,Masahiro Tanaka,New York Yankees
ITN-MTR,Mike Trout,Los Angeles Angels
ITN-PA,Pete Alonso,New York Mets
ITN-PD,Paul DeJong,St. Louis Cardinals
ITN-RA,Ronald Acuña Jr.,Atlanta Braves
ITN-SA,Sandy Alcantara,Miami Marlins
ITN-SGR,Sonny Gray,Cincinnati Reds
ITN-TS,Trevor Story,Colorado Rockies
ITN-WB,Walker Buehler,Los Angeles Dodgers
ITN-WC,Willson Contreras,Chicago Cubs
ITN-WM,Whit Merrifield,Kansas City Royals
ITN-WS,Will Smith,San Francisco Giants
ITN-YG,Yasmani Grandal,Milwaukee Brewers
CUT SIGNATURES,,

CS-BD,Bill Dickey,New York Yankees
CS-BF,Bob Feller,Cleveland Indians
CS-BG,Burleigh Grimes,Brooklyn Dodgers
CS-BH,Billy Herman,Chicago Cubs
CS-CG,Charlie Gehringer,Detroit Tigers
CS-CM,Connie Mack,Philadelphia Athletics
CS-CS,Casey Stengel,New York Yankees
CS-CY,Cy Young,Boston Red Sox
CS-DD,Don Drysdale,Los Angeles Dodgers
CS-DDE,Dizzy Dean,St. Louis Cardinals
CS-DL,Don Larsen,New York Yankees
CS-DS,Duke Snider,Brooklyn Dodgers
CS-EB,Ernie Banks,Chicago Cubs
CS-EM,Eddie Mathews,Milwaukee Braves
CS-FF,Frankie Frisch,St. Louis Cardinals
CS-GH,Gil Hodges,Brooklyn Dodgers
CS-GK,George Kell,Detroit Tigers
CS-GKP,"George ""High pockets"" Kelly",New York Giants
CS-HG,Hank Greenberg,Detroit Tigers
CS-HW,Hoyt Wilhelm,Chicago White Sox
CS-JD,Joe DiMaggio,New York Yankees
CS-JH,"Jim ""Catfish"" Hunter",Oakland Athletics
CS-JR,Jackie Robinson,Brooklyn Dodgers
CS-LD,Larry Doby,Cleveland Indians
CS-LG,Lefty Grove,Philadelphia Athletics
CS-MI,Monte Irvin,New York Giants
CS-NF,Nellie Fox,Chicago White Sox
CS-PR,Phil Rizzuto,New York Yankees
CS-PRE,Pee Wee Reese,Brooklyn Dodgers
CS-RC,Roberto Clemente,Pittsburgh Pirates
CS-RK,Ralph Kiner,Pittsburgh Pirates
CS-RM,Roger Maris,New York Yankees
CS-SC,Stan Coveleski,Cleveland Indians
CS-SM,Stan Musial,St. Louis Cardinals
CS-SP,Satchel Paige,Cleveland Indians
CS-TC,Ty Cobb,Detroit Tigers
CS-TG,Tony Gwynn,San Diego Padres
CS-TW,Ted Williams,Boston Red Sox
CS-WH,Waite Hoyt,New York Yankees
CS-WS,Warren Spahn,Milwaukee Braves
AUTOGRAPH RELIC,,
Hobby/Hobby Jumbo Only,,
GLOBAL GAME MEDALLION CARDS AUTOGRAPH PARALLEL,,
GGMA-AJ,Aaron Judge,New York Yankees
GGMA-AV,Alex Verdugo,Los Angeles Dodgers
GGMA-CK,Clayton Kershaw,Los Angeles Dodgers
GGMA-CY,Christian Yelich,Milwaukee Brewers
GGMA-DG,Didi Gregorius,New York Yankees

GGMA-EJ,Eloy Jimenez,Chicago White Sox,
GGMA-GS,Gary Sanchez,New York Yankees,
GGMA-GT,Gleyber Torres,New York Yankees,
GGMA-HM,Hideki Matsui,New York Yankees,
GGMA-I,Ichiro,Seattle Mariners,
GGMA-JA,Jose Altuve,Houston Astros,
GGMA-JS,Juan Soto,Washington Nationals,
GGMA-JU,Julio Urias,Los Angeles Dodgers,
GGMA-JV,Joey Votto,Cincinnati Reds,
GGMA-KB,Kris Bryant,Chicago Cubs,
GGMA-KG,Ken Griffey Jr.,Seattle Mariners,
GGMA-LU,Luis Urias,San Diego Padres,
GGMA-MC,Miguel Cabrera,Detroit Tigers,
GGMA-MM,Manny Machado,San Diego Padres,
GGMA-MT,Mike Trout,Los Angeles Angels,
GGMA-OA,Ozzie Albies,Atlanta Braves,
GGMA-RA,Ronald Acuña Jr.,Atlanta Braves,
GGMA-RD,Rafael Devers,Boston Red Sox,
GGMA-SO,Shohei Ohtani,Los Angeles Angels,
GGMA-VG,Vladimir Guerrero Jr.,Toronto Blue Jays,
GGMA-WC,Willson Contreras,Chicago Cubs,
GGMA-XB,Xander Bogaerts,Boston Red Sox,
GGMA-YA,Yordan Alvarez,Houston Astros,Rookie
GGMA-YG,Yasmani Grandal,Milwaukee Brewers,
Hobby/Hobby Jumbo Only,,,
JUMBO JERSEY SLEEVE PATCH CARDS AUTOGRAPH PARALLEL,,,
JJSA-AA,Aristides Aquino,Cincinnati Reds,Rookie
JJSA-AR,Anthony Rizzo,Chicago Cubs,
JJSA-BM,Brendan McKay,Tampa Bay Rays,Rookie
JJSA-BS,Blake Snell,Tampa Bay Rays,
JJSA-DV,Daniel Vogelbach,Seattle Mariners,
JJSA-JL,Jesus Luzardo,Oakland Athletics,Rookie
JJSA-JS,Juan Soto,Washington Nationals,
JJSA-JVO,Joey Votto,Cincinnati Reds,
JJSA-JY,Jordan Yamamoto,Miami Marlins,Rookie
JJSA-Jd,Jacob deGrom,New York Mets,
JJSA-KL,Kyle Lewis,Seattle Mariners,Rookie
JJSA-KM,Ketel Marte,Arizona Diamondbacks,
JJSA-MC,Matt Chapman,Oakland Athletics,
JJSA-MK,Max Kepler,Minnesota Twins,
JJSA-MS,Max Scherzer,Washington Nationals,
JJSA-MT,Mike Trout,Los Angeles Angels,
JJSA-NA,Nolan Arenado,Colorado Rockies,
JJSA-OA,Ozzie Albies,Atlanta Braves,
JJSA-PA,Pete Alonso,New York Mets,
JJSA-RA,Ronald Acuña Jr.,Atlanta Braves,
JJSA-RD,Rafael Devers,Boston Red Sox,
JJSA-RH,Rhys Hoskins,Philadelphia Phillies,
JJSA-TM,Trey Mancini,Baltimore Orioles,
JJSA-WM,Whit Merrifield,Kansas City Royals,
JJSA-YA,Yordan Alvarez,Houston Astros,Rookie

Retail Relic Box Only,,,
ROOKIE CARD RETROSPECTIVE RC LOGO MEDALLION CARD AUTOGRAPH PARALLEL,,,
RRMA-AK,Al Kaline,Detroit Tigers,
RRMA-BG,Bob Gibson,St. Louis Cardinals,
RRMA-BJ,Bo Jackson,Kansas City Royals,
RRMA-BP,Buster Posey,San Francisco Giants,
RRMA-CJ,Chipper Jones,Atlanta Braves,
RRMA-CK,Clayton Kershaw,Los Angeles Dodgers,
RRMA-CR,Cal Ripken Jr.,Baltimore Orioles,
RRMA-DE,Dennis Eckersley,Cleveland Indians,
RRMA-DG,Dwight Gooden,New York Mets,
RRMA-DM,Don Mattingly,New York Yankees,
RRMA-DS,Darryl Strawberry,New York Mets,
RRMA-FR,Frank Robinson,Cincinnati Reds,
RRMA-FT,Fernando Tatis Jr.,San Diego Padres,
RRMA-FTH,Frank Thomas,Chicago White Sox,
RRMA-IS,Ichiro Suzuki,Seattle Mariners,
RRMA-JA,Jose Altuve,Houston Astros,
RRMA-JB,Jeff Bagwell,Houston Astros,
RRMA-JC,Jose Canseco,Oakland Athletics,
RRMA-JS,John Smoltz,Atlanta Braves,
RRMA-KG,Ken Griffey Jr.,Seattle Mariners,
RRMA-MC,Miguel Cabrera,Florida Marlins,
RRMA-MT,Mike Trout,Los Angeles Angels,
RRMA-OS,Ozzie Smith,San Diego Padres,
RRMA-PA,Pete Alonso,New York Mets,
RRMA-RH,Rhys Hoskins,Philadelphia Phillies,
RRMA-RHE,Rickey Henderson,Oakland Athletics,
RRMA-RJ,Reggie Jackson,Oakland Athletics,
RRMA-RS,Ryne Sandberg,Chicago Cubs,
RRMA-TR,Tim Raines,Montreal Expos,
RRMA-VG,Vladimir Guerrero Jr.,Toronto Blue Jays,
Hobby/Hobby Jumbo Only,,,
TOPPS REVERENCE AUTOGRAPH PATCH CARDS,,,
TRAP-AB,Andrew Benintendi,Boston Red Sox,
TRAP-AJ,Aaron Judge,New York Yankees,
TRAP-AN,Aaron Nola,Philadelphia Phillies,
TRAP-AP,Andy Pettitte,New York Yankees,
TRAP-ARI,Austin Riley,Atlanta Braves,
TRAP-BB,Bo Bichette,Toronto Blue Jays,Rookie
TRAP-BH,Bryce Harper,Philadelphia Phillies,
TRAP-BL,Brandon Lowe,Tampa Bay Rays,
TRAP-BR,Brendan Rodgers,Colorado Rockies,
TRAP-CJ,Chipper Jones,Atlanta Braves,
TRAP-CKS,Clayton Kershaw,Los Angeles Dodgers,
TRAP-CS,CC Sabathia,New York Yankees,
TRAP-DO,David Ortiz,Boston Red Sox,
TRAP-DP,Dustin Pedroia,Boston Red Sox,
TRAP-DS,Dansby Swanson,Atlanta Braves,

TRAP-FT,Fernando Tatis Jr.,San Diego Padres,
TRAP-GC,Gerrit Cole,Houston Astros,
TRAP-JAL,Jose Altuve,Houston Astros,
TRAP-JR,Jose Ramirez,Cleveland Indians,
TRAP-JS,John Smoltz,Atlanta Braves,
TRAP-JSO,Juan Soto,Washington Nationals,
TRAP-JV,Joey Votto,Cincinnati Reds,
TRAP-KH,Keston Hiura,Milwaukee Brewers,
TRAP-KW,Kerry Wood,Chicago Cubs,
TRAP-LG,Lourdes Gurriel Jr.,Toronto Blue Jays,
TRAP-LS,Luis Severino,New York Yankees,
TRAP-MTR,Mike Trout,Los Angeles Angels,
TRAP-NA,Nolan Arenado,Colorado Rockies,
TRAP-NSE,Nick Senzel,Cincinnati Reds,
TRAP-PA,Pete Alonso,New York Mets,
TRAP-RA,Roberto Alomar,Baltimore Orioles,
TRAP-RH,Rickey Henderson,New York Mets,
TRAP-TG,Tom Glavine,New York Mets,
TRAP-VG,Vladimir Guerrero Jr.,Toronto Blue Jays,
TRAP-WB,Wade Boggs,Tampa Bay Devil RaysTM,
TRAP-WC,Willson Contreras,Chicago Cubs,
TRAP-WM,Whit Merrifield,Kansas City Royals,
TRAP-XB,Xander Bogaerts,Boston Red Sox,
TRAP-YA,Yordan Alvarez,Houston Astros,Rookie
MAJOR LEAGUE MATERIAL AUTOGRAPH CARDS,,,
MLMA-AJ,Aaron Judge,New York Yankees,
MLMA-AN,Aaron Nola,Philadelphia Phillies,
MLMA-AR,Austin Riley,Atlanta Braves,
MLMA-BL,Brandon Lowe,Tampa Bay Rays,
MLMA-BM,Brendan McKay,Tampa Bay Rays,Rookie
MLMA-BR,Brendan Rodgers,Colorado Rockies,
MLMA-CCS,CC Sabathia,New York Yankees,
MLMA-CP,Chris Paddack,San Diego Padres,
MLMA-CY,Christian Yelich,Milwaukee Brewers,
MLMA-FR,Franmil Reyes,San Diego Padres,
MLMA-FTJ,Fernando Tatis Jr.,San Diego Padres,
MLMA-GT,Gleyber Torres,New York Yankees,
MLMA-GU,Gio Urshela,New York Yankees,
MLMA-JA,Jose Altuve,Houston Astros,
MLMA-JB,Jose Berrios,Minnesota Twins,
MLMA-JDM,J.D. Martinez,Boston Red Sox,
MLMA-JF,Jack Flaherty,St. Louis Cardinals,
MLMA-JS,Juan Soto,Washington Nationals,
MLMA-JSH,Justus Sheffield,Seattle Mariners,
MLMA-KB,Kris Bryant,Chicago Cubs,
MLMA-KGJ,Ken Griffey Jr.,Seattle Mariners,
MLMA-KH,Keston Hiura,Milwaukee Brewers,
MLMA-KS,Kyle Schwarber,Chicago Cubs,
MLMA-LGJ,Lourdes Gurriel Jr.,Toronto Blue Jays,
MLMA-LV,Luke Voit,New York Yankees,
MLMA-MCH,Matt Chapman,Oakland Athletics,

MLMA-MCL,Mike Clevinger,Cleveland Indians,,
MLMA-MK,Max Kepler,Minnesota Twins,,
MLMA-MS,Max Scherzer,Washington Nationals,,
MLMA-MSO,Mike Soroka,Atlanta Braves,,
MLMA-MT,Mike Trout,Los Angeles Angels,,
MLMA-NA,Nolan Arenado,Colorado Rockies,,
MLMA-PA,Pete Alonso,New York Mets,,
MLMA-RAJ,Ronald Acuña Jr.,Atlanta Braves,,
MLMA-RH,Rhys Hoskins,Philadelphia Phillies,,
MLMA-VGJ,Vladimir Guerrero Jr.,Toronto Blue Jays,,
MLMA-VR,Victor Robles,Washington Nationals,,
MLMA-WA,Willians Astudillo,Minnesota Twins,,
MLMA-YA,Yordan Alvarez,Houston Astros,,Rookie
WORLD CHAMPION AUTOGRAPH RELIC CARDS,,,,
WCAR-JS,Juan Soto,Washington,Nationals,
WCAR-KS,Kurt Suzuki,Washington,Nationals,
WCAR-MS,Max Scherzer,Washington,Nationals,
WCAR-PC,Patrick Corbin,Washington,Nationals,
WCAR-RZ,Ryan Zimmerman,Washington,Nationals,
WCAR-SD,Sean Doolittle,Washington,Nationals,
WCAR-VR,Victor Robles,Washington,Nationals,
WCAR-YG,Yan Gomes,Washington,Nationals,
POSTSEASON PERFORMANCE AUTOGRAPH RELIC CARDS,,,,
PPAR-AJ,Aaron Judge,New York Yankees,,
PPAR-BS,Blake Snell,Tampa Bay Rays,,
PPAR-CK,Clayton Kershaw,Los Angeles Dodgers,,
PPAR-DS,Dansby Swanson,Atlanta Braves,,
PPAR-GC,Gerrit Cole,Houston Astros,,
PPAR-GS,George Springer,Houston Astros,,
PPAR-JA,Jose Altuve,Houston Astros,,
PPAR-JF,Jack Flaherty,St. Louis Cardinals,,
PPAR-JP,Joc Pederson,Los Angeles Dodgers,,
PPAR-JS,Juan Soto,Washington Nationals,,
PPAR-MM,Max Muncy,Los Angeles Dodgers,,
PPAR-MS,Max Scherzer,Washington Nationals,,
PPAR-MSO,Mike Soroka,Atlanta Braves,,
PPAR-OA,Ozzie Albies,Atlanta Braves,,
PPAR-PC,Patrick Corbin,Washington Nationals,,
PPAR-PG,Paul Goldschmidt,St. Louis Cardinals,,
PPAR-RA,Ronald Acuña Jr.,Atlanta Braves,,
PPAR-SD,Sean Doolittle,Washington Nationals,,

eries Highlights

eries Highlights

eries Highlights

eries Highlights

PARALLEL
